sample_id,cell_type,prop,subset_run
2107UNHS-0291_Br2720_Mid_Bulk,Astro,0.030987755832782862,148
2107UNHS-0291_Br2720_Mid_Bulk,EndoMural,0.08080509882382106,148
2107UNHS-0291_Br2720_Mid_Bulk,Micro,0.028483652175418914,148
2107UNHS-0291_Br2720_Mid_Bulk,Oligo,0.2187213463761956,148
2107UNHS-0291_Br2720_Mid_Bulk,OPC,0.0416726075519908,148
2107UNHS-0291_Br2720_Mid_Bulk,Excit,0.43022588387271893,148
2107UNHS-0291_Br2720_Mid_Bulk,Inhib,0.16910365536707184,148
2107UNHS-0291_Br2720_Mid_Cyto,Astro,0.03542883875643926,148
2107UNHS-0291_Br2720_Mid_Cyto,EndoMural,0.07664667672359936,148
2107UNHS-0291_Br2720_Mid_Cyto,Micro,0.03562581171629743,148
2107UNHS-0291_Br2720_Mid_Cyto,Oligo,0.17735912217730948,148
2107UNHS-0291_Br2720_Mid_Cyto,OPC,0.03787420921488574,148
2107UNHS-0291_Br2720_Mid_Cyto,Excit,0.4772751483569613,148
2107UNHS-0291_Br2720_Mid_Cyto,Inhib,0.15979019305450737,148
2107UNHS-0291_Br2720_Mid_Nuc,Astro,0.03773878286062908,148
2107UNHS-0291_Br2720_Mid_Nuc,EndoMural,0.11305982172182663,148
2107UNHS-0291_Br2720_Mid_Nuc,Micro,0.029585267796204618,148
2107UNHS-0291_Br2720_Mid_Nuc,Oligo,0.14458648125828907,148
2107UNHS-0291_Br2720_Mid_Nuc,OPC,0.044647561039667674,148
2107UNHS-0291_Br2720_Mid_Nuc,Excit,0.45727583829631463,148
2107UNHS-0291_Br2720_Mid_Nuc,Inhib,0.17310624702706834,148
2107UNHS-0291_Br6432_Ant_Bulk,Astro,0.07099467139681008,148
2107UNHS-0291_Br6432_Ant_Bulk,EndoMural,0.09374057029614591,148
2107UNHS-0291_Br6432_Ant_Bulk,Micro,0.03105164878227236,148
2107UNHS-0291_Br6432_Ant_Bulk,Oligo,0.16710390970865704,148
2107UNHS-0291_Br6432_Ant_Bulk,OPC,0.06176614901974555,148
2107UNHS-0291_Br6432_Ant_Bulk,Excit,0.4158089710140033,148
2107UNHS-0291_Br6432_Ant_Bulk,Inhib,0.15953407978236575,148
2107UNHS-0291_Br6432_Ant_Cyto,Astro,0.08008507070252024,148
2107UNHS-0291_Br6432_Ant_Cyto,EndoMural,0.08417780947351729,148
2107UNHS-0291_Br6432_Ant_Cyto,Micro,0.0451884799492188,148
2107UNHS-0291_Br6432_Ant_Cyto,Oligo,0.11962727718307706,148
2107UNHS-0291_Br6432_Ant_Cyto,OPC,0.05199430686176401,148
2107UNHS-0291_Br6432_Ant_Cyto,Excit,0.46873283580084496,148
2107UNHS-0291_Br6432_Ant_Cyto,Inhib,0.1501942200290577,148
2107UNHS-0291_Br6432_Ant_Nuc,Astro,0.07369180360869391,148
2107UNHS-0291_Br6432_Ant_Nuc,EndoMural,0.10823938152139893,148
2107UNHS-0291_Br6432_Ant_Nuc,Micro,0.031175355845781353,148
2107UNHS-0291_Br6432_Ant_Nuc,Oligo,0.1325608675208677,148
2107UNHS-0291_Br6432_Ant_Nuc,OPC,0.06418977928127251,148
2107UNHS-0291_Br6432_Ant_Nuc,Excit,0.43847806564246644,148
2107UNHS-0291_Br6432_Ant_Nuc,Inhib,0.15166474657951917,148
2107UNHS-0291_Br6432_Mid_Bulk,Astro,0.10722583977138819,148
2107UNHS-0291_Br6432_Mid_Bulk,EndoMural,0.10893832127880132,148
2107UNHS-0291_Br6432_Mid_Bulk,Micro,0.04159325108151032,148
2107UNHS-0291_Br6432_Mid_Bulk,Oligo,0.10586698211918422,148
2107UNHS-0291_Br6432_Mid_Bulk,OPC,0.07389516385505057,148
2107UNHS-0291_Br6432_Mid_Bulk,Excit,0.40301788511648867,148
2107UNHS-0291_Br6432_Mid_Bulk,Inhib,0.15946255677757662,148
2107UNHS-0291_Br6432_Mid_Cyto,Astro,0.10794358314472044,148
2107UNHS-0291_Br6432_Mid_Cyto,EndoMural,0.1128097336573644,148
2107UNHS-0291_Br6432_Mid_Cyto,Micro,0.053073024878597386,148
2107UNHS-0291_Br6432_Mid_Cyto,Oligo,0.07780877068281977,148
2107UNHS-0291_Br6432_Mid_Cyto,OPC,0.06229532527382543,148
2107UNHS-0291_Br6432_Mid_Cyto,Excit,0.43477311185155665,148
2107UNHS-0291_Br6432_Mid_Cyto,Inhib,0.15129645051111593,148
2107UNHS-0291_Br6432_Mid_Nuc,Astro,0.10145162053143304,148
2107UNHS-0291_Br6432_Mid_Nuc,EndoMural,0.12862263190936785,148
2107UNHS-0291_Br6432_Mid_Nuc,Micro,0.03925909390028666,148
2107UNHS-0291_Br6432_Mid_Nuc,Oligo,0.08698588439763776,148
2107UNHS-0291_Br6432_Mid_Nuc,OPC,0.06870374271553188,148
2107UNHS-0291_Br6432_Mid_Nuc,Excit,0.41896676163527447,148
2107UNHS-0291_Br6432_Mid_Nuc,Inhib,0.15601026491046835,148
2107UNHS-0291_Br6471_Ant_Bulk,Astro,0.037280397654088346,148
2107UNHS-0291_Br6471_Ant_Bulk,EndoMural,0.08580107065374803,148
2107UNHS-0291_Br6471_Ant_Bulk,Micro,0.026841394532092902,148
2107UNHS-0291_Br6471_Ant_Bulk,Oligo,0.23040445385190772,148
2107UNHS-0291_Br6471_Ant_Bulk,OPC,0.03612534235540563,148
2107UNHS-0291_Br6471_Ant_Bulk,Excit,0.40117601591077534,148
2107UNHS-0291_Br6471_Ant_Bulk,Inhib,0.18237132504198195,148
2107UNHS-0291_Br6471_Ant_Cyto,Astro,0.043604483036227985,148
2107UNHS-0291_Br6471_Ant_Cyto,EndoMural,0.08242418852540698,148
2107UNHS-0291_Br6471_Ant_Cyto,Micro,0.039855432208978296,148
2107UNHS-0291_Br6471_Ant_Cyto,Oligo,0.22217728435279122,148
2107UNHS-0291_Br6471_Ant_Cyto,OPC,0.03445310488116222,148
2107UNHS-0291_Br6471_Ant_Cyto,Excit,0.42955875915027597,148
2107UNHS-0291_Br6471_Ant_Cyto,Inhib,0.14792674784515727,148
2107UNHS-0291_Br6471_Ant_Nuc,Astro,0.036722648431445154,148
2107UNHS-0291_Br6471_Ant_Nuc,EndoMural,0.10823127242699786,148
2107UNHS-0291_Br6471_Ant_Nuc,Micro,0.026450085375228295,148
2107UNHS-0291_Br6471_Ant_Nuc,Oligo,0.18868636528408111,148
2107UNHS-0291_Br6471_Ant_Nuc,OPC,0.03688064647319237,148
2107UNHS-0291_Br6471_Ant_Nuc,Excit,0.4189683003948301,148
2107UNHS-0291_Br6471_Ant_Nuc,Inhib,0.1840606816142252,148
2107UNHS-0293_Br2720_Mid_Bulk,Astro,0.0935747072974299,148
2107UNHS-0293_Br2720_Mid_Bulk,EndoMural,0.06414491253701002,148
2107UNHS-0293_Br2720_Mid_Bulk,Micro,0.03552532449879014,148
2107UNHS-0293_Br2720_Mid_Bulk,Oligo,0.16390012129327364,148
2107UNHS-0293_Br2720_Mid_Bulk,OPC,0.03421190435934836,148
2107UNHS-0293_Br2720_Mid_Bulk,Excit,0.4684949426776016,148
2107UNHS-0293_Br2720_Mid_Bulk,Inhib,0.14014808733654627,148
2107UNHS-0293_Br2720_Mid_Cyto,Astro,0.0721145907932488,148
2107UNHS-0293_Br2720_Mid_Cyto,EndoMural,0.0661324508209487,148
2107UNHS-0293_Br2720_Mid_Cyto,Micro,0.04060622869048066,148
2107UNHS-0293_Br2720_Mid_Cyto,Oligo,0.14911281577794266,148
2107UNHS-0293_Br2720_Mid_Cyto,OPC,0.03462074820567056,148
2107UNHS-0293_Br2720_Mid_Cyto,Excit,0.4670231642511022,148
2107UNHS-0293_Br2720_Mid_Cyto,Inhib,0.1703900014606064,148
2107UNHS-0293_Br6432_Ant_Bulk,Astro,0.12456696925894246,148
2107UNHS-0293_Br6432_Ant_Bulk,EndoMural,0.06999508517662911,148
2107UNHS-0293_Br6432_Ant_Bulk,Micro,0.03246003924292846,148
2107UNHS-0293_Br6432_Ant_Bulk,Oligo,0.1107883510592925,148
2107UNHS-0293_Br6432_Ant_Bulk,OPC,0.056440407952017095,148
2107UNHS-0293_Br6432_Ant_Bulk,Excit,0.4733195620136168,148
2107UNHS-0293_Br6432_Ant_Bulk,Inhib,0.13242958529657362,148
2107UNHS-0293_Br6432_Ant_Cyto,Astro,0.11829085309756691,148
2107UNHS-0293_Br6432_Ant_Cyto,EndoMural,0.06964038208600065,148
2107UNHS-0293_Br6432_Ant_Cyto,Micro,0.03804780423508343,148
2107UNHS-0293_Br6432_Ant_Cyto,Oligo,0.0896263245428219,148
2107UNHS-0293_Br6432_Ant_Cyto,OPC,0.05152338397904796,148
2107UNHS-0293_Br6432_Ant_Cyto,Excit,0.4740488260981592,148
2107UNHS-0293_Br6432_Ant_Cyto,Inhib,0.1588224259613199,148
2107UNHS-0293_Br6432_Ant_Nuc,Astro,0.11525469182160432,148
2107UNHS-0293_Br6432_Ant_Nuc,EndoMural,0.08195842846647419,148
2107UNHS-0293_Br6432_Ant_Nuc,Micro,0.02930739127425994,148
2107UNHS-0293_Br6432_Ant_Nuc,Oligo,0.10589740455939842,148
2107UNHS-0293_Br6432_Ant_Nuc,OPC,0.05784728560229018,148
2107UNHS-0293_Br6432_Ant_Nuc,Excit,0.4808221592666208,148
2107UNHS-0293_Br6432_Ant_Nuc,Inhib,0.12891263900935218,148
2107UNHS-0293_Br6432_Mid_Bulk,Astro,0.14820291697359522,148
2107UNHS-0293_Br6432_Mid_Bulk,EndoMural,0.0827346163389489,148
2107UNHS-0293_Br6432_Mid_Bulk,Micro,0.039584464894596924,148
2107UNHS-0293_Br6432_Mid_Bulk,Oligo,0.08135351652442457,148
2107UNHS-0293_Br6432_Mid_Bulk,OPC,0.06162486139047131,148
2107UNHS-0293_Br6432_Mid_Bulk,Excit,0.4604029801304409,148
2107UNHS-0293_Br6432_Mid_Bulk,Inhib,0.12609664374752216,148
2107UNHS-0293_Br6432_Mid_Cyto,Astro,0.14252424851146606,148
2107UNHS-0293_Br6432_Mid_Cyto,EndoMural,0.09005662698614723,148
2107UNHS-0293_Br6432_Mid_Cyto,Micro,0.04192536987544667,148
2107UNHS-0293_Br6432_Mid_Cyto,Oligo,0.055539904814172675,148
2107UNHS-0293_Br6432_Mid_Cyto,OPC,0.05680768504679552,148
2107UNHS-0293_Br6432_Mid_Cyto,Excit,0.44893583337587434,148
2107UNHS-0293_Br6432_Mid_Cyto,Inhib,0.16421033139009755,148
2107UNHS-0293_Br6432_Mid_Nuc,Astro,0.14329730585023515,148
2107UNHS-0293_Br6432_Mid_Nuc,EndoMural,0.08781548785358301,148
2107UNHS-0293_Br6432_Mid_Nuc,Micro,0.03692531894780528,148
2107UNHS-0293_Br6432_Mid_Nuc,Oligo,0.06883030940267038,148
2107UNHS-0293_Br6432_Mid_Nuc,OPC,0.05778676403317104,148
2107UNHS-0293_Br6432_Mid_Nuc,Excit,0.4810772196335086,148
2107UNHS-0293_Br6432_Mid_Nuc,Inhib,0.12426759427902652,148
2107UNHS-0293_Br6471_Ant_Bulk,Astro,0.08503204538927372,148
2107UNHS-0293_Br6471_Ant_Bulk,EndoMural,0.08404658370291442,148
2107UNHS-0293_Br6471_Ant_Bulk,Micro,0.028732584924149714,148
2107UNHS-0293_Br6471_Ant_Bulk,Oligo,0.1585309778577228,148
2107UNHS-0293_Br6471_Ant_Bulk,OPC,0.03352392400495548,148
2107UNHS-0293_Br6471_Ant_Bulk,Excit,0.4650902158718496,148
2107UNHS-0293_Br6471_Ant_Bulk,Inhib,0.14504366824913426,148
2107UNHS-0293_Br6471_Ant_Cyto,Astro,0.09547466502429108,148
2107UNHS-0293_Br6471_Ant_Cyto,EndoMural,0.08398631608221904,148
2107UNHS-0293_Br6471_Ant_Cyto,Micro,0.04077220253356913,148
2107UNHS-0293_Br6471_Ant_Cyto,Oligo,0.15494402207946242,148
2107UNHS-0293_Br6471_Ant_Cyto,OPC,0.03328153511854368,148
2107UNHS-0293_Br6471_Ant_Cyto,Excit,0.4348618394553311,148
2107UNHS-0293_Br6471_Ant_Cyto,Inhib,0.15667941970658367,148
2107UNHS-0293_Br6471_Ant_Nuc,Astro,0.07629112257823605,148
2107UNHS-0293_Br6471_Ant_Nuc,EndoMural,0.1000909522085372,148
2107UNHS-0293_Br6471_Ant_Nuc,Micro,0.026502130361980562,148
2107UNHS-0293_Br6471_Ant_Nuc,Oligo,0.1673301252845221,148
2107UNHS-0293_Br6471_Ant_Nuc,OPC,0.03406283049884941,148
2107UNHS-0293_Br6471_Ant_Nuc,Excit,0.4286635477991026,148
2107UNHS-0293_Br6471_Ant_Nuc,Inhib,0.16705929126877203,148
AN00000904_Br2720_Post_Bulk,Astro,0.020140629997762848,148
AN00000904_Br2720_Post_Bulk,EndoMural,0.09544565120463684,148
AN00000904_Br2720_Post_Bulk,Micro,0.0326508507224863,148
AN00000904_Br2720_Post_Bulk,Oligo,0.16962672997144446,148
AN00000904_Br2720_Post_Bulk,OPC,0.03858815201499137,148
AN00000904_Br2720_Post_Bulk,Excit,0.45472849008968214,148
AN00000904_Br2720_Post_Bulk,Inhib,0.1888194959989961,148
AN00000904_Br2720_Post_Cyto,Astro,0.03528878700688329,148
AN00000904_Br2720_Post_Cyto,EndoMural,0.10657177738466192,148
AN00000904_Br2720_Post_Cyto,Micro,0.04989788164435592,148
AN00000904_Br2720_Post_Cyto,Oligo,0.14469669269235053,148
AN00000904_Br2720_Post_Cyto,OPC,0.04067512946772959,148
AN00000904_Br2720_Post_Cyto,Excit,0.4745279610465447,148
AN00000904_Br2720_Post_Cyto,Inhib,0.14834177075747393,148
AN00000904_Br2720_Post_Nuc,Astro,0.03303621178487306,148
AN00000904_Br2720_Post_Nuc,EndoMural,0.1324425333462191,148
AN00000904_Br2720_Post_Nuc,Micro,0.03692535337415285,148
AN00000904_Br2720_Post_Nuc,Oligo,0.1085216123752111,148
AN00000904_Br2720_Post_Nuc,OPC,0.042737354669058515,148
AN00000904_Br2720_Post_Nuc,Excit,0.47238600025861127,148
AN00000904_Br2720_Post_Nuc,Inhib,0.17395093419187407,148
AN00000904_Br2743_Ant_Bulk,Astro,0.023557024192478813,148
AN00000904_Br2743_Ant_Bulk,EndoMural,0.06455175923976131,148
AN00000904_Br2743_Ant_Bulk,Micro,0.02503691965615213,148
AN00000904_Br2743_Ant_Bulk,Oligo,0.2505598697829822,148
AN00000904_Br2743_Ant_Bulk,OPC,0.04148953099390449,148
AN00000904_Br2743_Ant_Bulk,Excit,0.4388234537767161,148
AN00000904_Br2743_Ant_Bulk,Inhib,0.1559814423580048,148
AN00000904_Br2743_Ant_Nuc,Astro,0.05795079852544731,148
AN00000904_Br2743_Ant_Nuc,EndoMural,0.15475028506168229,148
AN00000904_Br2743_Ant_Nuc,Micro,0.040024396995241913,148
AN00000904_Br2743_Ant_Nuc,Oligo,0.1372313489401631,148
AN00000904_Br2743_Ant_Nuc,OPC,0.053465213426195146,148
AN00000904_Br2743_Ant_Nuc,Excit,0.4181089244316596,148
AN00000904_Br2743_Ant_Nuc,Inhib,0.13846903261961077,148
AN00000904_Br3942_Ant_Bulk,Astro,0.0890468228624128,148
AN00000904_Br3942_Ant_Bulk,EndoMural,0.08991411040239801,148
AN00000904_Br3942_Ant_Bulk,Micro,0.028983613095098653,148
AN00000904_Br3942_Ant_Bulk,Oligo,0.10526441250260023,148
AN00000904_Br3942_Ant_Bulk,OPC,0.04885882149541345,148
AN00000904_Br3942_Ant_Bulk,Excit,0.47096250242930776,148
AN00000904_Br3942_Ant_Bulk,Inhib,0.16696971721276901,148
AN00000904_Br3942_Ant_Cyto,Astro,0.10746046426805198,148
AN00000904_Br3942_Ant_Cyto,EndoMural,0.10096472466299254,148
AN00000904_Br3942_Ant_Cyto,Micro,0.057866480646629304,148
AN00000904_Br3942_Ant_Cyto,Oligo,0.1349526575914904,148
AN00000904_Br3942_Ant_Cyto,OPC,0.04464618763503839,148
AN00000904_Br3942_Ant_Cyto,Excit,0.44603564540146223,148
AN00000904_Br3942_Ant_Cyto,Inhib,0.10807383979433521,148
AN00000904_Br3942_Ant_Nuc,Astro,0.09399206303010413,148
AN00000904_Br3942_Ant_Nuc,EndoMural,0.10799752660486757,148
AN00000904_Br3942_Ant_Nuc,Micro,0.03185711385007583,148
AN00000904_Br3942_Ant_Nuc,Oligo,0.09532804593876507,148
AN00000904_Br3942_Ant_Nuc,OPC,0.04963444014310306,148
AN00000904_Br3942_Ant_Nuc,Excit,0.4478661497011984,148
AN00000904_Br3942_Ant_Nuc,Inhib,0.17332466073188582,148
AN00000904_Br3942_Mid_Bulk,Astro,0.06691164097343386,148
AN00000904_Br3942_Mid_Bulk,EndoMural,0.08668009482508357,148
AN00000904_Br3942_Mid_Bulk,Micro,0.02667652644711627,148
AN00000904_Br3942_Mid_Bulk,Oligo,0.19189173489096775,148
AN00000904_Br3942_Mid_Bulk,OPC,0.044807024406894054,148
AN00000904_Br3942_Mid_Bulk,Excit,0.42622144917215654,148
AN00000904_Br3942_Mid_Bulk,Inhib,0.15681152928434794,148
AN00000904_Br3942_Mid_Cyto,Astro,0.0827453424824556,148
AN00000904_Br3942_Mid_Cyto,EndoMural,0.10931884927587399,148
AN00000904_Br3942_Mid_Cyto,Micro,0.047648097167359044,148
AN00000904_Br3942_Mid_Cyto,Oligo,0.16503677776444545,148
AN00000904_Br3942_Mid_Cyto,OPC,0.0381217017705391,148
AN00000904_Br3942_Mid_Cyto,Excit,0.44246619312504243,148
AN00000904_Br3942_Mid_Cyto,Inhib,0.11466303841428432,148
AN00000904_Br3942_Mid_Nuc,Astro,0.07444977377137504,148
AN00000904_Br3942_Mid_Nuc,EndoMural,0.11318255798807571,148
AN00000904_Br3942_Mid_Nuc,Micro,0.03294505617375831,148
AN00000904_Br3942_Mid_Nuc,Oligo,0.1531957902533084,148
AN00000904_Br3942_Mid_Nuc,OPC,0.04107249722345677,148
AN00000904_Br3942_Mid_Nuc,Excit,0.44026223042268486,148
AN00000904_Br3942_Mid_Nuc,Inhib,0.14489209416734097,148
AN00000904_Br6423_Ant_Bulk,Astro,0.09155868828683944,148
AN00000904_Br6423_Ant_Bulk,EndoMural,0.08822286616062636,148
AN00000904_Br6423_Ant_Bulk,Micro,0.03212237876645362,148
AN00000904_Br6423_Ant_Bulk,Oligo,0.21043749533874773,148
AN00000904_Br6423_Ant_Bulk,OPC,0.03388927075861408,148
AN00000904_Br6423_Ant_Bulk,Excit,0.37015865061370395,148
AN00000904_Br6423_Ant_Bulk,Inhib,0.17361065007501486,148
AN00000904_Br6423_Ant_Cyto,Astro,0.09654937941479104,148
AN00000904_Br6423_Ant_Cyto,EndoMural,0.10129637338594671,148
AN00000904_Br6423_Ant_Cyto,Micro,0.044572198247012876,148
AN00000904_Br6423_Ant_Cyto,Oligo,0.1866789964034022,148
AN00000904_Br6423_Ant_Cyto,OPC,0.03666013444656551,148
AN00000904_Br6423_Ant_Cyto,Excit,0.37789008886044145,148
AN00000904_Br6423_Ant_Cyto,Inhib,0.15635282924184027,148
AN00000904_Br6423_Ant_Nuc,Astro,0.09669264088825139,148
AN00000904_Br6423_Ant_Nuc,EndoMural,0.10514699841034553,148
AN00000904_Br6423_Ant_Nuc,Micro,0.04229602891182802,148
AN00000904_Br6423_Ant_Nuc,Oligo,0.18230898201844026,148
AN00000904_Br6423_Ant_Nuc,OPC,0.03998451330085649,148
AN00000904_Br6423_Ant_Nuc,Excit,0.3798877342434933,148
AN00000904_Br6423_Ant_Nuc,Inhib,0.15368310222678488,148
AN00000904_Br6423_Post_Bulk,Astro,0.08849450325210466,148
AN00000904_Br6423_Post_Bulk,EndoMural,0.08836234496056093,148
AN00000904_Br6423_Post_Bulk,Micro,0.033731213457777076,148
AN00000904_Br6423_Post_Bulk,Oligo,0.2263268858773178,148
AN00000904_Br6423_Post_Bulk,OPC,0.03164037047824182,148
AN00000904_Br6423_Post_Bulk,Excit,0.3467274214373517,148
AN00000904_Br6423_Post_Bulk,Inhib,0.18471726053664594,148
AN00000904_Br6423_Post_Cyto,Astro,0.08725981779446294,148
AN00000904_Br6423_Post_Cyto,EndoMural,0.10966253102598744,148
AN00000904_Br6423_Post_Cyto,Micro,0.0425618666691881,148
AN00000904_Br6423_Post_Cyto,Oligo,0.1900348905868278,148
AN00000904_Br6423_Post_Cyto,OPC,0.03351785850759797,148
AN00000904_Br6423_Post_Cyto,Excit,0.3674638705027029,148
AN00000904_Br6423_Post_Cyto,Inhib,0.1694991649132329,148
AN00000904_Br6423_Post_Nuc,Astro,0.09085991330521082,148
AN00000904_Br6423_Post_Nuc,EndoMural,0.11938902819966885,148
AN00000904_Br6423_Post_Nuc,Micro,0.04158131316568987,148
AN00000904_Br6423_Post_Nuc,Oligo,0.19994328414128135,148
AN00000904_Br6423_Post_Nuc,OPC,0.03604107377516592,148
AN00000904_Br6423_Post_Nuc,Excit,0.35261670682853447,148
AN00000904_Br6423_Post_Nuc,Inhib,0.1595686805844488,148
AN00000904_Br6471_Mid_Bulk,Astro,0.024036054872508848,148
AN00000904_Br6471_Mid_Bulk,EndoMural,0.07633948626863989,148
AN00000904_Br6471_Mid_Bulk,Micro,0.027133746058987964,148
AN00000904_Br6471_Mid_Bulk,Oligo,0.28900275304209083,148
AN00000904_Br6471_Mid_Bulk,OPC,0.03562289763550219,148
AN00000904_Br6471_Mid_Bulk,Excit,0.4010616149409218,148
AN00000904_Br6471_Mid_Bulk,Inhib,0.14680344718134844,148
AN00000904_Br6471_Mid_Cyto,Astro,0.031870906934488394,148
AN00000904_Br6471_Mid_Cyto,EndoMural,0.08257498866104623,148
AN00000904_Br6471_Mid_Cyto,Micro,0.04146046772679247,148
AN00000904_Br6471_Mid_Cyto,Oligo,0.33395000046927686,148
AN00000904_Br6471_Mid_Cyto,OPC,0.03354919975651092,148
AN00000904_Br6471_Mid_Cyto,Excit,0.36507997818319005,148
AN00000904_Br6471_Mid_Cyto,Inhib,0.11151445826869505,148
AN00000904_Br6471_Mid_Nuc,Astro,0.03050821370337203,148
AN00000904_Br6471_Mid_Nuc,EndoMural,0.09700755398273042,148
AN00000904_Br6471_Mid_Nuc,Micro,0.03160638431050147,148
AN00000904_Br6471_Mid_Nuc,Oligo,0.30673336168196075,148
AN00000904_Br6471_Mid_Nuc,OPC,0.03672279124837106,148
AN00000904_Br6471_Mid_Nuc,Excit,0.37432869508223754,148
AN00000904_Br6471_Mid_Nuc,Inhib,0.12309299999082685,148
AN00000904_Br6522_Mid_Bulk,Astro,0.03133258166829617,148
AN00000904_Br6522_Mid_Bulk,EndoMural,0.07349570263368957,148
AN00000904_Br6522_Mid_Bulk,Micro,0.027923289827311005,148
AN00000904_Br6522_Mid_Bulk,Oligo,0.18935814442657548,148
AN00000904_Br6522_Mid_Bulk,OPC,0.04105815628554751,148
AN00000904_Br6522_Mid_Bulk,Excit,0.48168775281622733,148
AN00000904_Br6522_Mid_Bulk,Inhib,0.15514437234235298,148
AN00000904_Br6522_Mid_Cyto,Astro,0.05328313360779123,148
AN00000904_Br6522_Mid_Cyto,EndoMural,0.08212446433531886,148
AN00000904_Br6522_Mid_Cyto,Micro,0.050913105482262744,148
AN00000904_Br6522_Mid_Cyto,Oligo,0.21270868400348,148
AN00000904_Br6522_Mid_Cyto,OPC,0.04523677010444093,148
AN00000904_Br6522_Mid_Cyto,Excit,0.4493223523173703,148
AN00000904_Br6522_Mid_Cyto,Inhib,0.10641149014933587,148
AN00000904_Br6522_Mid_Nuc,Astro,0.04661263985184309,148
AN00000904_Br6522_Mid_Nuc,EndoMural,0.10632375353942454,148
AN00000904_Br6522_Mid_Nuc,Micro,0.03735546732843355,148
AN00000904_Br6522_Mid_Nuc,Oligo,0.185066855891035,148
AN00000904_Br6522_Mid_Nuc,OPC,0.043552873487896306,148
AN00000904_Br6522_Mid_Nuc,Excit,0.44696871036173974,148
AN00000904_Br6522_Mid_Nuc,Inhib,0.1341196995396278,148
AN00000904_Br6522_Post_Bulk,Astro,0.03567793928557731,148
AN00000904_Br6522_Post_Bulk,EndoMural,0.07979639454756063,148
AN00000904_Br6522_Post_Bulk,Micro,0.028931986162253204,148
AN00000904_Br6522_Post_Bulk,Oligo,0.1518131337514414,148
AN00000904_Br6522_Post_Bulk,OPC,0.04314373247377951,148
AN00000904_Br6522_Post_Bulk,Excit,0.47328079642978077,148
AN00000904_Br6522_Post_Bulk,Inhib,0.18735601734960725,148
AN00000904_Br6522_Post_Cyto,Astro,0.046545779342185206,148
AN00000904_Br6522_Post_Cyto,EndoMural,0.08272486544973681,148
AN00000904_Br6522_Post_Cyto,Micro,0.04380032537846599,148
AN00000904_Br6522_Post_Cyto,Oligo,0.13350940269014294,148
AN00000904_Br6522_Post_Cyto,OPC,0.040846403613085516,148
AN00000904_Br6522_Post_Cyto,Excit,0.5101579227344977,148
AN00000904_Br6522_Post_Cyto,Inhib,0.14241530079188597,148
AN00000904_Br6522_Post_Nuc,Astro,0.04448771830470278,148
AN00000904_Br6522_Post_Nuc,EndoMural,0.12006167592025703,148
AN00000904_Br6522_Post_Nuc,Micro,0.03165102281371824,148
AN00000904_Br6522_Post_Nuc,Oligo,0.09785504920371828,148
AN00000904_Br6522_Post_Nuc,OPC,0.04113584415794161,148
AN00000904_Br6522_Post_Nuc,Excit,0.5029043011683966,148
AN00000904_Br6522_Post_Nuc,Inhib,0.1619043884312655,148
AN00000904_Br8325_Ant_Bulk,Astro,0.06491364547542212,148
AN00000904_Br8325_Ant_Bulk,EndoMural,0.10544365585420512,148
AN00000904_Br8325_Ant_Bulk,Micro,0.03134854934157929,148
AN00000904_Br8325_Ant_Bulk,Oligo,0.09973231163398079,148
AN00000904_Br8325_Ant_Bulk,OPC,0.03877059295975703,148
AN00000904_Br8325_Ant_Bulk,Excit,0.44822614947732714,148
AN00000904_Br8325_Ant_Bulk,Inhib,0.2115650952577286,148
AN00000904_Br8325_Ant_Cyto,Astro,0.06631602191000542,148
AN00000904_Br8325_Ant_Cyto,EndoMural,0.10810300718052979,148
AN00000904_Br8325_Ant_Cyto,Micro,0.046618278680837705,148
AN00000904_Br8325_Ant_Cyto,Oligo,0.13275272924737855,148
AN00000904_Br8325_Ant_Cyto,OPC,0.04577773364843126,148
AN00000904_Br8325_Ant_Cyto,Excit,0.4418957737261102,148
AN00000904_Br8325_Ant_Cyto,Inhib,0.15853645560670715,148
AN00000904_Br8325_Ant_Nuc,Astro,0.07221324789134027,148
AN00000904_Br8325_Ant_Nuc,EndoMural,0.12001561088453273,148
AN00000904_Br8325_Ant_Nuc,Micro,0.04224227923565471,148
AN00000904_Br8325_Ant_Nuc,Oligo,0.13449593373844482,148
AN00000904_Br8325_Ant_Nuc,OPC,0.046580042218431796,148
AN00000904_Br8325_Ant_Nuc,Excit,0.42452326253835704,148
AN00000904_Br8325_Ant_Nuc,Inhib,0.15992962349323855,148
AN00000904_Br8325_Mid_Bulk,Astro,1.5294293302705498e-12,148
AN00000904_Br8325_Mid_Bulk,EndoMural,0.05747070305345973,148
AN00000904_Br8325_Mid_Bulk,Micro,0.0236191441059411,148
AN00000904_Br8325_Mid_Bulk,Oligo,0.6258840104625619,148
AN00000904_Br8325_Mid_Bulk,OPC,0.02633500752317053,148
AN00000904_Br8325_Mid_Bulk,Excit,0.1755209223602867,148
AN00000904_Br8325_Mid_Bulk,Inhib,0.09117021249305064,148
AN00000904_Br8325_Mid_Cyto,Astro,3.880592231046796e-14,148
AN00000904_Br8325_Mid_Cyto,EndoMural,0.03334121250813008,148
AN00000904_Br8325_Mid_Cyto,Micro,0.02974241816546181,148
AN00000904_Br8325_Mid_Cyto,Oligo,0.8446500822188318,148
AN00000904_Br8325_Mid_Cyto,OPC,0.0195388584883717,148
AN00000904_Br8325_Mid_Cyto,Excit,0.047022986810872525,148
AN00000904_Br8325_Mid_Cyto,Inhib,0.025704441808293378,148
AN00000904_Br8492_Mid_Bulk,Astro,0.015385099647648495,148
AN00000904_Br8492_Mid_Bulk,EndoMural,0.09222040539422781,148
AN00000904_Br8492_Mid_Bulk,Micro,0.03198600539943367,148
AN00000904_Br8492_Mid_Bulk,Oligo,0.22453846577146727,148
AN00000904_Br8492_Mid_Bulk,OPC,0.02170734208330087,148
AN00000904_Br8492_Mid_Bulk,Excit,0.47715053243709316,148
AN00000904_Br8492_Mid_Bulk,Inhib,0.13701214926682875,148
AN00000904_Br8492_Mid_Cyto,Astro,0.03548771222242794,148
AN00000904_Br8492_Mid_Cyto,EndoMural,0.09044159780465548,148
AN00000904_Br8492_Mid_Cyto,Micro,0.044451977157289095,148
AN00000904_Br8492_Mid_Cyto,Oligo,0.1963525525441003,148
AN00000904_Br8492_Mid_Cyto,OPC,0.031219595405870274,148
AN00000904_Br8492_Mid_Cyto,Excit,0.4817349796234243,148
AN00000904_Br8492_Mid_Cyto,Inhib,0.12031158524223265,148
AN00000904_Br8492_Mid_Nuc,Astro,0.03269308016318736,148
AN00000904_Br8492_Mid_Nuc,EndoMural,0.13452830534618745,148
AN00000904_Br8492_Mid_Nuc,Micro,0.04138929942956568,148
AN00000904_Br8492_Mid_Nuc,Oligo,0.1683031637982895,148
AN00000904_Br8492_Mid_Nuc,OPC,0.028770535413664707,148
AN00000904_Br8492_Mid_Nuc,Excit,0.45452664182953717,148
AN00000904_Br8492_Mid_Nuc,Inhib,0.13978897401956825,148
AN00000904_Br8492_Post_Bulk,Astro,0.011716794905753456,148
AN00000904_Br8492_Post_Bulk,EndoMural,0.10761331793095287,148
AN00000904_Br8492_Post_Bulk,Micro,0.030311260999535846,148
AN00000904_Br8492_Post_Bulk,Oligo,0.2310701368490726,148
AN00000904_Br8492_Post_Bulk,OPC,0.017433402993591234,148
AN00000904_Br8492_Post_Bulk,Excit,0.44561551128681043,148
AN00000904_Br8492_Post_Bulk,Inhib,0.15623957503428354,148
AN00000904_Br8492_Post_Cyto,Astro,0.02532109745898632,148
AN00000904_Br8492_Post_Cyto,EndoMural,0.11073950507474475,148
AN00000904_Br8492_Post_Cyto,Micro,0.041395886509679375,148
AN00000904_Br8492_Post_Cyto,Oligo,0.2240963208252603,148
AN00000904_Br8492_Post_Cyto,OPC,0.024883223859930748,148
AN00000904_Br8492_Post_Cyto,Excit,0.4413036703971757,148
AN00000904_Br8492_Post_Cyto,Inhib,0.13226029587422286,148
AN00000904_Br8492_Post_Nuc,Astro,0.024618843230689857,148
AN00000904_Br8492_Post_Nuc,EndoMural,0.14931346298363657,148
AN00000904_Br8492_Post_Nuc,Micro,0.035595060261386875,148
AN00000904_Br8492_Post_Nuc,Oligo,0.16688633198554892,148
AN00000904_Br8492_Post_Nuc,OPC,0.024379169205088206,148
AN00000904_Br8492_Post_Nuc,Excit,0.4446108144827789,148
AN00000904_Br8492_Post_Nuc,Inhib,0.15459631785087066,148
AN00000904_Br8667_Ant_Bulk,Astro,0.13352534061451246,148
AN00000904_Br8667_Ant_Bulk,EndoMural,0.08650751277120279,148
AN00000904_Br8667_Ant_Bulk,Micro,0.03281843811334774,148
AN00000904_Br8667_Ant_Bulk,Oligo,0.20439097788747104,148
AN00000904_Br8667_Ant_Bulk,OPC,0.040461978782909816,148
AN00000904_Br8667_Ant_Bulk,Excit,0.3283989814682809,148
AN00000904_Br8667_Ant_Bulk,Inhib,0.17389677036227516,148
AN00000904_Br8667_Ant_Cyto,Astro,0.10885234765438992,148
AN00000904_Br8667_Ant_Cyto,EndoMural,0.09622295647159704,148
AN00000904_Br8667_Ant_Cyto,Micro,0.05191703245512686,148
AN00000904_Br8667_Ant_Cyto,Oligo,0.2031413832366559,148
AN00000904_Br8667_Ant_Cyto,OPC,0.03365316090111639,148
AN00000904_Br8667_Ant_Cyto,Excit,0.3959692299993023,148
AN00000904_Br8667_Ant_Cyto,Inhib,0.11024388928181156,148
AN00000904_Br8667_Ant_Nuc,Astro,0.11156296469086133,148
AN00000904_Br8667_Ant_Nuc,EndoMural,0.09741476172682134,148
AN00000904_Br8667_Ant_Nuc,Micro,0.03362189919623593,148
AN00000904_Br8667_Ant_Nuc,Oligo,0.1806433417414694,148
AN00000904_Br8667_Ant_Nuc,OPC,0.042100211450218895,148
AN00000904_Br8667_Ant_Nuc,Excit,0.3746492702439156,148
AN00000904_Br8667_Ant_Nuc,Inhib,0.16000755095047747,148
AN00000904_Br8667_Mid_Bulk,Astro,0.12743401222219775,148
AN00000904_Br8667_Mid_Bulk,EndoMural,0.11261662213957177,148
AN00000904_Br8667_Mid_Bulk,Micro,0.03316513720901876,148
AN00000904_Br8667_Mid_Bulk,Oligo,0.13008859603111922,148
AN00000904_Br8667_Mid_Bulk,OPC,0.038841265741427475,148
AN00000904_Br8667_Mid_Bulk,Excit,0.3636530636479352,148
AN00000904_Br8667_Mid_Bulk,Inhib,0.1942013030087299,148
AN00000904_Br8667_Mid_Cyto,Astro,0.1334958341534235,148
AN00000904_Br8667_Mid_Cyto,EndoMural,0.1427118035359186,148
AN00000904_Br8667_Mid_Cyto,Micro,0.04371046529254182,148
AN00000904_Br8667_Mid_Cyto,Oligo,0.10925731578721544,148
AN00000904_Br8667_Mid_Cyto,OPC,0.038709593265012915,148
AN00000904_Br8667_Mid_Cyto,Excit,0.37249988280132923,148
AN00000904_Br8667_Mid_Cyto,Inhib,0.15961510516455849,148
AN00000904_Br8667_Mid_Nuc,Astro,0.12145570696879004,148
AN00000904_Br8667_Mid_Nuc,EndoMural,0.11395080428802497,148
AN00000904_Br8667_Mid_Nuc,Micro,0.03493834264155702,148
AN00000904_Br8667_Mid_Nuc,Oligo,0.09171523664739621,148
AN00000904_Br8667_Mid_Nuc,OPC,0.04246024559420097,148
AN00000904_Br8667_Mid_Nuc,Excit,0.40914250606350494,148
AN00000904_Br8667_Mid_Nuc,Inhib,0.18633715779652577,148
AN00000906_Br2720_Post_Bulk,Astro,0.04491422797115595,148
AN00000906_Br2720_Post_Bulk,EndoMural,0.08384072628831886,148
AN00000906_Br2720_Post_Bulk,Micro,0.03154154278675631,148
AN00000906_Br2720_Post_Bulk,Oligo,0.13782773517065472,148
AN00000906_Br2720_Post_Bulk,OPC,0.03637222035009997,148
AN00000906_Br2720_Post_Bulk,Excit,0.507896719052899,148
AN00000906_Br2720_Post_Bulk,Inhib,0.1576068283801151,148
AN00000906_Br2720_Post_Cyto,Astro,0.04386649417397013,148
AN00000906_Br2720_Post_Cyto,EndoMural,0.09881016884532773,148
AN00000906_Br2720_Post_Cyto,Micro,0.041200773635948915,148
AN00000906_Br2720_Post_Cyto,Oligo,0.12241805863919017,148
AN00000906_Br2720_Post_Cyto,OPC,0.036296744985817316,148
AN00000906_Br2720_Post_Cyto,Excit,0.4836546577271164,148
AN00000906_Br2720_Post_Cyto,Inhib,0.1737531019926293,148
AN00000906_Br2720_Post_Nuc,Astro,0.04039626560236179,148
AN00000906_Br2720_Post_Nuc,EndoMural,0.10696914199853357,148
AN00000906_Br2720_Post_Nuc,Micro,0.02621081764970231,148
AN00000906_Br2720_Post_Nuc,Oligo,0.0905875250842183,148
AN00000906_Br2720_Post_Nuc,OPC,0.03814723119647814,148
AN00000906_Br2720_Post_Nuc,Excit,0.5225324393702867,148
AN00000906_Br2720_Post_Nuc,Inhib,0.17515657909841914,148
AN00000906_Br2743_Ant_Bulk,Astro,0.052206290084621694,148
AN00000906_Br2743_Ant_Bulk,EndoMural,0.054089093602316264,148
AN00000906_Br2743_Ant_Bulk,Micro,0.021874945713385233,148
AN00000906_Br2743_Ant_Bulk,Oligo,0.25356749916270066,148
AN00000906_Br2743_Ant_Bulk,OPC,0.04433344339916595,148
AN00000906_Br2743_Ant_Bulk,Excit,0.45714960526238546,148
AN00000906_Br2743_Ant_Bulk,Inhib,0.11677912277542477,148
AN00000906_Br2743_Ant_Cyto,Astro,0.06115633244630357,148
AN00000906_Br2743_Ant_Cyto,EndoMural,0.068410577552432,148
AN00000906_Br2743_Ant_Cyto,Micro,0.027042140798548248,148
AN00000906_Br2743_Ant_Cyto,Oligo,0.14814597340075555,148
AN00000906_Br2743_Ant_Cyto,OPC,0.0479602149569784,148
AN00000906_Br2743_Ant_Cyto,Excit,0.46054875236107734,148
AN00000906_Br2743_Ant_Cyto,Inhib,0.18673600848390495,148
AN00000906_Br2743_Ant_Nuc,Astro,0.035868888603722705,148
AN00000906_Br2743_Ant_Nuc,EndoMural,0.12961754727364583,148
AN00000906_Br2743_Ant_Nuc,Micro,0.020912863490959867,148
AN00000906_Br2743_Ant_Nuc,Oligo,0.17708203395172023,148
AN00000906_Br2743_Ant_Nuc,OPC,0.04674677382484646,148
AN00000906_Br2743_Ant_Nuc,Excit,0.4648011543364496,148
AN00000906_Br2743_Ant_Nuc,Inhib,0.1249707385186554,148
AN00000906_Br3942_Ant_Bulk,Astro,0.14055294262059995,148
AN00000906_Br3942_Ant_Bulk,EndoMural,0.08631044086234968,148
AN00000906_Br3942_Ant_Bulk,Micro,0.029475843148161537,148
AN00000906_Br3942_Ant_Bulk,Oligo,0.08212531337301351,148
AN00000906_Br3942_Ant_Bulk,OPC,0.034186963872041495,148
AN00000906_Br3942_Ant_Bulk,Excit,0.4939819904043869,148
AN00000906_Br3942_Ant_Bulk,Inhib,0.13336650571944694,148
AN00000906_Br3942_Ant_Cyto,Astro,0.13452577603352367,148
AN00000906_Br3942_Ant_Cyto,EndoMural,0.09761521967094895,148
AN00000906_Br3942_Ant_Cyto,Micro,0.045314955656390606,148
AN00000906_Br3942_Ant_Cyto,Oligo,0.10528304131570322,148
AN00000906_Br3942_Ant_Cyto,OPC,0.034449899988515754,148
AN00000906_Br3942_Ant_Cyto,Excit,0.47581767937892355,148
AN00000906_Br3942_Ant_Cyto,Inhib,0.10699342795599415,148
AN00000906_Br3942_Ant_Nuc,Astro,0.12662342946783495,148
AN00000906_Br3942_Ant_Nuc,EndoMural,0.10757564467383401,148
AN00000906_Br3942_Ant_Nuc,Micro,0.026286387054576574,148
AN00000906_Br3942_Ant_Nuc,Oligo,0.07998096687702465,148
AN00000906_Br3942_Ant_Nuc,OPC,0.04078312838310713,148
AN00000906_Br3942_Ant_Nuc,Excit,0.4570157804699357,148
AN00000906_Br3942_Ant_Nuc,Inhib,0.16173466307368695,148
AN00000906_Br3942_Mid_Bulk,Astro,0.12863568892368624,148
AN00000906_Br3942_Mid_Bulk,EndoMural,0.08458851138240968,148
AN00000906_Br3942_Mid_Bulk,Micro,0.030304887839133866,148
AN00000906_Br3942_Mid_Bulk,Oligo,0.11603733127093509,148
AN00000906_Br3942_Mid_Bulk,OPC,0.033382310676052386,148
AN00000906_Br3942_Mid_Bulk,Excit,0.477475464700165,148
AN00000906_Br3942_Mid_Bulk,Inhib,0.12957580520761786,148
AN00000906_Br3942_Mid_Cyto,Astro,0.10367038800352331,148
AN00000906_Br3942_Mid_Cyto,EndoMural,0.10598900128396432,148
AN00000906_Br3942_Mid_Cyto,Micro,0.034456558536036526,148
AN00000906_Br3942_Mid_Cyto,Oligo,0.11309003360593235,148
AN00000906_Br3942_Mid_Cyto,OPC,0.03347520151439144,148
AN00000906_Br3942_Mid_Cyto,Excit,0.4911735216723426,148
AN00000906_Br3942_Mid_Cyto,Inhib,0.11814529538380952,148
AN00000906_Br3942_Mid_Nuc,Astro,0.09631711262462253,148
AN00000906_Br3942_Mid_Nuc,EndoMural,0.10212338306804833,148
AN00000906_Br3942_Mid_Nuc,Micro,0.02065895141167388,148
AN00000906_Br3942_Mid_Nuc,Oligo,0.101647260246616,148
AN00000906_Br3942_Mid_Nuc,OPC,0.033432939158936394,148
AN00000906_Br3942_Mid_Nuc,Excit,0.5105368384088901,148
AN00000906_Br3942_Mid_Nuc,Inhib,0.13528351508121278,148
AN00000906_Br6423_Ant_Bulk,Astro,0.1151909569098467,148
AN00000906_Br6423_Ant_Bulk,EndoMural,0.08649303964558866,148
AN00000906_Br6423_Ant_Bulk,Micro,0.04029881614309382,148
AN00000906_Br6423_Ant_Bulk,Oligo,0.15977341059720215,148
AN00000906_Br6423_Ant_Bulk,OPC,0.03426897446559003,148
AN00000906_Br6423_Ant_Bulk,Excit,0.42311047943048835,148
AN00000906_Br6423_Ant_Bulk,Inhib,0.14086432280819033,148
AN00000906_Br6423_Ant_Cyto,Astro,0.12408057118625411,148
AN00000906_Br6423_Ant_Cyto,EndoMural,0.09998506530131769,148
AN00000906_Br6423_Ant_Cyto,Micro,0.03466290380645577,148
AN00000906_Br6423_Ant_Cyto,Oligo,0.13147053789524538,148
AN00000906_Br6423_Ant_Cyto,OPC,0.036369734331297886,148
AN00000906_Br6423_Ant_Cyto,Excit,0.4029094750453516,148
AN00000906_Br6423_Ant_Cyto,Inhib,0.1705217124340776,148
AN00000906_Br6423_Ant_Nuc,Astro,0.10450404011121969,148
AN00000906_Br6423_Ant_Nuc,EndoMural,0.0922413682629415,148
AN00000906_Br6423_Ant_Nuc,Micro,0.028606362978388446,148
AN00000906_Br6423_Ant_Nuc,Oligo,0.1602127720299974,148
AN00000906_Br6423_Ant_Nuc,OPC,0.03412935767116685,148
AN00000906_Br6423_Ant_Nuc,Excit,0.4465836061867761,148
AN00000906_Br6423_Ant_Nuc,Inhib,0.13372249275950995,148
AN00000906_Br6423_Post_Bulk,Astro,0.12514448907372022,148
AN00000906_Br6423_Post_Bulk,EndoMural,0.0877413636108431,148
AN00000906_Br6423_Post_Bulk,Micro,0.039647560486222914,148
AN00000906_Br6423_Post_Bulk,Oligo,0.17525212669035511,148
AN00000906_Br6423_Post_Bulk,OPC,0.03179674028769327,148
AN00000906_Br6423_Post_Bulk,Excit,0.38839333673910514,148
AN00000906_Br6423_Post_Bulk,Inhib,0.15202438311206026,148
AN00000906_Br6423_Post_Cyto,Astro,0.11822317535280552,148
AN00000906_Br6423_Post_Cyto,EndoMural,0.11158724238217371,148
AN00000906_Br6423_Post_Cyto,Micro,0.03741758833695121,148
AN00000906_Br6423_Post_Cyto,Oligo,0.14377169797527573,148
AN00000906_Br6423_Post_Cyto,OPC,0.03475702466550833,148
AN00000906_Br6423_Post_Cyto,Excit,0.38295427291473705,148
AN00000906_Br6423_Post_Cyto,Inhib,0.17128899837254838,148
AN00000906_Br6423_Post_Nuc,Astro,0.10302718702864876,148
AN00000906_Br6423_Post_Nuc,EndoMural,0.10744507710361414,148
AN00000906_Br6423_Post_Nuc,Micro,0.0297778641473601,148
AN00000906_Br6423_Post_Nuc,Oligo,0.18236030936307746,148
AN00000906_Br6423_Post_Nuc,OPC,0.032106012926390884,148
AN00000906_Br6423_Post_Nuc,Excit,0.40361219431537426,148
AN00000906_Br6423_Post_Nuc,Inhib,0.14167135511553441,148
AN00000906_Br6471_Mid_Bulk,Astro,0.07246472676412352,148
AN00000906_Br6471_Mid_Bulk,EndoMural,0.06673307504351005,148
AN00000906_Br6471_Mid_Bulk,Micro,0.029048229400277785,148
AN00000906_Br6471_Mid_Bulk,Oligo,0.21791682966618758,148
AN00000906_Br6471_Mid_Bulk,OPC,0.034234805673676615,148
AN00000906_Br6471_Mid_Bulk,Excit,0.454053078918999,148
AN00000906_Br6471_Mid_Bulk,Inhib,0.1255492545332254,148
AN00000906_Br6471_Mid_Cyto,Astro,0.06306137850085691,148
AN00000906_Br6471_Mid_Cyto,EndoMural,0.07457590064868444,148
AN00000906_Br6471_Mid_Cyto,Micro,0.03504060762949719,148
AN00000906_Br6471_Mid_Cyto,Oligo,0.2882263575518951,148
AN00000906_Br6471_Mid_Cyto,OPC,0.034090587707350545,148
AN00000906_Br6471_Mid_Cyto,Excit,0.3830193715956296,148
AN00000906_Br6471_Mid_Cyto,Inhib,0.12198579636608625,148
AN00000906_Br6471_Mid_Nuc,Astro,0.049911639147254945,148
AN00000906_Br6471_Mid_Nuc,EndoMural,0.07424514870106473,148
AN00000906_Br6471_Mid_Nuc,Micro,0.025768555361514178,148
AN00000906_Br6471_Mid_Nuc,Oligo,0.3039667211035761,148
AN00000906_Br6471_Mid_Nuc,OPC,0.03512391782560913,148
AN00000906_Br6471_Mid_Nuc,Excit,0.41313107204392974,148
AN00000906_Br6471_Mid_Nuc,Inhib,0.09785294581705122,148
AN00000906_Br6522_Mid_Bulk,Astro,0.07401677167805477,148
AN00000906_Br6522_Mid_Bulk,EndoMural,0.06248216529376775,148
AN00000906_Br6522_Mid_Bulk,Micro,0.0323156174329932,148
AN00000906_Br6522_Mid_Bulk,Oligo,0.1512134688825876,148
AN00000906_Br6522_Mid_Bulk,OPC,0.037713842351117806,148
AN00000906_Br6522_Mid_Bulk,Excit,0.5165979765898988,148
AN00000906_Br6522_Mid_Bulk,Inhib,0.12566015777158002,148
AN00000906_Br6522_Mid_Cyto,Astro,0.062410023808949514,148
AN00000906_Br6522_Mid_Cyto,EndoMural,0.06880324549175344,148
AN00000906_Br6522_Mid_Cyto,Micro,0.03559318881363495,148
AN00000906_Br6522_Mid_Cyto,Oligo,0.18731517343196738,148
AN00000906_Br6522_Mid_Cyto,OPC,0.03775254354987036,148
AN00000906_Br6522_Mid_Cyto,Excit,0.4850846626971456,148
AN00000906_Br6522_Mid_Cyto,Inhib,0.12304116220667871,148
AN00000906_Br6522_Mid_Nuc,Astro,0.05334301919707553,148
AN00000906_Br6522_Mid_Nuc,EndoMural,0.07671053918523937,148
AN00000906_Br6522_Mid_Nuc,Micro,0.024641612634414008,148
AN00000906_Br6522_Mid_Nuc,Oligo,0.17963814445793874,148
AN00000906_Br6522_Mid_Nuc,OPC,0.03802802212508913,148
AN00000906_Br6522_Mid_Nuc,Excit,0.5193964184492313,148
AN00000906_Br6522_Mid_Nuc,Inhib,0.10824224395101188,148
AN00000906_Br6522_Post_Bulk,Astro,0.08375777086067014,148
AN00000906_Br6522_Post_Bulk,EndoMural,0.06757062041495303,148
AN00000906_Br6522_Post_Bulk,Micro,0.03313127232311248,148
AN00000906_Br6522_Post_Bulk,Oligo,0.10651975807657332,148
AN00000906_Br6522_Post_Bulk,OPC,0.0378870825274428,148
AN00000906_Br6522_Post_Bulk,Excit,0.5171032535665644,148
AN00000906_Br6522_Post_Bulk,Inhib,0.1540302422306839,148
AN00000906_Br6522_Post_Cyto,Astro,0.07536640759545384,148
AN00000906_Br6522_Post_Cyto,EndoMural,0.07144699855385199,148
AN00000906_Br6522_Post_Cyto,Micro,0.03689098101224862,148
AN00000906_Br6522_Post_Cyto,Oligo,0.10295751134439732,148
AN00000906_Br6522_Post_Cyto,OPC,0.035819667690576325,148
AN00000906_Br6522_Post_Cyto,Excit,0.5121973963079035,148
AN00000906_Br6522_Post_Cyto,Inhib,0.16532103749556834,148
AN00000906_Br6522_Post_Nuc,Astro,0.06426143397255268,148
AN00000906_Br6522_Post_Nuc,EndoMural,0.09501018829170571,148
AN00000906_Br6522_Post_Nuc,Micro,0.025439873153101502,148
AN00000906_Br6522_Post_Nuc,Oligo,0.08736543490975228,148
AN00000906_Br6522_Post_Nuc,OPC,0.036225735543126844,148
AN00000906_Br6522_Post_Nuc,Excit,0.5278859688366283,148
AN00000906_Br6522_Post_Nuc,Inhib,0.16381136529313262,148
AN00000906_Br8325_Ant_Bulk,Astro,0.12073439510510807,148
AN00000906_Br8325_Ant_Bulk,EndoMural,0.07821623276776044,148
AN00000906_Br8325_Ant_Bulk,Micro,0.029934801744105736,148
AN00000906_Br8325_Ant_Bulk,Oligo,0.08805776786980779,148
AN00000906_Br8325_Ant_Bulk,OPC,0.03328989515164698,148
AN00000906_Br8325_Ant_Bulk,Excit,0.49806542568500356,148
AN00000906_Br8325_Ant_Bulk,Inhib,0.15170148167656747,148
AN00000906_Br8325_Ant_Cyto,Astro,0.09375578038831274,148
AN00000906_Br8325_Ant_Cyto,EndoMural,0.09454777094074053,148
AN00000906_Br8325_Ant_Cyto,Micro,0.03080823715970587,148
AN00000906_Br8325_Ant_Cyto,Oligo,0.11977778274960248,148
AN00000906_Br8325_Ant_Cyto,OPC,0.03617802396869676,148
AN00000906_Br8325_Ant_Cyto,Excit,0.44168110436334274,148
AN00000906_Br8325_Ant_Cyto,Inhib,0.18325130042959897,148
AN00000906_Br8325_Ant_Nuc,Astro,0.0848189448339209,148
AN00000906_Br8325_Ant_Nuc,EndoMural,0.09469976912007569,148
AN00000906_Br8325_Ant_Nuc,Micro,0.0216485263378168,148
AN00000906_Br8325_Ant_Nuc,Oligo,0.09332829643338054,148
AN00000906_Br8325_Ant_Nuc,OPC,0.03401250176340768,148
AN00000906_Br8325_Ant_Nuc,Excit,0.5278285494939489,148
AN00000906_Br8325_Ant_Nuc,Inhib,0.1436634120174495,148
AN00000906_Br8325_Mid_Bulk,Astro,0.05595292708815879,148
AN00000906_Br8325_Mid_Bulk,EndoMural,0.05118067375015492,148
AN00000906_Br8325_Mid_Bulk,Micro,0.03458994811545516,148
AN00000906_Br8325_Mid_Bulk,Oligo,0.5372479542039055,148
AN00000906_Br8325_Mid_Bulk,OPC,0.03655061583608529,148
AN00000906_Br8325_Mid_Bulk,Excit,0.22260693770598244,148
AN00000906_Br8325_Mid_Bulk,Inhib,0.06187094330025797,148
AN00000906_Br8325_Mid_Cyto,Astro,0.024114518427454407,148
AN00000906_Br8325_Mid_Cyto,EndoMural,0.045890229114609285,148
AN00000906_Br8325_Mid_Cyto,Micro,0.03689518221992329,148
AN00000906_Br8325_Mid_Cyto,Oligo,0.7314246441396434,148
AN00000906_Br8325_Mid_Cyto,OPC,0.030554596361647902,148
AN00000906_Br8325_Mid_Cyto,Excit,0.09538529812755438,148
AN00000906_Br8325_Mid_Cyto,Inhib,0.03573553160916733,148
AN00000906_Br8325_Mid_Nuc,Astro,0.017706856663240383,148
AN00000906_Br8325_Mid_Nuc,EndoMural,0.046181615541095164,148
AN00000906_Br8325_Mid_Nuc,Micro,0.029256881193085726,148
AN00000906_Br8325_Mid_Nuc,Oligo,0.7583198092141963,148
AN00000906_Br8325_Mid_Nuc,OPC,0.03696159780358996,148
AN00000906_Br8325_Mid_Nuc,Excit,0.07368403563765906,148
AN00000906_Br8325_Mid_Nuc,Inhib,0.03788920394713349,148
AN00000906_Br8492_Mid_Bulk,Astro,0.04425394024635139,148
AN00000906_Br8492_Mid_Bulk,EndoMural,0.06711824662301358,148
AN00000906_Br8492_Mid_Bulk,Micro,0.034700299868082464,148
AN00000906_Br8492_Mid_Bulk,Oligo,0.20797503696274844,148
AN00000906_Br8492_Mid_Bulk,OPC,0.029646052205739657,148
AN00000906_Br8492_Mid_Bulk,Excit,0.4955389132959578,148
AN00000906_Br8492_Mid_Bulk,Inhib,0.12076751079810659,148
AN00000906_Br8492_Mid_Cyto,Astro,0.04440723551899615,148
AN00000906_Br8492_Mid_Cyto,EndoMural,0.07825853564087877,148
AN00000906_Br8492_Mid_Cyto,Micro,0.03645169869218665,148
AN00000906_Br8492_Mid_Cyto,Oligo,0.20240383545328372,148
AN00000906_Br8492_Mid_Cyto,OPC,0.029077390590003003,148
AN00000906_Br8492_Mid_Cyto,Excit,0.4562683622940068,148
AN00000906_Br8492_Mid_Cyto,Inhib,0.15313294181064482,148
AN00000906_Br8492_Post_Bulk,Astro,0.030710360956008216,148
AN00000906_Br8492_Post_Bulk,EndoMural,0.07807271622020572,148
AN00000906_Br8492_Post_Bulk,Micro,0.032044572369905926,148
AN00000906_Br8492_Post_Bulk,Oligo,0.2063653491440397,148
AN00000906_Br8492_Post_Bulk,OPC,0.02602792070408259,148
AN00000906_Br8492_Post_Bulk,Excit,0.4821371382490591,148
AN00000906_Br8492_Post_Bulk,Inhib,0.14464194235669867,148
AN00000906_Br8492_Post_Cyto,Astro,0.04130360123832602,148
AN00000906_Br8492_Post_Cyto,EndoMural,0.08606080413964429,148
AN00000906_Br8492_Post_Cyto,Micro,0.0384598369520737,148
AN00000906_Br8492_Post_Cyto,Oligo,0.20412938395374705,148
AN00000906_Br8492_Post_Cyto,OPC,0.028178270670233676,148
AN00000906_Br8492_Post_Cyto,Excit,0.44089169928179445,148
AN00000906_Br8492_Post_Cyto,Inhib,0.16097640376418082,148
AN00000906_Br8492_Post_Nuc,Astro,0.03841193000349375,148
AN00000906_Br8492_Post_Nuc,EndoMural,0.12292878173193332,148
AN00000906_Br8492_Post_Nuc,Micro,0.03048763448069636,148
AN00000906_Br8492_Post_Nuc,Oligo,0.1872320774211321,148
AN00000906_Br8492_Post_Nuc,OPC,0.023738259441725897,148
AN00000906_Br8492_Post_Nuc,Excit,0.44963357288363787,148
AN00000906_Br8492_Post_Nuc,Inhib,0.14756774403738068,148
AN00000906_Br8667_Ant_Bulk,Astro,0.11558313635738555,148
AN00000906_Br8667_Ant_Bulk,EndoMural,0.0754877514204387,148
AN00000906_Br8667_Ant_Bulk,Micro,0.04042864233138153,148
AN00000906_Br8667_Ant_Bulk,Oligo,0.1410629790849751,148
AN00000906_Br8667_Ant_Bulk,OPC,0.032439363415056634,148
AN00000906_Br8667_Ant_Bulk,Excit,0.4481944037516152,148
AN00000906_Br8667_Ant_Bulk,Inhib,0.14680372363914737,148
AN00000906_Br8667_Ant_Cyto,Astro,0.10555354641425951,148
AN00000906_Br8667_Ant_Cyto,EndoMural,0.09022415953611052,148
AN00000906_Br8667_Ant_Cyto,Micro,0.04731026757378207,148
AN00000906_Br8667_Ant_Cyto,Oligo,0.13792098255885712,148
AN00000906_Br8667_Ant_Cyto,OPC,0.03091759256313741,148
AN00000906_Br8667_Ant_Cyto,Excit,0.46029656906098,148
AN00000906_Br8667_Ant_Cyto,Inhib,0.12777688229287337,148
AN00000906_Br8667_Ant_Nuc,Astro,0.11605332786914363,148
AN00000906_Br8667_Ant_Nuc,EndoMural,0.081828625794685,148
AN00000906_Br8667_Ant_Nuc,Micro,0.030370229195571148,148
AN00000906_Br8667_Ant_Nuc,Oligo,0.15241413859347974,148
AN00000906_Br8667_Ant_Nuc,OPC,0.033601641935970185,148
AN00000906_Br8667_Ant_Nuc,Excit,0.4346633356897841,148
AN00000906_Br8667_Ant_Nuc,Inhib,0.15106870092136626,148
AN00000906_Br8667_Mid_Bulk,Astro,0.13769133846580112,148
AN00000906_Br8667_Mid_Bulk,EndoMural,0.08929192716446432,148
AN00000906_Br8667_Mid_Bulk,Micro,0.040237016041196824,148
AN00000906_Br8667_Mid_Bulk,Oligo,0.08994820099664999,148
AN00000906_Br8667_Mid_Bulk,OPC,0.03010662247847316,148
AN00000906_Br8667_Mid_Bulk,Excit,0.44255301352888277,148
AN00000906_Br8667_Mid_Bulk,Inhib,0.1701718813245319,148
AN00000906_Br8667_Mid_Cyto,Astro,0.14689583977041268,148
AN00000906_Br8667_Mid_Cyto,EndoMural,0.13313996582891652,148
AN00000906_Br8667_Mid_Cyto,Micro,0.044794504960849704,148
AN00000906_Br8667_Mid_Cyto,Oligo,0.08033726193742985,148
AN00000906_Br8667_Mid_Cyto,OPC,0.03211414582758377,148
AN00000906_Br8667_Mid_Cyto,Excit,0.3969362027368354,148
AN00000906_Br8667_Mid_Cyto,Inhib,0.16578207893797217,148
AN00000906_Br8667_Mid_Nuc,Astro,0.1400119523019488,148
AN00000906_Br8667_Mid_Nuc,EndoMural,0.10335956400980763,148
AN00000906_Br8667_Mid_Nuc,Micro,0.03208019013868952,148
AN00000906_Br8667_Mid_Nuc,Oligo,0.06873852733885999,148
AN00000906_Br8667_Mid_Nuc,OPC,0.03484861122387965,148
AN00000906_Br8667_Mid_Nuc,Excit,0.4339542944665034,148
AN00000906_Br8667_Mid_Nuc,Inhib,0.18700686052031107,148
