marker,method,library_combo,cor,cor_spearman,rmse,concordance,cor_anno,cor_spear_anno,n_markers
HVG10,CIBERSORTx,polyA_Cyto,0.7001341222476902,0.38470558816967004,0.23346454764743196,0.5793650793650793,"cor:0.700
rmse:0.233","cor:0.385
rmse:0.233",811
MeanRatio_over2,hspe,polyA_Cyto,0.6900041899344774,0.4689900153609831,0.2150251434093299,0.47055811571940603,"cor:0.690
rmse:0.215","cor:0.469
rmse:0.215",557
HVG20,CIBERSORTx,polyA_Cyto,0.6843835470489443,0.3878415098509401,0.21422159875971006,0.4039938556067588,"cor:0.684
rmse:0.214","cor:0.388
rmse:0.214",1623
MeanRatio_over2,CIBERSORTx,polyA_Cyto,0.6837046324894955,0.40177497981586735,0.2626371088378278,0.4807987711213518,"cor:0.684
rmse:0.263","cor:0.402
rmse:0.263",557
MeanRatio_top25,Bisque,polyA_Cyto,0.6826028183217111,0.567924347158218,0.12340933482384323,0.48131080389144903,"cor:0.683
rmse:0.123","cor:0.568
rmse:0.123",151
HVG30,CIBERSORTx,polyA_Cyto,0.6823262180630988,0.39650050909415085,0.22126489351511336,0.5727086533538146,"cor:0.682
rmse:0.221","cor:0.397
rmse:0.221",2434
1vALL_top25,hspe,polyA_Cyto,0.6702468882053181,0.37485599078341014,0.2053928333020267,0.5186891961085509,"cor:0.670
rmse:0.205","cor:0.375
rmse:0.205",145
MeanRatio_MAD3,hspe,polyA_Cyto,0.6687497302738882,0.30030721966205837,0.21269263556638093,0.5284178187403994,"cor:0.669
rmse:0.213","cor:0.300
rmse:0.213",520
HVG10,Bisque,polyA_Cyto,0.6648765883098934,0.44177227342549924,0.13334495376919067,0.4019457245263697,"cor:0.665
rmse:0.133","cor:0.442
rmse:0.133",811
MeanRatio_MAD3,CIBERSORTx,polyA_Cyto,0.6551305824233153,0.17341351609850134,0.24573685805639636,0.525857654889913,"cor:0.655
rmse:0.246","cor:0.173
rmse:0.246",520
HVG20,Bisque,polyA_Cyto,0.6516543285068479,0.41527457757296465,0.13218535618978342,0.40885816692268306,"cor:0.652
rmse:0.132","cor:0.415
rmse:0.132",1623
MeanRatio_MAD3,Bisque,polyA_Cyto,0.648665555632577,0.44773612468062474,0.13635405272464257,0.49513568868407576,"cor:0.649
rmse:0.136","cor:0.448
rmse:0.136",520
MeanRatio_top25,CIBERSORTx,polyA_Cyto,0.6450449556457988,0.2311347926267281,0.1850608780054335,0.47465437788018433,"cor:0.645
rmse:0.185","cor:0.231
rmse:0.185",151
MeanRatio_over2,Bisque,polyA_Cyto,0.6437806075566147,0.42001132254304957,0.13906840007083301,0.4679979518689196,"cor:0.644
rmse:0.139","cor:0.420
rmse:0.139",557
HVG80,CIBERSORTx,polyA_Cyto,0.6434339803898519,0.3073247754935924,0.21542063004952455,0.6236559139784946,"cor:0.643
rmse:0.215","cor:0.307
rmse:0.215",6490
HVG30,Bisque,polyA_Cyto,0.6423844951079284,0.4041907185237118,0.13329138537497184,0.5481310803891449,"cor:0.642
rmse:0.133","cor:0.404
rmse:0.133",2434
HVG100,CIBERSORTx,polyA_Cyto,0.6404171026097357,0.316877677103307,0.2168742232503619,0.6185355862775218,"cor:0.640
rmse:0.217","cor:0.317
rmse:0.217",8113
HVG40,Bisque,polyA_Cyto,0.6386308590918393,0.4011809327266776,0.13333948074655116,0.6264720942140297,"cor:0.639
rmse:0.133","cor:0.401
rmse:0.133",3245
HVG50,Bisque,polyA_Cyto,0.636242684901328,0.40015363114976793,0.13299192876278615,0.5965181771633384,"cor:0.636
rmse:0.133","cor:0.400
rmse:0.133",4056
HVG60,Bisque,polyA_Cyto,0.6357990983902516,0.40015363114976793,0.13267678113780357,0.663594470046083,"cor:0.636
rmse:0.133","cor:0.400
rmse:0.133",4868
HVG70,Bisque,polyA_Cyto,0.635262962585659,0.40072973715742205,0.13254412209379637,0.39528929851510497,"cor:0.635
rmse:0.133","cor:0.401
rmse:0.133",5679
HVG40,CIBERSORTx,polyA_Cyto,0.6318640484556336,0.4040025748115547,0.19122724440080047,0.6177675371223759,"cor:0.632
rmse:0.191","cor:0.404
rmse:0.191",3245
HVG50,CIBERSORTx,polyA_Cyto,0.6297806842317678,0.33243214427169004,0.20914117809286642,0.5983102918586789,"cor:0.630
rmse:0.209","cor:0.332
rmse:0.209",4056
HVG40,CIBERSORTx,RiboZeroGold_Total,0.623538057221217,0.6157471684325905,0.13219790541403606,0.690537084398977,"cor:0.624
rmse:0.132","cor:0.616
rmse:0.132",3245
HVG10,CIBERSORTx,RiboZeroGold_Total,0.6220144982893347,0.6732188527584949,0.15070824174976583,0.6357630008525149,"cor:0.622
rmse:0.151","cor:0.673
rmse:0.151",811
HVG90,CIBERSORTx,polyA_Cyto,0.6215716980197062,0.2887587901519339,0.21256646259112777,0.6349206349206349,"cor:0.622
rmse:0.213","cor:0.289
rmse:0.213",7302
1vALL_top25,Bisque,polyA_Cyto,0.6189270677257346,0.3535370533637542,0.1362280842106408,0.6036866359447004,"cor:0.619
rmse:0.136","cor:0.354
rmse:0.136",145
HVG70,CIBERSORTx,polyA_Cyto,0.6137995211678973,0.28322747327553305,0.20089183503858773,0.5192012288786483,"cor:0.614
rmse:0.201","cor:0.283
rmse:0.201",5679
FULL,Bisque,polyA_Cyto,0.6137371973313945,0.3700556835637481,0.14336243750833064,0.4935995903737839,"cor:0.614
rmse:0.143","cor:0.370
rmse:0.143",17804
HVG100,CIBERSORTx,RiboZeroGold_Total,0.611074565804061,0.626927292656193,0.15115691581755786,0.7421142369991475,"cor:0.611
rmse:0.151","cor:0.627
rmse:0.151",8113
HVG80,CIBERSORTx,RiboZeroGold_Total,0.610823772908434,0.6436609426379248,0.14123835505862886,0.7212276214833759,"cor:0.611
rmse:0.141","cor:0.644
rmse:0.141",6490
HVG50,CIBERSORTx,RiboZeroGold_Total,0.6089212255039971,0.6301790281329924,0.13732538517580106,0.7310315430520034,"cor:0.609
rmse:0.137","cor:0.630
rmse:0.137",4056
FULL,CIBERSORTx,RiboZeroGold_Total,0.6086160157266469,0.6389842893679212,0.1380160870074673,0.5775788576300085,"cor:0.609
rmse:0.138","cor:0.639
rmse:0.138",17804
HVG80,Bisque,polyA_Cyto,0.6080140058236089,0.3655433947772658,0.14067310876545727,0.6461853558627753,"cor:0.608
rmse:0.141","cor:0.366
rmse:0.141",6490
HVG90,Bisque,polyA_Cyto,0.6077230691674139,0.3661674347158218,0.14038308336508434,0.6300563236047108,"cor:0.608
rmse:0.140","cor:0.366
rmse:0.140",7302
HVG100,Bisque,polyA_Cyto,0.6075205628209908,0.36688748079877115,0.140303759736607,0.6195596518177163,"cor:0.608
rmse:0.140","cor:0.367
rmse:0.140",8113
HVG20,CIBERSORTx,RiboZeroGold_Total,0.6070345633532392,0.5589331384727805,0.1509986406485323,0.4703751065643649,"cor:0.607
rmse:0.151","cor:0.559
rmse:0.151",1623
HVG30,CIBERSORTx,RiboZeroGold_Total,0.6058669036543758,0.6123858238947755,0.15315557911930486,0.7310315430520034,"cor:0.606
rmse:0.153","cor:0.612
rmse:0.153",2434
HVG70,CIBERSORTx,RiboZeroGold_Total,0.6053942838629606,0.6275849470222873,0.1413611363711305,0.6581415174765558,"cor:0.605
rmse:0.141","cor:0.628
rmse:0.141",5679
MeanRatio_top25,hspe,polyA_Cyto,0.6052889825292374,0.48108678955453155,0.13783294726270587,0.48131080389144903,"cor:0.605
rmse:0.138","cor:0.481
rmse:0.138",151
HVG60,CIBERSORTx,polyA_Cyto,0.6044284599617222,0.3509989908793519,0.20141616211360372,0.6589861751152074,"cor:0.604
rmse:0.201","cor:0.351
rmse:0.201",4868
HVG90,CIBERSORTx,RiboZeroGold_Total,0.6025447476646452,0.6187066130800147,0.1442852854591347,0.7276214833759591,"cor:0.603
rmse:0.144","cor:0.619
rmse:0.144",7302
HVG60,CIBERSORTx,RiboZeroGold_Total,0.5989639427985585,0.6211545487760322,0.13474353072916348,0.7148337595907929,"cor:0.599
rmse:0.135","cor:0.621
rmse:0.135",4868
HVG10,CIBERSORTx,polyA_Nuc,0.5936896495021802,0.390246430231984,0.24235803494316838,0.5942140296979007,"cor:0.594
rmse:0.242","cor:0.390
rmse:0.242",811
HVG10,CIBERSORTx,RiboZeroGold_Cyto,0.5935463210165873,0.6688710266715383,0.17272289807627594,0.611466325660699,"cor:0.594
rmse:0.173","cor:0.669
rmse:0.173",811
MeanRatio_over2,CIBERSORTx,polyA_Nuc,0.591400301455374,0.49410578858373994,0.26443069993918644,0.46543778801843316,"cor:0.591
rmse:0.264","cor:0.494
rmse:0.264",557
MeanRatio_over2,hspe,polyA_Nuc,0.5896473382198256,0.4952476958525346,0.22737835530691494,0.4833589349718382,"cor:0.590
rmse:0.227","cor:0.495
rmse:0.227",557
MeanRatio_over2,hspe,RiboZeroGold_Total,0.5885106388773036,0.5898428936792108,0.19866182259929907,0.5439045183290707,"cor:0.589
rmse:0.199","cor:0.590
rmse:0.199",557
HVG20,CIBERSORTx,RiboZeroGold_Cyto,0.5874732891547674,0.5192181220314214,0.16538208400100124,0.4641943734015345,"cor:0.587
rmse:0.165","cor:0.519
rmse:0.165",1623
MeanRatio_top25,Bisque,polyA_Nuc,0.5869641352745427,0.6021985407066053,0.12672058765149494,0.49257552483358935,"cor:0.587
rmse:0.127","cor:0.602
rmse:0.127",151
1vALL_top25,CIBERSORTx,polyA_Cyto,0.5863187856077449,0.24670963403674817,0.2075464870397657,0.5320020481310804,"cor:0.586
rmse:0.208","cor:0.247
rmse:0.208",145
1vALL_top25,hspe,RiboZeroGold_Total,0.584762911724265,0.5814029959810011,0.17990727337120466,0.5490196078431373,"cor:0.585
rmse:0.180","cor:0.581
rmse:0.180",145
HVG30,CIBERSORTx,polyA_Nuc,0.5844680887281813,0.39265135061302775,0.21562431842626328,0.6103430619559652,"cor:0.584
rmse:0.216","cor:0.393
rmse:0.216",2434
HVG10,CIBERSORTx,RiboZeroGold_Nuc,0.5835393029078664,0.6858783008036741,0.1655103654314909,0.6291375291375292,"cor:0.584
rmse:0.166","cor:0.686
rmse:0.166",811
FULL,CIBERSORTx,polyA_Cyto,0.5819889458919996,0.2614438577427308,0.19853631434464486,0.4976958525345622,"cor:0.582
rmse:0.199","cor:0.261
rmse:0.199",17804
HVG80,CIBERSORTx,RiboZeroGold_Cyto,0.5816440531397543,0.6051516258677384,0.15858300863665542,0.7293265132139812,"cor:0.582
rmse:0.159","cor:0.605
rmse:0.159",6490
MeanRatio_MAD3,hspe,polyA_Nuc,0.5811503799565254,0.351334485407066,0.21860725602204495,0.5775729646697388,"cor:0.581
rmse:0.219","cor:0.351
rmse:0.219",520
1vALL_top25,hspe,polyA_Nuc,0.5806453728042692,0.41949884792626724,0.22199411430791385,0.5704045058883769,"cor:0.581
rmse:0.222","cor:0.419
rmse:0.222",145
MeanRatio_MAD3,hspe,RiboZeroGold_Total,0.5805630593245665,0.49145049324077467,0.19773244619132663,0.7246376811594203,"cor:0.581
rmse:0.198","cor:0.491
rmse:0.198",520
MeanRatio_over2,hspe,RiboZeroGold_Nuc,0.5800619114744168,0.5651810875691474,0.21737766026337343,0.5296037296037296,"cor:0.580
rmse:0.217","cor:0.565
rmse:0.217",557
MeanRatio_over2,CIBERSORTx,RiboZeroGold_Total,0.5792021321348345,0.6843989769820974,0.12416783208404823,0.5110826939471441,"cor:0.579
rmse:0.124","cor:0.684
rmse:0.124",557
HVG30,CIBERSORTx,RiboZeroGold_Cyto,0.5774929771950432,0.5343807088052613,0.17039641326362,0.6862745098039216,"cor:0.577
rmse:0.170","cor:0.534
rmse:0.170",2434
MeanRatio_over2,hspe,RiboZeroGold_Cyto,0.5771643862108634,0.5221775666788455,0.20671742014187333,0.5017050298380221,"cor:0.577
rmse:0.207","cor:0.522
rmse:0.207",557
HVG80,CIBERSORTx,RiboZeroGold_Nuc,0.5768653463949809,0.6079741154368021,0.16206338730928257,0.7365967365967366,"cor:0.577
rmse:0.162","cor:0.608
rmse:0.162",6490
MeanRatio_MAD3,CIBERSORTx,polyA_Nuc,0.5767169058640743,0.25595567615449594,0.2642803234914466,0.579621095750128,"cor:0.577
rmse:0.264","cor:0.256
rmse:0.264",520
HVG20,CIBERSORTx,polyA_Nuc,0.5763804074174271,0.3785585171801109,0.21500523471871502,0.40040962621607784,"cor:0.576
rmse:0.215","cor:0.379
rmse:0.215",1623
HVG40,CIBERSORTx,RiboZeroGold_Nuc,0.57569700367643,0.5569982256549422,0.15906834043016524,0.6843822843822844,"cor:0.576
rmse:0.159","cor:0.557
rmse:0.159",3245
1vALL_top25,hspe,RiboZeroGold_Nuc,0.5754390561506822,0.5199248512681349,0.2111621363506287,0.5212121212121212,"cor:0.575
rmse:0.211","cor:0.520
rmse:0.211",145
HVG100,CIBERSORTx,RiboZeroGold_Nuc,0.5730306033415408,0.5836342761715897,0.1759492833434998,0.7347319347319348,"cor:0.573
rmse:0.176","cor:0.584
rmse:0.176",8113
HVG20,CIBERSORTx,RiboZeroGold_Nuc,0.5721638992281471,0.5390460285982674,0.16682316305747424,0.4641025641025641,"cor:0.572
rmse:0.167","cor:0.539
rmse:0.167",1623
HVG30,CIBERSORTx,RiboZeroGold_Nuc,0.5712938673994084,0.5788748564867968,0.1761722485490471,0.7151515151515151,"cor:0.571
rmse:0.176","cor:0.579
rmse:0.176",2434
HVG70,CIBERSORTx,RiboZeroGold_Nuc,0.5712912216155288,0.5821730508297673,0.16540392874881818,0.6475524475524476,"cor:0.571
rmse:0.165","cor:0.582
rmse:0.165",5679
HVG50,CIBERSORTx,RiboZeroGold_Cyto,0.5712488635538168,0.5793204238217027,0.15620815115637451,0.710997442455243,"cor:0.571
rmse:0.156","cor:0.579
rmse:0.156",4056
MeanRatio_over2,hspe,polyA_Total,0.5708041708345288,0.4698209718670077,0.22216867627276365,0.5089514066496164,"cor:0.571
rmse:0.222","cor:0.470
rmse:0.222",557
HVG100,CIBERSORTx,RiboZeroGold_Cyto,0.5700839725492718,0.5635001826817685,0.17006705204382028,0.7455242966751918,"cor:0.570
rmse:0.170","cor:0.564
rmse:0.170",8113
HVG70,CIBERSORTx,RiboZeroGold_Cyto,0.5693111087335077,0.575009134088418,0.1582024718772098,0.6112531969309463,"cor:0.569
rmse:0.158","cor:0.575
rmse:0.158",5679
MeanRatio_MAD3,hspe,RiboZeroGold_Nuc,0.5685731010497759,0.4575096545245799,0.21640340911357017,0.7174825174825175,"cor:0.569
rmse:0.216","cor:0.458
rmse:0.216",520
HVG90,CIBERSORTx,RiboZeroGold_Nuc,0.5685178907476548,0.5718192255505689,0.16453645100474426,0.706993006993007,"cor:0.569
rmse:0.165","cor:0.572
rmse:0.165",7302
HVG40,CIBERSORTx,polyA_Nuc,0.5677481478034557,0.42603164550191636,0.180974724173584,0.6259600614439325,"cor:0.568
rmse:0.181","cor:0.426
rmse:0.181",3245
HVG10,CIBERSORTx,polyA_Total,0.5671928186869067,0.38807161254010203,0.22292962221772353,0.5865302642796248,"cor:0.567
rmse:0.223","cor:0.388
rmse:0.223",811
HVG40,CIBERSORTx,RiboZeroGold_Cyto,0.5664217241227285,0.550018268176836,0.15210547000968977,0.6734867860187553,"cor:0.566
rmse:0.152","cor:0.550
rmse:0.152",3245
1vALL_top25,hspe,polyA_Total,0.565894715285832,0.411362805991962,0.21604023301280897,0.5592497868712702,"cor:0.566
rmse:0.216","cor:0.411
rmse:0.216",145
FULL,BayesPrism,RiboZeroGold_Total,0.5654275144894991,0.6380708805261236,0.12014900811422571,0.5856777493606138,"cor:0.565
rmse:0.120","cor:0.638
rmse:0.120",17804
HVG90,CIBERSORTx,RiboZeroGold_Cyto,0.5641876621722677,0.5379247351114359,0.16131036793656203,0.7442455242966752,"cor:0.564
rmse:0.161","cor:0.538
rmse:0.161",7302
MeanRatio_top25,CIBERSORTx,polyA_Nuc,0.5638832757599433,0.31672427035330264,0.19538695208807813,0.4915514592933948,"cor:0.564
rmse:0.195","cor:0.317
rmse:0.195",151
MeanRatio_MAD3,hspe,polyA_Total,0.5634088380750102,0.3998538545853124,0.21619934720918993,0.578005115089514,"cor:0.563
rmse:0.216","cor:0.400
rmse:0.216",520
FULL,CIBERSORTx,RiboZeroGold_Cyto,0.5630658631390363,0.5780781877968579,0.15421613953093904,0.5392156862745098,"cor:0.563
rmse:0.154","cor:0.578
rmse:0.154",17804
FULL,CIBERSORTx,RiboZeroGold_Nuc,0.5629911159104009,0.597703788748565,0.16794416872253246,0.5738927738927739,"cor:0.563
rmse:0.168","cor:0.598
rmse:0.168",17804
MeanRatio_over2,CIBERSORTx,polyA_Total,0.562466250480975,0.45484106686152725,0.20906681752412137,0.46334185848252346,"cor:0.562
rmse:0.209","cor:0.455
rmse:0.209",557
MeanRatio_MAD3,hspe,RiboZeroGold_Cyto,0.562202021932635,0.4081841432225064,0.20772966387472364,0.6508951406649617,"cor:0.562
rmse:0.208","cor:0.408
rmse:0.208",520
1vALL_top25,hspe,RiboZeroGold_Cyto,0.5621048282458803,0.4427109974424553,0.20214305900220406,0.4940323955669224,"cor:0.562
rmse:0.202","cor:0.443
rmse:0.202",145
HVG50,CIBERSORTx,RiboZeroGold_Nuc,0.5611882811191912,0.577246633963052,0.16405084401538503,0.7156177156177156,"cor:0.561
rmse:0.164","cor:0.577
rmse:0.164",4056
HVG10,Bisque,polyA_Nuc,0.5606631811366914,0.49942396313364057,0.13952593411149822,0.34434203789042495,"cor:0.561
rmse:0.140","cor:0.499
rmse:0.140",811
HVG30,CIBERSORTx,polyA_Total,0.560235024459303,0.37807142356885853,0.20405242445849506,0.6257459505541347,"cor:0.560
rmse:0.204","cor:0.378
rmse:0.204",2434
HVG20,CIBERSORTx,polyA_Total,0.5588147844271197,0.36889764384734697,0.20373436257331143,0.40494458653026427,"cor:0.559
rmse:0.204","cor:0.369
rmse:0.204",1623
HVG80,CIBERSORTx,polyA_Nuc,0.5585428242073338,0.32690082739528925,0.21294514521642272,0.6113671274961597,"cor:0.559
rmse:0.213","cor:0.327
rmse:0.213",6490
HVG50,CIBERSORTx,polyA_Nuc,0.5572609524288341,0.3656681439377159,0.1965020529836708,0.6049667178699437,"cor:0.557
rmse:0.197","cor:0.366
rmse:0.197",4056
HVG20,Bisque,polyA_Nuc,0.5572285537011256,0.44244431643625193,0.13945845474361254,0.4032258064516129,"cor:0.557
rmse:0.139","cor:0.442
rmse:0.139",1623
HVG60,CIBERSORTx,RiboZeroGold_Nuc,0.5569082554227951,0.5709842396409561,0.15892864262238288,0.7086247086247086,"cor:0.557
rmse:0.159","cor:0.571
rmse:0.159",4868
MeanRatio_MAD3,Bisque,polyA_Nuc,0.5560407783899834,0.4900388849196991,0.14693041596316758,0.5028161802355351,"cor:0.556
rmse:0.147","cor:0.490
rmse:0.147",520
HVG60,CIBERSORTx,RiboZeroGold_Cyto,0.5557590813908608,0.5569967117281696,0.15034826233861262,0.685848252344416,"cor:0.556
rmse:0.150","cor:0.557
rmse:0.150",4868
HVG70,Bisque,polyA_Total,0.553703240539692,0.5816587504567046,0.1407251041845169,0.4718670076726343,"cor:0.554
rmse:0.141","cor:0.582
rmse:0.141",5679
HVG60,Bisque,polyA_Total,0.5536343006786884,0.5816587504567046,0.14068080318410672,0.6687979539641944,"cor:0.554
rmse:0.141","cor:0.582
rmse:0.141",4868
HVG50,Bisque,polyA_Total,0.5534991580761023,0.5781512605042017,0.14075202286689484,0.6359761295822677,"cor:0.553
rmse:0.141","cor:0.578
rmse:0.141",4056
HVG30,Bisque,polyA_Total,0.553344911136362,0.5786262331019365,0.1406867475522719,0.6278772378516624,"cor:0.553
rmse:0.141","cor:0.579
rmse:0.141",2434
HVG40,Bisque,polyA_Total,0.5531979221972361,0.5767994154183413,0.14075254163254858,0.6332054560954816,"cor:0.553
rmse:0.141","cor:0.577
rmse:0.141",3245
HVG100,CIBERSORTx,polyA_Total,0.5529808343912708,0.42413814206232603,0.21146627270823043,0.6999147485080989,"cor:0.553
rmse:0.211","cor:0.424
rmse:0.211",8113
HVG20,Bisque,polyA_Total,0.5528408175237206,0.5825356229448302,0.1397304243751374,0.4092071611253197,"cor:0.553
rmse:0.140","cor:0.583
rmse:0.140",1623
HVG30,Bisque,polyA_Nuc,0.5522686063236896,0.42545122887864817,0.14096791968344638,0.5849974398361495,"cor:0.552
rmse:0.141","cor:0.425
rmse:0.141",2434
HVG100,CIBERSORTx,polyA_Nuc,0.5521565168411205,0.3506133423523815,0.21452675465595267,0.6344086021505376,"cor:0.552
rmse:0.215","cor:0.351
rmse:0.215",8113
HVG10,Bisque,polyA_Total,0.5515139026016389,0.5945195469492145,0.13988902818850452,0.3674339300937767,"cor:0.552
rmse:0.140","cor:0.595
rmse:0.140",811
MeanRatio_MAD3,CIBERSORTx,polyA_Total,0.5510636197837527,0.36353671903544027,0.20528201938046634,0.5042625745950554,"cor:0.551
rmse:0.205","cor:0.364
rmse:0.205",520
HVG80,CIBERSORTx,polyA_Total,0.5507566264184376,0.3547142464373652,0.20686783464895037,0.6832907075873828,"cor:0.551
rmse:0.207","cor:0.355
rmse:0.207",6490
HVG40,Bisque,polyA_Nuc,0.5499175154931367,0.40975422427035335,0.14150687175023027,0.6408090117767538,"cor:0.550
rmse:0.142","cor:0.410
rmse:0.142",3245
MeanRatio_top25,hspe,RiboZeroGold_Total,0.5489627753059043,0.5521008403361345,0.14284467018665792,0.592071611253197,"cor:0.549
rmse:0.143","cor:0.552
rmse:0.143",151
MeanRatio_MAD3,CIBERSORTx,RiboZeroGold_Total,0.5488976036460349,0.5623675557179394,0.12926006521989938,0.34825234441602726,"cor:0.549
rmse:0.129","cor:0.562
rmse:0.129",520
HVG50,Bisque,polyA_Nuc,0.5483394332944265,0.4049539170506912,0.14152172813122432,0.6095750128008193,"cor:0.548
rmse:0.142","cor:0.405
rmse:0.142",4056
HVG60,Bisque,polyA_Nuc,0.547928708407632,0.4049539170506912,0.14138447906514984,0.7122375832053252,"cor:0.548
rmse:0.141","cor:0.405
rmse:0.141",4868
MeanRatio_over2,CIBERSORTx,RiboZeroGold_Cyto,0.547670196869182,0.6033978808914872,0.16056573766422252,0.5008525149190111,"cor:0.548
rmse:0.161","cor:0.603
rmse:0.161",557
HVG70,Bisque,polyA_Nuc,0.5473366674417058,0.4049539170506912,0.14139906822115603,0.402457757296467,"cor:0.547
rmse:0.141","cor:0.405
rmse:0.141",5679
MeanRatio_MAD3,Bisque,polyA_Total,0.5450177750952785,0.6136645962732921,0.14319584909469688,0.5264279624893435,"cor:0.545
rmse:0.143","cor:0.614
rmse:0.143",520
1vALL_top25,CIBERSORTx,polyA_Nuc,0.5446531913631889,0.32141914343703615,0.19984805633547556,0.6021505376344086,"cor:0.545
rmse:0.200","cor:0.321
rmse:0.200",145
HVG50,CIBERSORTx,polyA_Total,0.5443106553344625,0.39417982159057807,0.19727727758078606,0.61615515771526,"cor:0.544
rmse:0.197","cor:0.394
rmse:0.197",4056
HVG40,CIBERSORTx,polyA_Total,0.543944571296151,0.41651191884796196,0.18240332918462665,0.6204177323103154,"cor:0.544
rmse:0.182","cor:0.417
rmse:0.182",3245
HVG70,CIBERSORTx,polyA_Nuc,0.5437101066667596,0.3213695105188884,0.19161456857475603,0.5084485407066053,"cor:0.544
rmse:0.192","cor:0.321
rmse:0.192",5679
HVG70,CIBERSORTx,polyA_Total,0.543199041246649,0.3493394639498707,0.19106167719667466,0.5426257459505541,"cor:0.543
rmse:0.191","cor:0.349
rmse:0.191",5679
HVG90,CIBERSORTx,polyA_Total,0.5430571918895295,0.33329739906757894,0.20696900245737063,0.7208013640238704,"cor:0.543
rmse:0.207","cor:0.333
rmse:0.207",7302
1vALL_top25,MuSiC,polyA_Cyto,0.5403947410652093,0.30801545904116884,0.19944627213447072,0.5186891961085509,"cor:0.540
rmse:0.199","cor:0.308
rmse:0.199",145
FULL,Bisque,RiboZeroGold_Cyto,0.5398309447820153,0.6760825985319324,0.13280848779493282,0.5353793691389599,"cor:0.540
rmse:0.133","cor:0.676
rmse:0.133",17804
HVG90,Bisque,RiboZeroGold_Cyto,0.5386194265997716,0.6698575082206797,0.13387224298668765,0.7431798806479113,"cor:0.539
rmse:0.134","cor:0.670
rmse:0.134",7302
HVG80,Bisque,RiboZeroGold_Cyto,0.5386116890640987,0.6705882352941178,0.13375358728000497,0.7497868712702472,"cor:0.539
rmse:0.134","cor:0.671
rmse:0.134",6490
HVG100,Bisque,RiboZeroGold_Cyto,0.5385995575424326,0.6698575082206797,0.1339048133888319,0.7450980392156863,"cor:0.539
rmse:0.134","cor:0.670
rmse:0.134",8113
HVG90,CIBERSORTx,polyA_Nuc,0.5381260629596384,0.3007352936495322,0.20882975061604467,0.6487455197132617,"cor:0.538
rmse:0.209","cor:0.301
rmse:0.209",7302
MeanRatio_MAD3,CIBERSORTx,RiboZeroGold_Nuc,0.5362444882581695,0.552155307379188,0.16169743936967793,0.47878787878787876,"cor:0.536
rmse:0.162","cor:0.552
rmse:0.162",520
MeanRatio_over2,Bisque,polyA_Nuc,0.5344199822806509,0.36656905615662444,0.15268509875134995,0.48847926267281105,"cor:0.534
rmse:0.153","cor:0.367
rmse:0.153",557
FULL,BayesPrism,RiboZeroGold_Nuc,0.5337974211201828,0.6112723097797725,0.15403688475859653,0.5967365967365967,"cor:0.534
rmse:0.154","cor:0.611
rmse:0.154",17804
FULL,Bisque,polyA_Total,0.5337892097198894,0.5526488856412131,0.14806653543317802,0.5392156862745098,"cor:0.534
rmse:0.148","cor:0.553
rmse:0.148",17804
HVG60,CIBERSORTx,polyA_Total,0.5330924557938459,0.4116239467146443,0.18824935080687796,0.6734867860187553,"cor:0.533
rmse:0.188","cor:0.412
rmse:0.188",4868
MeanRatio_over2,CIBERSORTx,RiboZeroGold_Nuc,0.5327999203969008,0.616182703081775,0.1608742850555927,0.4927738927738928,"cor:0.533
rmse:0.161","cor:0.616
rmse:0.161",557
1vALL_top25,DWLS,polyA_Nuc,0.5298859485198654,0.299587173579109,0.19913984858064435,0.6093189964157706,"cor:0.530
rmse:0.199","cor:0.300
rmse:0.199",145
MeanRatio_top25,hspe,polyA_Nuc,0.5292762746473301,0.5447868663594471,0.13387201941718804,0.49257552483358935,"cor:0.529
rmse:0.134","cor:0.545
rmse:0.134",151
HVG60,CIBERSORTx,polyA_Nuc,0.5282412984853018,0.3539193938612979,0.18891577577796803,0.6769073220686124,"cor:0.528
rmse:0.189","cor:0.354
rmse:0.189",4868
1vALL_top25,DWLS,polyA_Cyto,0.5274962887981074,0.2727534562211981,0.20502930474885267,0.5816692268305171,"cor:0.527
rmse:0.205","cor:0.273
rmse:0.205",145
HVG80,Bisque,polyA_Total,0.5264067703250037,0.5479722323712094,0.1479035332290949,0.7284739982949702,"cor:0.526
rmse:0.148","cor:0.548
rmse:0.148",6490
HVG90,Bisque,polyA_Total,0.5263705253868222,0.5455973693825357,0.14773858039704174,0.7195225916453538,"cor:0.526
rmse:0.148","cor:0.546
rmse:0.148",7302
HVG100,Bisque,polyA_Total,0.5263676121100948,0.5435147972232371,0.14769746069575243,0.6990622335890878,"cor:0.526
rmse:0.148","cor:0.544
rmse:0.148",8113
MeanRatio_over2,Bisque,polyA_Total,0.5262884623600856,0.5403726708074535,0.1467655501702844,0.4820971867007673,"cor:0.526
rmse:0.147","cor:0.540
rmse:0.147",557
MeanRatio_top25,hspe,RiboZeroGold_Nuc,0.5246920025531477,0.507775806283269,0.15700659762117022,0.544055944055944,"cor:0.525
rmse:0.157","cor:0.508
rmse:0.157",151
HVG60,Bisque,RiboZeroGold_Cyto,0.5246308645247062,0.6764222299812727,0.13828871648250607,0.6790281329923273,"cor:0.525
rmse:0.138","cor:0.676
rmse:0.138",4868
HVG70,Bisque,RiboZeroGold_Cyto,0.5244519682503479,0.6774452852634785,0.13844535650065726,0.5063938618925832,"cor:0.524
rmse:0.138","cor:0.677
rmse:0.138",5679
HVG50,Bisque,RiboZeroGold_Cyto,0.5243004297471741,0.6755087877650174,0.1381890307990249,0.6892583120204604,"cor:0.524
rmse:0.138","cor:0.676
rmse:0.138",4056
1vALL_top25,Bisque,RiboZeroGold_Cyto,0.5239924277466246,0.6510506229633484,0.14507390104475354,0.6155157715260017,"cor:0.524
rmse:0.145","cor:0.651
rmse:0.145",145
HVG40,Bisque,RiboZeroGold_Cyto,0.5238591325624811,0.6760203154061203,0.13805042977065554,0.6786018755328218,"cor:0.524
rmse:0.138","cor:0.676
rmse:0.138",3245
HVG10,Bisque,RiboZeroGold_Cyto,0.5233727977103018,0.6786262331019365,0.13713032799574493,0.4669650468883205,"cor:0.523
rmse:0.137","cor:0.679
rmse:0.137",811
HVG20,Bisque,RiboZeroGold_Cyto,0.522487810866419,0.6793276725155777,0.13790724251694617,0.46248934356351235,"cor:0.522
rmse:0.138","cor:0.679
rmse:0.138",1623
HVG30,Bisque,RiboZeroGold_Cyto,0.52192268281685406,0.6743582744862568,0.1382116136365757,0.6641091219096334,"cor:0.522
rmse:0.138","cor:0.674
rmse:0.138",2434
FULL,hspe,RiboZeroGold_Total,0.5214037266983155,0.5699671172816954,0.09731770473276415,0.5682011935208866,"cor:0.521
rmse:0.097","cor:0.570
rmse:0.097",17804
FULL,CIBERSORTx,polyA_Nuc,0.5198923109378831,0.30318831243819694,0.18171227652491623,0.5504352278545827,"cor:0.520
rmse:0.182","cor:0.303
rmse:0.182",17804
FULL,CIBERSORTx,polyA_Total,0.5188965577524993,0.36644470630599096,0.18055106903154577,0.5387894288150042,"cor:0.519
rmse:0.181","cor:0.366
rmse:0.181",17804
MeanRatio_top25,hspe,RiboZeroGold_Cyto,0.5179010833003671,0.4804895871392036,0.1446530737446898,0.514919011082694,"cor:0.518
rmse:0.145","cor:0.480
rmse:0.145",151
1vALL_top25,CIBERSORTx,RiboZeroGold_Cyto,0.5178638348334818,0.5532291975215612,0.15210571339647916,0.5639386189258312,"cor:0.518
rmse:0.152","cor:0.553
rmse:0.152",145
1vALL_top25,Bisque,polyA_Total,0.5136777230072058,0.4808184143222507,0.1534193111696316,0.5986786018755328,"cor:0.514
rmse:0.153","cor:0.481
rmse:0.153",145
MeanRatio_over2,Bisque,RiboZeroGold_Cyto,0.5133979955680265,0.6578971435141315,0.14545507849312672,0.4927536231884058,"cor:0.513
rmse:0.145","cor:0.658
rmse:0.145",557
MeanRatio_top25,Bisque,RiboZeroGold_Nuc,0.5126814274705604,0.6237953953463288,0.16726068111029296,0.544055944055944,"cor:0.513
rmse:0.167","cor:0.624
rmse:0.167",151
MeanRatio_top25,Bisque,RiboZeroGold_Cyto,0.5122864956543741,0.5938253562294483,0.1380140534067107,0.514919011082694,"cor:0.512
rmse:0.138","cor:0.594
rmse:0.138",151
HVG80,Bisque,polyA_Nuc,0.5092305804808958,0.38964093701996927,0.14957855253891492,0.66794674859190994,"cor:0.509
rmse:0.150","cor:0.390
rmse:0.150",6490
HVG90,Bisque,polyA_Nuc,0.5089748726883633,0.3840725806451613,0.1493146334419011,0.6385048643113159,"cor:0.509
rmse:0.149","cor:0.384
rmse:0.149",7302
MeanRatio_MAD3,CIBERSORTx,RiboZeroGold_Cyto,0.5089623431853112,0.4515162586773841,0.15714326955313027,0.43307757885763,"cor:0.509
rmse:0.157","cor:0.452
rmse:0.157",520
HVG100,Bisque,polyA_Nuc,0.5088449448754896,0.3831605222734255,0.14924836258451873,0.6308243727598566,"cor:0.509
rmse:0.149","cor:0.383
rmse:0.149",8113
FULL,Bisque,polyA_Nuc,0.5073616748840993,0.380568356374808,0.15253203577887947,0.5448028673835126,"cor:0.507
rmse:0.153","cor:0.381
rmse:0.153",17804
MeanRatio_top25,Bisque,polyA_Total,0.5039567614817732,0.6065034709535989,0.1337961522893694,0.5068201193520887,"cor:0.504
rmse:0.134","cor:0.607
rmse:0.134",151
MeanRatio_MAD3,Bisque,RiboZeroGold_Cyto,0.5026775371359027,0.6809280233832664,0.1498162872854929,0.5213128729752771,"cor:0.503
rmse:0.150","cor:0.681
rmse:0.150",520
FULL,Bisque,RiboZeroGold_Total,0.4905909505294517,0.6748818664967521,0.13902445002058944,0.5682011935208866,"cor:0.491
rmse:0.139","cor:0.675
rmse:0.139",17804
1vALL_top25,Bisque,polyA_Nuc,0.4903469210681814,0.30985983102918585,0.14638313095224006,0.6349206349206349,"cor:0.490
rmse:0.146","cor:0.310
rmse:0.146",145
FULL,BayesPrism,RiboZeroGold_Cyto,0.4893923983136558,0.46156375593715754,0.16108507974271447,0.5673486786018755,"cor:0.489
rmse:0.161","cor:0.462
rmse:0.161",17804
MeanRatio_top25,CIBERSORTx,polyA_Total,0.4884112715809517,0.4297771282426015,0.15080126646913766,0.49872122762148335,"cor:0.488
rmse:0.151","cor:0.430
rmse:0.151",151
1vALL_top25,Bisque,RiboZeroGold_Nuc,0.4866634048485519,0.6613421100079975,0.1580867707416451,0.6195804195804195,"cor:0.487
rmse:0.158","cor:0.661
rmse:0.158",145
MeanRatio_top25,hspe,polyA_Total,0.4859322190478105,0.4975886006576544,0.1418463287671136,0.5068201193520887,"cor:0.486
rmse:0.142","cor:0.498
rmse:0.142",151
HVG80,Bisque,RiboZeroGold_Total,0.48550734655227107,0.6713259978900066,0.14314104648680162,0.706308610400682,"cor:0.486
rmse:0.143","cor:0.671
rmse:0.143",6490
HVG90,Bisque,RiboZeroGold_Total,0.4849184113382889,0.6722791173103714,0.14341355021751742,0.7150468883205456,"cor:0.485
rmse:0.143","cor:0.672
rmse:0.143",7302
1vALL_top25,MuSiC,RiboZeroGold_Cyto,0.4847823368491465,0.4359411989634045,0.1741522450400188,0.552003410059676,"cor:0.485
rmse:0.174","cor:0.436
rmse:0.174",145
HVG100,Bisque,RiboZeroGold_Total,0.48468985001584936,0.6721691419926369,0.1435202186033317,0.7421142369991475,"cor:0.485
rmse:0.144","cor:0.672
rmse:0.144",8113
1vALL_top25,CIBERSORTx,RiboZeroGold_Total,0.4807049272074365,0.6366858526610378,0.1452739732240432,0.5924978687127025,"cor:0.481
rmse:0.145","cor:0.637
rmse:0.145",145
1vALL_top25,MuSiC,RiboZeroGold_Nuc,0.4803144809621285,0.42881552648264204,0.1797605374111579,0.5827505827505828,"cor:0.480
rmse:0.180","cor:0.429
rmse:0.180",145
MeanRatio_top25,Bisque,RiboZeroGold_Total,0.47856742939852653,0.6196419238821304,0.15080272605956255,0.592071611253197,"cor:0.479
rmse:0.151","cor:0.620
rmse:0.151",151
1vALL_top25,MuSiC,polyA_Nuc,0.4776983713965135,0.41932296001080527,0.1814197414262868,0.593958013312852,"cor:0.478
rmse:0.181","cor:0.419
rmse:0.181",145
FULL,BayesPrism,polyA_Total,0.47762546343055257,0.2520643039824626,0.1880523870391039,0.5588235294117647,"cor:0.478
rmse:0.188","cor:0.252
rmse:0.188",17804
HVG100,Bisque,RiboZeroGold_Nuc,0.4751420991457647,0.6580574697855994,0.14232292019048035,0.7342657342657343,"cor:0.475
rmse:0.142","cor:0.658
rmse:0.142",8113
HVG90,Bisque,RiboZeroGold_Nuc,0.47501518637615214,0.658434340115098,0.14226515399859996,0.6979020979020979,"cor:0.475
rmse:0.142","cor:0.658
rmse:0.142",7302
HVG80,Bisque,RiboZeroGold_Nuc,0.4743065472166168,0.658434340115098,0.1422202737283953,0.7256410256410256,"cor:0.474
rmse:0.142","cor:0.658
rmse:0.142",6490
FULL,Bisque,RiboZeroGold_Nuc,0.4740420219642215,0.6555031264412201,0.13834535022496292,0.5706293706293706,"cor:0.474
rmse:0.138","cor:0.656
rmse:0.138",17804
1vALL_top25,CIBERSORTx,RiboZeroGold_Nuc,0.47364622202795337,0.6025472518849442,0.1673452299748636,0.606993006993007,"cor:0.474
rmse:0.167","cor:0.603
rmse:0.167",145
1vALL_top25,MuSiC,polyA_Total,0.4664852580423107,0.39167085716919037,0.1923736395958275,0.5741687979539642,"cor:0.466
rmse:0.192","cor:0.392
rmse:0.192",145
1vALL_top25,MuSiC,RiboZeroGold_Total,0.45492514120877375,0.4247857778318452,0.16705400772711523,0.5677749360613811,"cor:0.455
rmse:0.167","cor:0.425
rmse:0.167",145
MeanRatio_top25,CIBERSORTx,RiboZeroGold_Nuc,0.4460890283110139,0.5377518004383677,0.13226324893425395,0.5356643356643357,"cor:0.446
rmse:0.132","cor:0.538
rmse:0.132",151
HVG10,Bisque,RiboZeroGold_Total,0.44321043940341354,0.677347788401718,0.1485088192652463,0.4985080988917306,"cor:0.443
rmse:0.149","cor:0.677
rmse:0.149",811
1vALL_top25,Bisque,RiboZeroGold_Total,0.4422057335911433,0.6483153224131631,0.16014209809736676,0.6206308610400681,"cor:0.442
rmse:0.160","cor:0.648
rmse:0.160",145
1vALL_top25,CIBERSORTx,polyA_Total,0.44096357343477827,0.370037454727443,0.18927971257659867,0.5741687979539642,"cor:0.441
rmse:0.189","cor:0.370
rmse:0.189",145
FULL,BayesPrism,polyA_Nuc,0.43617108011102707,0.2476958525345622,0.1889383951501449,0.5739887352790578,"cor:0.436
rmse:0.189","cor:0.248
rmse:0.189",17804
MeanRatio_MAD3,Bisque,RiboZeroGold_Nuc,0.434555846840758,0.6342421482296297,0.1619110876487586,0.551981351981352,"cor:0.435
rmse:0.162","cor:0.634
rmse:0.162",520
MeanRatio_over2,MuSiC,RiboZeroGold_Total,0.4320843481382439,0.4216077619807699,0.16290372988710625,0.5170502983802217,"cor:0.432
rmse:0.163","cor:0.422
rmse:0.163",557
FULL,hspe,RiboZeroGold_Nuc,0.4285157714239396,0.48873812754409773,0.11327896095311776,0.5706293706293706,"cor:0.429
rmse:0.113","cor:0.489
rmse:0.113",17804
MeanRatio_over2,Bisque,RiboZeroGold_Nuc,0.42621098702399257,0.6363225453760292,0.1605007186172593,0.5184149184149184,"cor:0.426
rmse:0.161","cor:0.636
rmse:0.161",557
1vALL_top25,DWLS,polyA_Total,0.42147855335820006,0.3366459627329193,0.18875222905242414,0.6116794543904518,"cor:0.421
rmse:0.189","cor:0.337
rmse:0.189",145
HVG20,Bisque,RiboZeroGold_Total,0.4203220560781468,0.6613235639589025,0.1538885327898684,0.466538789428815,"cor:0.420
rmse:0.154","cor:0.661
rmse:0.154",1623
1vALL_top25,DWLS,RiboZeroGold_Nuc,0.41782657415204133,0.4631875587099469,0.1679216245772894,0.6564102564102564,"cor:0.418
rmse:0.168","cor:0.463
rmse:0.168",145
MeanRatio_top25,CIBERSORTx,RiboZeroGold_Total,0.41674777197839663,0.5299232736572891,0.11830436293571318,0.5865302642796248,"cor:0.417
rmse:0.118","cor:0.530
rmse:0.118",151
HVG10,Bisque,RiboZeroGold_Nuc,0.4136099611107385,0.6355289989777947,0.1554707373820685,0.4836829836829837,"cor:0.414
rmse:0.155","cor:0.636
rmse:0.155",811
MeanRatio_top25,CIBERSORTx,RiboZeroGold_Cyto,0.41096226000476543,0.41888929484837417,0.13414611475695515,0.5136402387041773,"cor:0.411
rmse:0.134","cor:0.419
rmse:0.134",151
HVG30,Bisque,RiboZeroGold_Total,0.4076816645762328,0.649278610008743,0.15592659624191715,0.69693094629156,"cor:0.408
rmse:0.156","cor:0.649
rmse:0.156",2434
MeanRatio_over2,MuSiC,RiboZeroGold_Cyto,0.4062952622531511,0.3768266837217257,0.17323166234531062,0.4982949701619778,"cor:0.406
rmse:0.173","cor:0.377
rmse:0.173",557
MeanRatio_over2,Bisque,RiboZeroGold_Total,0.4061233908717292,0.6259154198305265,0.1565506484058042,0.5558397271952259,"cor:0.406
rmse:0.157","cor:0.626
rmse:0.157",557
HVG40,Bisque,RiboZeroGold_Total,0.4003873807307493,0.6387702140891304,0.15725214403750837,0.7114236999147485,"cor:0.400
rmse:0.157","cor:0.639
rmse:0.157",3245
HVG50,Bisque,RiboZeroGold_Total,0.39682097236937225,0.6431680029684691,0.15796917029896523,0.717391304347826,"cor:0.397
rmse:0.158","cor:0.643
rmse:0.158",4056
HVG60,Bisque,RiboZeroGold_Total,0.39409898751611167,0.641120290079134,0.15853432936922995,0.7058823529411764,"cor:0.394
rmse:0.159","cor:0.641
rmse:0.159",4868
HVG70,Bisque,RiboZeroGold_Total,0.3923938863482869,0.6403012049233998,0.15887991504200655,0.5937766410912191,"cor:0.392
rmse:0.159","cor:0.640
rmse:0.159",5679
MeanRatio_MAD3,Bisque,RiboZeroGold_Total,0.3912792404308008,0.6128101955873375,0.16243191040807314,0.59846547314578,"cor:0.391
rmse:0.162","cor:0.613
rmse:0.162",520
MeanRatio_over2,MuSiC,RiboZeroGold_Nuc,0.388493505691233,0.39912234622198217,0.17988878067258368,0.4979020979020979,"cor:0.388
rmse:0.180","cor:0.399
rmse:0.180",557
HVG20,Bisque,RiboZeroGold_Nuc,0.3780621014888169,0.6100157093455766,0.16305124959994985,0.4585081585081585,"cor:0.378
rmse:0.163","cor:0.610
rmse:0.163",1623
HVG10,hspe,RiboZeroGold_Total,0.371813890280092,0.5750822067957618,0.14257518068173364,0.5963341858482524,"cor:0.372
rmse:0.143","cor:0.575
rmse:0.143",811
1vALL_top25,DWLS,RiboZeroGold_Cyto,0.3710658082222513,0.3708805261234929,0.1679402411940117,0.6155157715260017,"cor:0.371
rmse:0.168","cor:0.371
rmse:0.168",145
HVG30,hspe,RiboZeroGold_Total,0.3641887524683551,0.5078553160394593,0.11584445297806407,0.7237851662404092,"cor:0.364
rmse:0.116","cor:0.508
rmse:0.116",2434
HVG30,Bisque,RiboZeroGold_Nuc,0.3618093402980753,0.593687107569203,0.16535992188090556,0.6997668997668998,"cor:0.362
rmse:0.165","cor:0.594
rmse:0.165",2434
HVG40,hspe,RiboZeroGold_Total,0.3584515699731448,0.5156375593715747,0.11199044872945288,0.7161125319693095,"cor:0.358
rmse:0.112","cor:0.516
rmse:0.112",3245
HVG40,Bisque,RiboZeroGold_Nuc,0.3565033698001847,0.594393521101048,0.16659514750319468,0.6904428904428904,"cor:0.357
rmse:0.167","cor:0.594
rmse:0.167",3245
HVG70,Bisque,RiboZeroGold_Nuc,0.3561917690852074,0.5954968825081539,0.16722398416030404,0.5636363636363636,"cor:0.356
rmse:0.167","cor:0.595
rmse:0.167",5679
HVG60,Bisque,RiboZeroGold_Nuc,0.3555654562729247,0.5947754538958154,0.16720076042480764,0.6899766899766899,"cor:0.356
rmse:0.167","cor:0.595
rmse:0.167",4868
HVG50,Bisque,RiboZeroGold_Nuc,0.35494988069655165,0.5907439410621597,0.16709833677023936,0.7011655011655011,"cor:0.355
rmse:0.167","cor:0.591
rmse:0.167",4056
HVG10,hspe,RiboZeroGold_Nuc,0.34801186207068485,0.5163344118568,0.16175820368979155,0.5505827505827505,"cor:0.348
rmse:0.162","cor:0.516
rmse:0.162",811
HVG10,hspe,polyA_Cyto,0.34745726722288595,0.464573732718894,0.1631520060238801,0.5711725550435228,"cor:0.347
rmse:0.163","cor:0.465
rmse:0.163",811
1vALL_top25,DWLS,RiboZeroGold_Total,0.3470493675078091,0.4065034709535989,0.15734214867250243,0.6278772378516624,"cor:0.347
rmse:0.157","cor:0.407
rmse:0.157",145
HVG50,hspe,RiboZeroGold_Total,0.3467139812318292,0.48330288637194013,0.11115716361337159,0.7203751065643649,"cor:0.347
rmse:0.111","cor:0.483
rmse:0.111",4056
HVG20,hspe,RiboZeroGold_Total,0.34665901507549496,0.5242966751918159,0.12329055572137963,0.4648337595907928,"cor:0.347
rmse:0.123","cor:0.524
rmse:0.123",1623
FULL,hspe,RiboZeroGold_Cyto,0.34213906961514196,0.42652539276580204,0.11093555231367658,0.5353793691389599,"cor:0.342
rmse:0.111","cor:0.427
rmse:0.111",17804
1vALL_top25,BayesPrism,polyA_Nuc,0.34014687447515457,0.24198348694316438,0.1552766637888541,0.5448028673835126,"cor:0.340
rmse:0.155","cor:0.242
rmse:0.155",145
HVG10,hspe,RiboZeroGold_Cyto,0.3356221621952936,0.5096455973693826,0.15320709125672063,0.5534953111679455,"cor:0.336
rmse:0.153","cor:0.510
rmse:0.153",811
HVG10,DWLS,polyA_Nuc,0.33559835227880797,0.4055779569892473,0.19279652859622803,0.6408090117767538,"cor:0.336
rmse:0.193","cor:0.406
rmse:0.193",811
HVG10,hspe,polyA_Nuc,0.33275148216559997,0.563892089093702,0.13848408815955235,0.568100358422939,"cor:0.333
rmse:0.138","cor:0.564
rmse:0.138",811
MeanRatio_over2,MuSiC,polyA_Nuc,0.33162793450335953,0.3103923856006759,0.18401354147262705,0.4700460829493088,"cor:0.332
rmse:0.184","cor:0.310
rmse:0.184",557
MeanRatio_over2,MuSiC,polyA_Cyto,0.3275646814416617,0.2770987947020355,0.2043398094203106,0.4674859190988223,"cor:0.328
rmse:0.204","cor:0.277
rmse:0.204",557
MeanRatio_over2,MuSiC,polyA_Total,0.31887661207823526,0.2884937413327265,0.20825601919146317,0.47868712702472294,"cor:0.319
rmse:0.208","cor:0.288
rmse:0.208",557
HVG30,hspe,RiboZeroGold_Nuc,0.3078068566403335,0.4860661726333369,0.13193616875665268,0.7095571095571096,"cor:0.308
rmse:0.132","cor:0.486
rmse:0.132",2434
HVG20,hspe,RiboZeroGold_Nuc,0.30000978751700347,0.46715374178060753,0.1408148154315873,0.4543123543123543,"cor:0.300
rmse:0.141","cor:0.467
rmse:0.141",1623
MeanRatio_MAD3,MuSiC,RiboZeroGold_Nuc,0.2884318281474023,0.31905095483314766,0.17410260008985362,0.5706293706293706,"cor:0.288
rmse:0.174","cor:0.319
rmse:0.174",520
HVG20,DWLS,polyA_Cyto,0.28383185023338176,0.2051651305683564,0.20662257889185223,0.3942652329749104,"cor:0.284
rmse:0.207","cor:0.205
rmse:0.207",1623
1vALL_top25,BayesPrism,polyA_Cyto,0.2808889460405182,0.13421658986175114,0.16336760026444866,0.4935995903737839,"cor:0.281
rmse:0.163","cor:0.134
rmse:0.163",145
HVG40,hspe,RiboZeroGold_Nuc,0.27801501119890126,0.4791775388790315,0.12837540131073144,0.6993006993006993,"cor:0.278
rmse:0.128","cor:0.479
rmse:0.128",3245
MeanRatio_MAD3,MuSiC,RiboZeroGold_Total,0.27791099088397464,0.2883596570291145,0.16581856709733164,0.5682011935208866,"cor:0.278
rmse:0.166","cor:0.288
rmse:0.166",520
HVG60,hspe,RiboZeroGold_Total,0.2755460421760426,0.43175009134088427,0.1137618915425529,0.7041773231031543,"cor:0.276
rmse:0.114","cor:0.432
rmse:0.114",4868
FULL,hspe,polyA_Total,0.27500625447987864,0.3193642674461089,0.11222346571539266,0.5392156862745098,"cor:0.275
rmse:0.112","cor:0.319
rmse:0.112",17804
HVG10,DWLS,RiboZeroGold_Cyto,0.2737068638253349,0.35283156740957256,0.20467021898674903,0.6415174765558398,"cor:0.274
rmse:0.205","cor:0.353
rmse:0.205",811
HVG30,hspe,RiboZeroGold_Cyto,0.2725427203603709,0.38940445743514807,0.1268824714266459,0.6982097186700768,"cor:0.273
rmse:0.127","cor:0.389
rmse:0.127",2434
HVG20,hspe,RiboZeroGold_Cyto,0.27071339163238806,0.4274022652539277,0.13427850069961272,0.46547314578005117,"cor:0.271
rmse:0.134","cor:0.427
rmse:0.134",1623
HVG20,DWLS,polyA_Nuc,0.26607396752995355,0.3171562980030722,0.17730322094093404,0.36840757808499747,"cor:0.266
rmse:0.177","cor:0.317
rmse:0.177",1623
HVG50,hspe,RiboZeroGold_Nuc,0.25528871429183403,0.42540444629996876,0.12809583772520128,0.7011655011655011,"cor:0.255
rmse:0.128","cor:0.425
rmse:0.128",4056
HVG10,DWLS,polyA_Cyto,0.24520335660058878,0.3349174347158218,0.2461463804071114,0.5898617511520737,"cor:0.245
rmse:0.246","cor:0.335
rmse:0.246",811
HVG40,hspe,RiboZeroGold_Cyto,0.23677452806133606,0.36715381804895875,0.12365145992041635,0.6730605285592498,"cor:0.237
rmse:0.124","cor:0.367
rmse:0.124",3245
HVG10,hspe,polyA_Total,0.23084465790933,0.46876141761052253,0.16784287105726284,0.5345268542199488,"cor:0.231
rmse:0.168","cor:0.469
rmse:0.168",811
HVG50,hspe,RiboZeroGold_Cyto,0.21189124422044658,0.33613445378151263,0.12479667100035052,0.6815856777493606,"cor:0.212
rmse:0.125","cor:0.336
rmse:0.125",4056
HVG10,DWLS,RiboZeroGold_Nuc,0.21045024493006217,0.3790209790209791,0.2047048029527615,0.6393939393939394,"cor:0.210
rmse:0.205","cor:0.379
rmse:0.205",811
MeanRatio_MAD3,BayesPrism,RiboZeroGold_Total,0.20380765410743742,0.28962367555717944,0.12845727907722557,0.5682011935208866,"cor:0.204
rmse:0.128","cor:0.290
rmse:0.128",520
MeanRatio_over2,BayesPrism,RiboZeroGold_Total,0.20380765410743742,0.28962367555717944,0.12845727907722557,0.59846547314578,"cor:0.204
rmse:0.128","cor:0.290
rmse:0.128",557
MeanRatio_top25,BayesPrism,RiboZeroGold_Total,0.20380765410743742,0.28962367555717944,0.12845727907722557,0.5865302642796248,"cor:0.204
rmse:0.128","cor:0.290
rmse:0.128",151
MeanRatio_MAD3,MuSiC,RiboZeroGold_Cyto,0.19940487096547457,0.20455406537638343,0.18118540078965248,0.5353793691389599,"cor:0.199
rmse:0.181","cor:0.205
rmse:0.181",520
HVG60,hspe,RiboZeroGold_Nuc,0.19674414325410483,0.357311345371047,0.13044573543409718,0.6946386946386947,"cor:0.197
rmse:0.130","cor:0.357
rmse:0.130",4868
HVG20,hspe,polyA_Cyto,0.19595284910615585,0.34432603686635943,0.15384211461664965,0.40885816692268306,"cor:0.196
rmse:0.154","cor:0.344
rmse:0.154",1623
HVG90,BayesPrism,RiboZeroGold_Total,0.19395975219095155,0.2696748264523201,0.12876501243975708,0.7182438192668372,"cor:0.194
rmse:0.129","cor:0.270
rmse:0.129",7302
HVG100,BayesPrism,RiboZeroGold_Total,0.19395975219095155,0.2696748264523201,0.12876501243975708,0.7163256606990622,"cor:0.194
rmse:0.129","cor:0.270
rmse:0.129",8113
HVG20,hspe,polyA_Nuc,0.18184201792032156,0.4027937788018433,0.12811113619500858,0.40885816692268306,"cor:0.182
rmse:0.128","cor:0.403
rmse:0.128",1623
HVG10,DWLS,RiboZeroGold_Total,0.17922879411467918,0.36645962732919257,0.20834350241822575,0.6361892583120204,"cor:0.179
rmse:0.208","cor:0.366
rmse:0.208",811
MeanRatio_over2,DWLS,RiboZeroGold_Nuc,0.17666016489107858,0.32311867237240377,0.19489804371160288,0.551981351981352,"cor:0.177
rmse:0.195","cor:0.323
rmse:0.195",557
MeanRatio_over2,DWLS,polyA_Nuc,0.17624235208870137,0.3039074500768049,0.18693931889224646,0.5028161802355351,"cor:0.176
rmse:0.187","cor:0.304
rmse:0.187",557
HVG50,BayesPrism,RiboZeroGold_Total,0.17556356649699786,0.2482279868469127,0.13087782723508667,0.7190963341858483,"cor:0.176
rmse:0.131","cor:0.248
rmse:0.131",4056
HVG60,BayesPrism,RiboZeroGold_Total,0.1752262004644915,0.24658385093167706,0.13040422773364718,0.7003410059676044,"cor:0.175
rmse:0.130","cor:0.247
rmse:0.130",4868
HVG70,BayesPrism,RiboZeroGold_Total,0.1752262004644915,0.24658385093167706,0.13040422773364718,0.66538789428815,"cor:0.175
rmse:0.130","cor:0.247
rmse:0.130",5679
HVG80,BayesPrism,RiboZeroGold_Total,0.1752262004644915,0.24658385093167706,0.13040422773364718,0.5831202046035806,"cor:0.175
rmse:0.130","cor:0.247
rmse:0.130",6490
HVG30,DWLS,RiboZeroGold_Cyto,0.1743990864923318,0.23138472780416516,0.20060024063512058,0.4989343563512361,"cor:0.174
rmse:0.201","cor:0.231
rmse:0.201",2434
MeanRatio_MAD3,MuSiC,polyA_Total,0.1734230240098551,0.17051803634527468,0.20462964650859908,0.5392156862745098,"cor:0.173
rmse:0.205","cor:0.171
rmse:0.205",520
MeanRatio_MAD3,DWLS,polyA_Nuc,0.1668479338263196,0.2670410906298003,0.1915814071229117,0.5448028673835126,"cor:0.167
rmse:0.192","cor:0.267
rmse:0.192",520
HVG30,hspe,polyA_Cyto,0.16649742688182487,0.24731182795698925,0.14016030003902316,0.5773169482846903,"cor:0.166
rmse:0.140","cor:0.247
rmse:0.140",2434
MeanRatio_over2,DWLS,RiboZeroGold_Cyto,0.15445940926187487,0.2346729996346365,0.19425370465298097,0.5213128729752771,"cor:0.154
rmse:0.194","cor:0.235
rmse:0.194",557
HVG20,hspe,polyA_Total,0.1540726540227707,0.3561198392400439,0.1495777779240094,0.41219096334185845,"cor:0.154
rmse:0.150","cor:0.356
rmse:0.150",1623
HVG30,hspe,polyA_Total,0.1524269247095254,0.3162221410303252,0.13654662336263867,0.6199914748508099,"cor:0.152
rmse:0.137","cor:0.316
rmse:0.137",2434
FULL,BayesPrism,polyA_Cyto,0.1505208249770453,0.07334869431643624,0.23224941826758289,0.5294418842805939,"cor:0.151
rmse:0.232","cor:0.073
rmse:0.232",17804
HVG20,DWLS,RiboZeroGold_Cyto,0.14675817474027802,0.24852027767628795,0.1952229740450724,0.43371696504688834,"cor:0.147
rmse:0.195","cor:0.249
rmse:0.195",1623
MeanRatio_over2,DWLS,polyA_Cyto,0.14283355932498823,0.11818356374807988,0.2209614510149407,0.49513568868407576,"cor:0.143
rmse:0.221","cor:0.118
rmse:0.221",557
HVG70,hspe,RiboZeroGold_Total,0.14185275717463666,0.29576178297405925,0.11949193540599565,0.6351236146632566,"cor:0.142
rmse:0.119","cor:0.296
rmse:0.119",5679
MeanRatio_MAD3,DWLS,polyA_Cyto,0.14156198305499934,0.07699692780337941,0.23135732606905854,0.4935995903737839,"cor:0.142
rmse:0.231","cor:0.077
rmse:0.231",520
MeanRatio_MAD3,MuSiC,polyA_Cyto,0.14121763206516733,0.1128732033992862,0.20346336794884187,0.4935995903737839,"cor:0.141
rmse:0.203","cor:0.113
rmse:0.203",520
HVG20,DWLS,polyA_Total,0.140830193907179,0.27563025210084036,0.21920761217315962,0.3889599317988065,"cor:0.141
rmse:0.219","cor:0.276
rmse:0.219",1623
HVG80,hspe,RiboZeroGold_Total,0.13573975713837677,0.30310559006211185,0.11882587261367795,0.7442455242966752,"cor:0.136
rmse:0.119","cor:0.303
rmse:0.119",6490
MeanRatio_over2,DWLS,RiboZeroGold_Total,0.1322843262989003,0.3022652539276581,0.20055895220752856,0.59846547314578,"cor:0.132
rmse:0.201","cor:0.302
rmse:0.201",557
HVG60,hspe,RiboZeroGold_Cyto,0.13091738079187568,0.22268907563025211,0.12803972756901175,0.6764705882352942,"cor:0.131
rmse:0.128","cor:0.223
rmse:0.128",4868
HVG30,hspe,polyA_Nuc,0.1262425548525834,0.278081797235023,0.1238372948854813,0.5998463901689708,"cor:0.126
rmse:0.124","cor:0.278
rmse:0.124",2434
MeanRatio_MAD3,MuSiC,polyA_Nuc,0.124410069975116,0.17791020279461653,0.169577099368712,0.5448028673835126,"cor:0.124
rmse:0.170","cor:0.178
rmse:0.170",520
HVG20,DWLS,RiboZeroGold_Nuc,0.12432558952090521,0.2718087882266987,0.19937480087077872,0.44265734265734263,"cor:0.124
rmse:0.199","cor:0.272
rmse:0.199",1623
HVG30,DWLS,RiboZeroGold_Total,0.1233409260498027,0.2698575082206796,0.20446935975892566,0.497229326513214,"cor:0.123
rmse:0.204","cor:0.270
rmse:0.204",2434
HVG30,BayesPrism,RiboZeroGold_Total,0.12247044610144059,0.12827913774205335,0.14026735942245722,0.5002131287297528,"cor:0.122
rmse:0.140","cor:0.128
rmse:0.140",2434
MeanRatio_MAD3,DWLS,RiboZeroGold_Nuc,0.12001764485531198,0.2414153011167937,0.21203962736080756,0.5706293706293706,"cor:0.120
rmse:0.212","cor:0.241
rmse:0.212",520
HVG10,DWLS,polyA_Total,0.11968763694092761,0.3177413019981106,0.2472589633748874,0.624467178175618,"cor:0.120
rmse:0.247","cor:0.318
rmse:0.247",811
HVG90,hspe,RiboZeroGold_Total,0.11898502654122402,0.2677018633540373,0.11933368280974398,0.722080136402387,"cor:0.119
rmse:0.119","cor:0.268
rmse:0.119",7302
HVG30,DWLS,RiboZeroGold_Nuc,0.11870190907842501,0.27969940507253943,0.2072564027310205,0.48275058275058275,"cor:0.119
rmse:0.207","cor:0.280
rmse:0.207",2434
HVG30,DWLS,polyA_Cyto,0.11302283078706195,0.11280721966205838,0.2504631069492121,0.40168970814132104,"cor:0.113
rmse:0.250","cor:0.113
rmse:0.250",2434
HVG100,hspe,RiboZeroGold_Total,0.11101664470087182,0.2560102301790282,0.11935318928119112,0.742540494458653,"cor:0.111
rmse:0.119","cor:0.256
rmse:0.119",8113
HVG40,DWLS,RiboZeroGold_Cyto,0.10963415079457269,0.13112897332846185,0.19822472484816173,0.710997442455243,"cor:0.110
rmse:0.198","cor:0.131
rmse:0.198",3245
MeanRatio_over2,DWLS,polyA_Total,0.10486157355365101,0.23138472780416516,0.2324619527869018,0.5264279624893435,"cor:0.105
rmse:0.232","cor:0.231
rmse:0.232",557
HVG20,DWLS,RiboZeroGold_Total,0.10261927207243796,0.25812933869199856,0.20156568314410578,0.4652600170502984,"cor:0.103
rmse:0.202","cor:0.258
rmse:0.202",1623
MeanRatio_top25,MuSiC,polyA_Cyto,0.10258354966273794,0.22998333222715117,0.22186182650108197,0.47465437788018433,"cor:0.103
rmse:0.222","cor:0.230
rmse:0.222",151
HVG40,BayesPrism,RiboZeroGold_Total,0.0999355153725295,0.16211180124223604,0.13530582486431075,0.6747655583972719,"cor:0.100
rmse:0.135","cor:0.162
rmse:0.135",3245
HVG40,hspe,polyA_Total,0.09910136145085299,0.2224333211545488,0.1333164288155061,0.625532821824382,"cor:0.099
rmse:0.133","cor:0.222
rmse:0.133",3245
HVG50,DWLS,RiboZeroGold_Cyto,0.09858262104512243,0.1350748995250274,0.19861561028014432,0.6965046888320545,"cor:0.099
rmse:0.199","cor:0.135
rmse:0.199",4056
MeanRatio_top25,MuSiC,RiboZeroGold_Total,0.09691845666816913,0.29207161125319697,0.17420136513366402,0.5865302642796248,"cor:0.097
rmse:0.174","cor:0.292
rmse:0.174",151
FULL,DWLS,RiboZeroGold_Cyto,0.09257586742270711,0.11658750456704424,0.19947586004176787,0.5788576300085252,"cor:0.093
rmse:0.199","cor:0.117
rmse:0.199",17804
HVG60,DWLS,RiboZeroGold_Cyto,0.09257586742270711,0.11658750456704424,0.19947586004176787,0.655157715260017,"cor:0.093
rmse:0.199","cor:0.117
rmse:0.199",4868
HVG70,DWLS,RiboZeroGold_Cyto,0.09257586742270711,0.11658750456704424,0.19947586004176787,0.6402387041773231,"cor:0.093
rmse:0.199","cor:0.117
rmse:0.199",5679
HVG80,DWLS,RiboZeroGold_Cyto,0.09257586742270711,0.11658750456704424,0.19947586004176787,0.4927536231884058,"cor:0.093
rmse:0.199","cor:0.117
rmse:0.199",6490
HVG90,DWLS,RiboZeroGold_Cyto,0.09257586742270711,0.11658750456704424,0.19947586004176787,0.7387041773231031,"cor:0.093
rmse:0.199","cor:0.117
rmse:0.199",7302
HVG100,DWLS,RiboZeroGold_Cyto,0.09257586742270711,0.11658750456704424,0.19947586004176787,0.7427536231884058,"cor:0.093
rmse:0.199","cor:0.117
rmse:0.199",8113
MeanRatio_MAD3,DWLS,RiboZeroGold_Cyto,0.09210895781041414,0.19196200219218124,0.21548732882379518,0.5353793691389599,"cor:0.092
rmse:0.215","cor:0.192
rmse:0.215",520
HVG80,hspe,RiboZeroGold_Nuc,0.09125151622118105,0.18267404237553495,0.13428281348446783,0.7351981351981351,"cor:0.091
rmse:0.134","cor:0.183
rmse:0.134",6490
MeanRatio_top25,MuSiC,RiboZeroGold_Cyto,0.08907388938685079,0.17522995278364153,0.18112014339121305,0.5136402387041773,"cor:0.089
rmse:0.181","cor:0.175
rmse:0.181",151
HVG40,DWLS,RiboZeroGold_Nuc,0.0879051866168906,0.22659430122116692,0.20379026283442642,0.713986013986014,"cor:0.088
rmse:0.204","cor:0.227
rmse:0.204",3245
HVG50,DWLS,RiboZeroGold_Nuc,0.0859907299570449,0.2242145913787705,0.2036407962834403,0.6988344988344988,"cor:0.086
rmse:0.204","cor:0.224
rmse:0.204",4056
HVG70,hspe,RiboZeroGold_Nuc,0.0854541234984082,0.17737188184949382,0.13558134502815625,0.6205128205128205,"cor:0.085
rmse:0.136","cor:0.177
rmse:0.136",5679
MeanRatio_MAD3,DWLS,polyA_Total,0.0840596383083395,0.23423456339057366,0.2433143779754273,0.5392156862745098,"cor:0.084
rmse:0.243","cor:0.234
rmse:0.243",520
HVG40,DWLS,RiboZeroGold_Total,0.0831996876078642,0.23109243697478996,0.20562229582476693,0.7472293265132139,"cor:0.083
rmse:0.206","cor:0.231
rmse:0.206",3245
HVG90,hspe,RiboZeroGold_Nuc,0.082902428776282025,0.16413735518213132,0.13491748638624923,0.696969696969697,"cor:0.083
rmse:0.135","cor:0.164
rmse:0.135",7302
FULL,DWLS,RiboZeroGold_Nuc,0.08261428178788266,0.21461225341822363,0.20399224369674215,0.5916083916083916,"cor:0.083
rmse:0.204","cor:0.215
rmse:0.204",17804
HVG60,DWLS,RiboZeroGold_Nuc,0.08261428178788266,0.21461225341822363,0.20399224369674215,0.6895104895104895,"cor:0.083
rmse:0.204","cor:0.215
rmse:0.204",4868
HVG70,DWLS,RiboZeroGold_Nuc,0.08261428178788266,0.21461225341822363,0.20399224369674215,0.6624708624708625,"cor:0.083
rmse:0.204","cor:0.215
rmse:0.204",5679
HVG80,DWLS,RiboZeroGold_Nuc,0.08261428178788266,0.21461225341822363,0.20399224369674215,0.5622377622377622,"cor:0.083
rmse:0.204","cor:0.215
rmse:0.204",6490
HVG90,DWLS,RiboZeroGold_Nuc,0.08261428178788266,0.21461225341822363,0.20399224369674215,0.7193473193473193,"cor:0.083
rmse:0.204","cor:0.215
rmse:0.204",7302
HVG100,DWLS,RiboZeroGold_Nuc,0.08261428178788266,0.21461225341822363,0.20399224369674215,0.6955710955710955,"cor:0.083
rmse:0.204","cor:0.215
rmse:0.204",8113
HVG50,DWLS,RiboZeroGold_Total,0.07971165586220146,0.24139568871026673,0.20636020751850723,0.7225063938618925,"cor:0.080
rmse:0.206","cor:0.241
rmse:0.206",4056
HVG100,hspe,RiboZeroGold_Nuc,0.07877727945254191,0.16447134954597645,0.13480399686344469,0.7347319347319348,"cor:0.079
rmse:0.135","cor:0.164
rmse:0.135",8113
HVG40,DWLS,polyA_Nuc,0.07583813457838802,0.17161098310291859,0.2015714304285488,0.66794674859190994,"cor:0.076
rmse:0.202","cor:0.172
rmse:0.202",3245
MeanRatio_MAD3,BayesPrism,RiboZeroGold_Nuc,0.0752644742867265,0.14067425112201234,0.15540401944816945,0.5706293706293706,"cor:0.075
rmse:0.155","cor:0.141
rmse:0.155",520
MeanRatio_over2,BayesPrism,RiboZeroGold_Nuc,0.0752644742867265,0.14067425112201234,0.15540401944816945,0.551981351981352,"cor:0.075
rmse:0.155","cor:0.141
rmse:0.155",557
MeanRatio_top25,BayesPrism,RiboZeroGold_Nuc,0.0752644742867265,0.14067425112201234,0.15540401944816945,0.5356643356643357,"cor:0.075
rmse:0.155","cor:0.141
rmse:0.155",151
FULL,DWLS,RiboZeroGold_Total,0.07299137592423245,0.22133723054439172,0.2073554522587078,0.5839727195225917,"cor:0.073
rmse:0.207","cor:0.221
rmse:0.207",17804
HVG60,DWLS,RiboZeroGold_Total,0.07299137592423245,0.22133723054439172,0.2073554522587078,0.7101449275362319,"cor:0.073
rmse:0.207","cor:0.221
rmse:0.207",4868
HVG70,DWLS,RiboZeroGold_Total,0.07299137592423245,0.22133723054439172,0.2073554522587078,0.6773231031543052,"cor:0.073
rmse:0.207","cor:0.221
rmse:0.207",5679
HVG80,DWLS,RiboZeroGold_Total,0.07299137592423245,0.22133723054439172,0.2073554522587078,0.5963341858482524,"cor:0.073
rmse:0.207","cor:0.221
rmse:0.207",6490
HVG90,DWLS,RiboZeroGold_Total,0.07299137592423245,0.22133723054439172,0.2073554522587078,0.7154731457800512,"cor:0.073
rmse:0.207","cor:0.221
rmse:0.207",7302
HVG100,DWLS,RiboZeroGold_Total,0.07299137592423245,0.22133723054439172,0.2073554522587078,0.7176044330775788,"cor:0.073
rmse:0.207","cor:0.221
rmse:0.207",8113
HVG50,hspe,polyA_Total,0.07166206352815935,0.14252831567409574,0.13417344248238694,0.6118925831202046,"cor:0.072
rmse:0.134","cor:0.143
rmse:0.134",4056
FULL,hspe,polyA_Nuc,0.07155874938163671,0.18673195084485408,0.1257922705351117,0.5448028673835126,"cor:0.072
rmse:0.126","cor:0.187
rmse:0.126",17804
MeanRatio_MAD3,DWLS,RiboZeroGold_Total,0.07103088778701731,0.20836682499086595,0.22215300542871266,0.5682011935208866,"cor:0.071
rmse:0.222","cor:0.208
rmse:0.222",520
HVG30,DWLS,polyA_Total,0.06955799755029936,0.1885275849470223,0.24709435562317913,0.4268968456947997,"cor:0.070
rmse:0.247","cor:0.189
rmse:0.247",2434
HVG30,DWLS,polyA_Nuc,0.06668861900895301,0.20506912442396313,0.22084041015713426,0.4019457245263697,"cor:0.067
rmse:0.221","cor:0.205
rmse:0.221",2434
MeanRatio_MAD3,BayesPrism,RiboZeroGold_Cyto,0.06463331882723611,0.07745706978443552,0.14611394777730136,0.5353793691389599,"cor:0.065
rmse:0.146","cor:0.077
rmse:0.146",520
MeanRatio_over2,BayesPrism,RiboZeroGold_Cyto,0.06463331882723611,0.07745706978443552,0.14611394777730136,0.5213128729752771,"cor:0.065
rmse:0.146","cor:0.077
rmse:0.146",557
MeanRatio_top25,BayesPrism,RiboZeroGold_Cyto,0.06463331882723611,0.07745706978443552,0.14611394777730136,0.5136402387041773,"cor:0.065
rmse:0.146","cor:0.077
rmse:0.146",151
HVG90,BayesPrism,RiboZeroGold_Nuc,0.062127638671719644,0.11979960338169295,0.15804253179695957,0.727972027972028,"cor:0.062
rmse:0.158","cor:0.120
rmse:0.158",7302
HVG100,BayesPrism,RiboZeroGold_Nuc,0.062127638671719644,0.11979960338169295,0.15804253179695957,0.696969696969697,"cor:0.062
rmse:0.158","cor:0.120
rmse:0.158",8113
HVG30,BayesPrism,RiboZeroGold_Cyto,0.06000034583134737,0.027731092436974795,0.15642482436170452,0.49872122762148335,"cor:0.060
rmse:0.156","cor:0.028
rmse:0.156",2434
MeanRatio_top25,MuSiC,RiboZeroGold_Nuc,0.059263134675362435,0.15916918901993532,0.19123418365351239,0.5356643356643357,"cor:0.059
rmse:0.191","cor:0.159
rmse:0.191",151
MeanRatio_top25,DWLS,polyA_Cyto,0.05689922951543535,0.06278801843317973,0.2275956211992028,0.47465437788018433,"cor:0.057
rmse:0.228","cor:0.063
rmse:0.228",151
FULL,hspe,polyA_Cyto,0.052448516867282996,0.03773041474654378,0.1332321139532869,0.4935995903737839,"cor:0.052
rmse:0.133","cor:0.038
rmse:0.133",17804
HVG40,hspe,polyA_Cyto,0.05222859432314533,0.009072580645161291,0.1419242439296068,0.6241679467485919,"cor:0.052
rmse:0.142","cor:0.009
rmse:0.142",3245
HVG90,BayesPrism,RiboZeroGold_Cyto,0.04927688434467539,0.06196565582754842,0.15091504187359034,0.7097186700767264,"cor:0.049
rmse:0.151","cor:0.062
rmse:0.151",7302
HVG100,BayesPrism,RiboZeroGold_Cyto,0.04927688434467539,0.06196565582754842,0.15091504187359034,0.7431798806479113,"cor:0.049
rmse:0.151","cor:0.062
rmse:0.151",8113
1vALL_top25,BayesPrism,polyA_Total,0.04895137573438333,0.033613445378151266,0.19274105313044837,0.5392156862745098,"cor:0.049
rmse:0.193","cor:0.034
rmse:0.193",145
HVG50,BayesPrism,RiboZeroGold_Nuc,0.04801687084324848,0.10209790209790211,0.1603131168248394,0.7006993006993008,"cor:0.048
rmse:0.160","cor:0.102
rmse:0.160",4056
HVG60,BayesPrism,RiboZeroGold_Nuc,0.04718349810154213,0.10109591900636679,0.15994390584481458,0.6717948717948719,"cor:0.047
rmse:0.160","cor:0.101
rmse:0.160",4868
HVG70,BayesPrism,RiboZeroGold_Nuc,0.04718349810154213,0.10109591900636679,0.15994390584481458,0.6671328671328671,"cor:0.047
rmse:0.160","cor:0.101
rmse:0.160",5679
HVG80,BayesPrism,RiboZeroGold_Nuc,0.04718349810154213,0.10109591900636679,0.15994390584481458,0.5561771561771561,"cor:0.047
rmse:0.160","cor:0.101
rmse:0.160",6490
HVG50,DWLS,polyA_Nuc,0.04562588985430185,0.15188172043010753,0.1988388520189948,0.6136712749615976,"cor:0.046
rmse:0.199","cor:0.152
rmse:0.199",4056
HVG40,DWLS,polyA_Cyto,0.04287307046303361,0.02299347158218126,0.24793747419226256,0.6277521761392729,"cor:0.043
rmse:0.248","cor:0.023
rmse:0.248",3245
HVG50,BayesPrism,RiboZeroGold_Cyto,0.03976196798058551,0.060833028863719406,0.1525091695864244,0.6892583120204604,"cor:0.040
rmse:0.153","cor:0.061
rmse:0.153",4056
HVG30,BayesPrism,RiboZeroGold_Nuc,0.03942935179255986,0.07775806283268971,0.16444859354617183,0.4836829836829837,"cor:0.039
rmse:0.164","cor:0.078
rmse:0.164",2434
HVG60,BayesPrism,RiboZeroGold_Cyto,0.038235590472505264,0.05754475703324809,0.15225326532717778,0.6427962489343564,"cor:0.038
rmse:0.152","cor:0.058
rmse:0.152",4868
HVG70,BayesPrism,RiboZeroGold_Cyto,0.038235590472505264,0.05754475703324809,0.15225326532717778,0.618925831202046,"cor:0.038
rmse:0.152","cor:0.058
rmse:0.152",5679
HVG80,BayesPrism,RiboZeroGold_Cyto,0.038235590472505264,0.05754475703324809,0.15225326532717778,0.48294970161977835,"cor:0.038
rmse:0.152","cor:0.058
rmse:0.152",6490
HVG10,MuSiC,RiboZeroGold_Total,0.037243225136500996,-0.02722057804440383,0.1903735220362404,0.5773657289002557,"cor:0.037
rmse:0.190","cor:-0.027
rmse:0.190",811
HVG50,DWLS,polyA_Cyto,0.03435880257524632,0.005952380952380952,0.2384574752517807,0.6049667178699437,"cor:0.034
rmse:0.238","cor:0.006
rmse:0.238",4056
HVG40,DWLS,polyA_Total,0.03156878961136384,0.15809280233832665,0.24226472290257856,0.6628303495311167,"cor:0.032
rmse:0.242","cor:0.158
rmse:0.242",3245
FULL,DWLS,polyA_Cyto,0.02806790545314696,-0.004560291858678955,0.2392580656635935,0.5683563748079877,"cor:0.028
rmse:0.239","cor:-0.005
rmse:0.239",17804
HVG60,DWLS,polyA_Cyto,0.02806790545314696,-0.004560291858678955,0.2392580656635935,0.6267281105990783,"cor:0.028
rmse:0.239","cor:-0.005
rmse:0.239",4868
HVG70,DWLS,polyA_Cyto,0.02806790545314696,-0.004560291858678955,0.2392580656635935,0.6159754224270353,"cor:0.028
rmse:0.239","cor:-0.005
rmse:0.239",5679
HVG80,DWLS,polyA_Cyto,0.02806790545314696,-0.004560291858678955,0.2392580656635935,0.3860727086533538,"cor:0.028
rmse:0.239","cor:-0.005
rmse:0.239",6490
HVG90,DWLS,polyA_Cyto,0.02806790545314696,-0.004560291858678955,0.2392580656635935,0.641321044546851,"cor:0.028
rmse:0.239","cor:-0.005
rmse:0.239",7302
HVG100,DWLS,polyA_Cyto,0.02806790545314696,-0.004560291858678955,0.2392580656635935,0.6298003072196621,"cor:0.028
rmse:0.239","cor:-0.005
rmse:0.239",8113
FULL,DWLS,polyA_Nuc,0.025890275680441246,0.13546466973886329,0.20125942473629987,0.6057347670250897,"cor:0.026
rmse:0.201","cor:0.135
rmse:0.201",17804
HVG60,DWLS,polyA_Nuc,0.025890275680441246,0.13546466973886329,0.20125942473629987,0.6564260112647209,"cor:0.026
rmse:0.201","cor:0.135
rmse:0.201",4868
HVG70,DWLS,polyA_Nuc,0.025890275680441246,0.13546466973886329,0.20125942473629987,0.6374807987711213,"cor:0.026
rmse:0.201","cor:0.135
rmse:0.201",5679
HVG80,DWLS,polyA_Nuc,0.025890275680441246,0.13546466973886329,0.20125942473629987,0.4050179211469534,"cor:0.026
rmse:0.201","cor:0.135
rmse:0.201",6490
HVG90,DWLS,polyA_Nuc,0.025890275680441246,0.13546466973886329,0.20125942473629987,0.6280081925243215,"cor:0.026
rmse:0.201","cor:0.135
rmse:0.201",7302
HVG100,DWLS,polyA_Nuc,0.025890275680441246,0.13546466973886329,0.20125942473629987,0.636968766001024,"cor:0.026
rmse:0.201","cor:0.135
rmse:0.201",8113
MeanRatio_top25,DWLS,RiboZeroGold_Total,0.024186418934392228,0.14884910485933506,0.2104186857276787,0.5869565217391304,"cor:0.024
rmse:0.210","cor:0.149
rmse:0.210",151
HVG50,hspe,polyA_Cyto,0.013273022242804383,0.050739247311827954,0.14707565465535566,0.5875576036866359,"cor:0.013
rmse:0.147","cor:0.051
rmse:0.147",4056
MeanRatio_top25,MuSiC,polyA_Nuc,0.00937024119658533,0.20047045292169507,0.18686387701988635,0.4915514592933948,"cor:0.009
rmse:0.187","cor:0.200
rmse:0.187",151
HVG10,MuSiC,RiboZeroGold_Cyto,0.009012402661544634,-0.11502064387085002,0.1885439262835803,0.5473145780051151,"cor:0.009
rmse:0.189","cor:-0.115
rmse:0.189",811
MeanRatio_MAD3,BayesPrism,polyA_Total,0.008174958086011659,0.07851662404092072,0.15728005484970622,0.5392156862745098,"cor:0.008
rmse:0.157","cor:0.079
rmse:0.157",520
MeanRatio_over2,BayesPrism,polyA_Total,0.008174958086011659,0.07851662404092072,0.15728005484970622,0.5264279624893435,"cor:0.008
rmse:0.157","cor:0.079
rmse:0.157",557
MeanRatio_top25,BayesPrism,polyA_Total,0.008174958086011659,0.07851662404092072,0.15728005484970622,0.49872122762148335,"cor:0.008
rmse:0.157","cor:0.079
rmse:0.157",151
HVG80,MuSiC,RiboZeroGold_Total,0.007075951801299816,-0.013472478345438165,0.20154021869025912,0.5809889173060528,"cor:0.007
rmse:0.202","cor:-0.013
rmse:0.202",6490
1vALL_top25,BayesPrism,RiboZeroGold_Nuc,0.0070058553527183615,-0.05120551090700345,0.16525320013796668,0.5706293706293706,"cor:0.007
rmse:0.165","cor:-0.051
rmse:0.165",145
HVG50,DWLS,polyA_Total,0.006600788603503863,0.11286079649251007,0.24564204943598467,0.625532821824382,"cor:0.007
rmse:0.246","cor:0.113
rmse:0.246",4056
HVG70,hspe,RiboZeroGold_Cyto,0.006418506833320477,0.01534526854219949,0.13373675851161795,0.5720375106564365,"cor:0.006
rmse:0.134","cor:0.015
rmse:0.134",5679
HVG90,MuSiC,RiboZeroGold_Total,0.006121370438349794,-0.006955899145742531,0.20028193877907666,0.7361466325660699,"cor:0.006
rmse:0.200","cor:-0.007
rmse:0.200",7302
HVG100,MuSiC,RiboZeroGold_Total,0.002862347393622723,-0.012081298516289658,0.20208443959855457,0.7154731457800512,"cor:0.003
rmse:0.202","cor:-0.012
rmse:0.202",8113
FULL,DWLS,polyA_Total,0.00256936237143093,0.11081476068688347,0.24620737999618988,0.5895140664961637,"cor:0.003
rmse:0.246","cor:0.111
rmse:0.246",17804
HVG60,DWLS,polyA_Total,0.00256936237143093,0.11081476068688347,0.24620737999618988,0.6500426257459506,"cor:0.003
rmse:0.246","cor:0.111
rmse:0.246",4868
HVG70,DWLS,polyA_Total,0.00256936237143093,0.11081476068688347,0.24620737999618988,0.6227621483375959,"cor:0.003
rmse:0.246","cor:0.111
rmse:0.246",5679
HVG80,DWLS,polyA_Total,0.00256936237143093,0.11081476068688347,0.24620737999618988,0.4676044330775789,"cor:0.003
rmse:0.246","cor:0.111
rmse:0.246",6490
HVG90,DWLS,polyA_Total,0.00256936237143093,0.11081476068688347,0.24620737999618988,0.7028985507246377,"cor:0.003
rmse:0.246","cor:0.111
rmse:0.246",7302
HVG100,DWLS,polyA_Total,0.00256936237143093,0.11081476068688347,0.24620737999618988,0.7195225916453538,"cor:0.003
rmse:0.246","cor:0.111
rmse:0.246",8113
HVG10,BayesPrism,RiboZeroGold_Cyto,-0.0038196474955160863,-0.009280233832663501,0.18380472365945483,0.4418158567774936,"cor:-0.004
rmse:0.184","cor:-0.009
rmse:0.184",811
HVG80,MuSiC,RiboZeroGold_Cyto,-0.005949140491686483,-0.013545698336445982,0.20435040694588263,0.4782608695652174,"cor:-0.006
rmse:0.204","cor:-0.014
rmse:0.204",6490
HVG90,MuSiC,RiboZeroGold_Cyto,-0.00743357306814369,-0.016850800514530154,0.2005736785607669,0.7404092071611253,"cor:-0.007
rmse:0.201","cor:-0.017
rmse:0.201",7302
HVG40,BayesPrism,RiboZeroGold_Nuc,-0.008031280276881641,0.05012002922450685,0.16510795871127804,0.6937062937062937,"cor:-0.008
rmse:0.165","cor:0.050
rmse:0.165",3245
HVG80,hspe,RiboZeroGold_Cyto,-0.010401600530597264,-0.024040920716112534,0.13353533777457088,0.7446717817561808,"cor:-0.010
rmse:0.134","cor:-0.024
rmse:0.134",6490
HVG100,MuSiC,RiboZeroGold_Cyto,-0.012528014454318389,-0.019598213641899197,0.20035373027628403,0.7440323955669224,"cor:-0.013
rmse:0.200","cor:-0.020
rmse:0.200",8113
HVG90,BayesPrism,polyA_Total,-0.013054329046071645,0.02119108512970406,0.16509690127937948,0.7250639386189258,"cor:-0.013
rmse:0.165","cor:0.021
rmse:0.165",7302
HVG100,BayesPrism,polyA_Total,-0.013054329046071645,0.02119108512970406,0.16509690127937948,0.7208013640238704,"cor:-0.013
rmse:0.165","cor:0.021
rmse:0.165",8113
HVG20,BayesPrism,RiboZeroGold_Cyto,-0.013508707113421474,0.012714651077822435,0.15689918600065544,0.46632566069906223,"cor:-0.014
rmse:0.157","cor:0.013
rmse:0.157",1623
HVG40,BayesPrism,RiboZeroGold_Cyto,-0.014104723357873506,0.009426379247351116,0.15712370200168965,0.6419437340153453,"cor:-0.014
rmse:0.157","cor:0.009
rmse:0.157",3245
MeanRatio_top25,DWLS,polyA_Nuc,-0.014357588452011837,0.19273233486943167,0.21918968747347442,0.4915514592933948,"cor:-0.014
rmse:0.219","cor:0.193
rmse:0.219",151
MeanRatio_top25,DWLS,RiboZeroGold_Cyto,-0.014518352271172217,-0.004384362440628425,0.2203146317870388,0.5157715260017051,"cor:-0.015
rmse:0.220","cor:-0.004
rmse:0.220",151
MeanRatio_top25,DWLS,polyA_Total,-0.014637195646838455,0.17866276945560836,0.26644379008560887,0.49701619778346123,"cor:-0.015
rmse:0.266","cor:0.179
rmse:0.266",151
HVG60,hspe,polyA_Total,-0.014964770446312925,0.0565582754841067,0.13729251263432302,0.6862745098039216,"cor:-0.015
rmse:0.137","cor:0.057
rmse:0.137",4868
HVG10,MuSiC,RiboZeroGold_Nuc,-0.018137021351750583,-0.06339859467968177,0.20580157080915173,0.5988344988344988,"cor:-0.018
rmse:0.206","cor:-0.063
rmse:0.206",811
HVG50,BayesPrism,polyA_Total,-0.022442849900505144,0.0027036901717208623,0.16709965286400522,0.6300085251491901,"cor:-0.022
rmse:0.167","cor:0.003
rmse:0.167",4056
HVG60,BayesPrism,polyA_Total,-0.022642249341449698,0.006540007307270735,0.16689492263566014,0.6086956521739131,"cor:-0.023
rmse:0.167","cor:0.007
rmse:0.167",4868
HVG70,BayesPrism,polyA_Total,-0.022642249341449698,0.006540007307270735,0.16689492263566014,0.6023017902813299,"cor:-0.023
rmse:0.167","cor:0.007
rmse:0.167",5679
HVG80,BayesPrism,polyA_Total,-0.022642249341449698,0.006540007307270735,0.16689492263566014,0.45907928388746805,"cor:-0.023
rmse:0.167","cor:0.007
rmse:0.167",6490
HVG80,MuSiC,RiboZeroGold_Nuc,-0.027136421536870865,-0.07161911436109861,0.208276405990216,0.5571095571095571,"cor:-0.027
rmse:0.208","cor:-0.072
rmse:0.208",6490
MeanRatio_top25,MuSiC,polyA_Total,-0.027619228437874965,0.10557975981688077,0.23527257543036914,0.49872122762148335,"cor:-0.028
rmse:0.235","cor:0.106
rmse:0.235",151
HVG100,MuSiC,RiboZeroGold_Nuc,-0.02843426551863827,-0.06801984747606815,0.20761117629202003,0.6974358974358974,"cor:-0.028
rmse:0.208","cor:-0.068
rmse:0.208",8113
HVG90,MuSiC,RiboZeroGold_Nuc,-0.029664113979354714,-0.07571760966468263,0.20674088482940117,0.7174825174825175,"cor:-0.030
rmse:0.207","cor:-0.076
rmse:0.207",7302
MeanRatio_top25,DWLS,RiboZeroGold_Nuc,-0.030163294233945218,0.05358522074939986,0.2211746286911359,0.5384615384615384,"cor:-0.030
rmse:0.221","cor:0.054
rmse:0.221",151
HVG90,hspe,RiboZeroGold_Cyto,-0.030428590506774843,-0.06302521008403363,0.13426738855610806,0.7416879795396419,"cor:-0.030
rmse:0.134","cor:-0.063
rmse:0.134",7302
HVG10,BayesPrism,RiboZeroGold_Total,-0.03341826858851855,0.05104128607964926,0.17864699941090825,0.4614236999147485,"cor:-0.033
rmse:0.179","cor:0.051
rmse:0.179",811
HVG30,MuSiC,RiboZeroGold_Cyto,-0.03632043916642199,-0.11513492612427885,0.18894731454113603,0.49744245524296676,"cor:-0.036
rmse:0.189","cor:-0.115
rmse:0.189",2434
HVG40,MuSiC,RiboZeroGold_Cyto,-0.03875374096501269,-0.09550008030734805,0.19172207517184092,0.7395566922421142,"cor:-0.039
rmse:0.192","cor:-0.096
rmse:0.192",3245
HVG100,hspe,RiboZeroGold_Cyto,-0.03924902630171609,-0.07464377055169895,0.1341632519528285,0.7450980392156863,"cor:-0.039
rmse:0.134","cor:-0.075
rmse:0.134",8113
HVG30,BayesPrism,polyA_Total,-0.04310117416345222,0.015601023017902815,0.18030569879729827,0.43052003410059675,"cor:-0.043
rmse:0.180","cor:0.016
rmse:0.180",2434
HVG50,MuSiC,RiboZeroGold_Cyto,-0.044420501083670676,-0.1190179366776271,0.19336262236099175,0.6926683716965047,"cor:-0.044
rmse:0.193","cor:-0.119
rmse:0.193",4056
HVG30,MuSiC,RiboZeroGold_Total,-0.04923215584741022,-0.11231946620598993,0.17974367410946757,0.4985080988917306,"cor:-0.049
rmse:0.180","cor:-0.112
rmse:0.180",2434
1vALL_top25,BayesPrism,RiboZeroGold_Cyto,-0.05033198539026507,-0.1748264523200585,0.17144480179487548,0.5353793691389599,"cor:-0.050
rmse:0.171","cor:-0.175
rmse:0.171",145
HVG50,MuSiC,RiboZeroGold_Total,-0.05310215779525274,-0.1335532635982566,0.18125404740087572,0.7212276214833759,"cor:-0.053
rmse:0.181","cor:-0.134
rmse:0.181",4056
HVG70,MuSiC,RiboZeroGold_Cyto,-0.0539280229302241,-0.12238809678053313,0.19427605653035934,0.6159420289855072,"cor:-0.054
rmse:0.194","cor:-0.122
rmse:0.194",5679
HVG30,MuSiC,RiboZeroGold_Nuc,-0.0564582224112071,-0.11710460975809087,0.19844907149389293,0.4864801864801865,"cor:-0.056
rmse:0.198","cor:-0.117
rmse:0.198",2434
MeanRatio_MAD3,BayesPrism,polyA_Cyto,-0.056578395445057175,-0.014736943164362517,0.1855457692277012,0.4935995903737839,"cor:-0.057
rmse:0.186","cor:-0.015
rmse:0.186",520
MeanRatio_over2,BayesPrism,polyA_Cyto,-0.056578395445057175,-0.014736943164362517,0.1855457692277012,0.49513568868407576,"cor:-0.057
rmse:0.186","cor:-0.015
rmse:0.186",557
MeanRatio_top25,BayesPrism,polyA_Cyto,-0.056578395445057175,-0.014736943164362517,0.1855457692277012,0.47465437788018433,"cor:-0.057
rmse:0.186","cor:-0.015
rmse:0.186",151
HVG60,MuSiC,RiboZeroGold_Cyto,-0.05714534570894653,-0.11110538687080425,0.19423564018128942,0.639386189258312,"cor:-0.057
rmse:0.194","cor:-0.111
rmse:0.194",4868
HVG40,hspe,polyA_Nuc,-0.058265271922125134,0.03609831029185868,0.1330072703631777,0.6326164874551972,"cor:-0.058
rmse:0.133","cor:0.036
rmse:0.133",3245
HVG20,MuSiC,RiboZeroGold_Total,-0.05969286760918898,-0.15738022776247973,0.18064019778487317,0.46909633418584823,"cor:-0.060
rmse:0.181","cor:-0.157
rmse:0.181",1623
HVG10,BayesPrism,polyA_Cyto,-0.0599776401384046,-0.13354454685099845,0.22397697426981295,0.37736815156169995,"cor:-0.060
rmse:0.224","cor:-0.134
rmse:0.224",811
HVG20,BayesPrism,RiboZeroGold_Total,-0.06185251632165358,0.047899159663865556,0.15093255547658094,0.4771952259164535,"cor:-0.062
rmse:0.151","cor:0.048
rmse:0.151",1623
HVG10,BayesPrism,RiboZeroGold_Nuc,-0.06380348373807188,0.002066590126291619,0.19360389506114864,0.4477855477855478,"cor:-0.064
rmse:0.194","cor:0.002
rmse:0.194",811
HVG30,BayesPrism,polyA_Cyto,-0.06500561895531583,-0.08131720430107528,0.20651513784981224,0.40604198668714797,"cor:-0.065
rmse:0.207","cor:-0.081
rmse:0.207",2434
HVG40,MuSiC,RiboZeroGold_Nuc,-0.0650761443545422,-0.1504136215027542,0.19743728800050395,0.7505827505827506,"cor:-0.065
rmse:0.197","cor:-0.150
rmse:0.197",3245
HVG90,BayesPrism,polyA_Cyto,-0.06731976700430124,-0.057507680491551465,0.19805586046866402,0.7142857142857143,"cor:-0.067
rmse:0.198","cor:-0.058
rmse:0.198",7302
HVG100,BayesPrism,polyA_Cyto,-0.06731976700430124,-0.057507680491551465,0.19805586046866402,0.6298003072196621,"cor:-0.067
rmse:0.198","cor:-0.058
rmse:0.198",8113
HVG40,MuSiC,RiboZeroGold_Total,-0.06844362169014102,-0.14124136265407727,0.18255899588381835,0.7485080988917306,"cor:-0.068
rmse:0.183","cor:-0.141
rmse:0.183",3245
HVG50,BayesPrism,polyA_Cyto,-0.07183307414352683,-0.07008448540706605,0.19967604557170474,0.6077828981054787,"cor:-0.072
rmse:0.200","cor:-0.070
rmse:0.200",4056
HVG70,MuSiC,RiboZeroGold_Total,-0.07192616922389217,-0.13739731312616693,0.1808360153800567,0.6675191815856778,"cor:-0.072
rmse:0.181","cor:-0.137
rmse:0.181",5679
HVG60,BayesPrism,polyA_Cyto,-0.07198689758708299,-0.06778033794162826,0.19965317977346492,0.5084485407066053,"cor:-0.072
rmse:0.200","cor:-0.068
rmse:0.200",4868
HVG70,BayesPrism,polyA_Cyto,-0.07198689758708299,-0.06778033794162826,0.19965317977346492,0.5821812596006144,"cor:-0.072
rmse:0.200","cor:-0.068
rmse:0.200",5679
HVG80,BayesPrism,polyA_Cyto,-0.07198689758708299,-0.06778033794162826,0.19965317977346492,0.3794162826420891,"cor:-0.072
rmse:0.200","cor:-0.068
rmse:0.200",6490
HVG60,MuSiC,RiboZeroGold_Total,-0.07208352792019451,-0.14662303199315177,0.18103378595639208,0.6730605285592498,"cor:-0.072
rmse:0.181","cor:-0.147
rmse:0.181",4868
HVG50,MuSiC,RiboZeroGold_Nuc,-0.07472459876262183,-0.15384495185836022,0.19725942306145738,0.6993006993006993,"cor:-0.075
rmse:0.197","cor:-0.154
rmse:0.197",4056
HVG20,BayesPrism,polyA_Cyto,-0.07832246028246762,-0.05563556067588326,0.1955063446991387,0.3965693804403482,"cor:-0.078
rmse:0.196","cor:-0.056
rmse:0.196",1623
HVG60,hspe,polyA_Cyto,-0.0786473693978302,-0.1653705837173579,0.15041798370010612,0.6687147977470558,"cor:-0.079
rmse:0.150","cor:-0.165
rmse:0.150",4868
HVG60,MuSiC,RiboZeroGold_Nuc,-0.08059628010326124,-0.18840932836726967,0.19673117284069985,0.6648018648018648,"cor:-0.081
rmse:0.197","cor:-0.188
rmse:0.197",4868
HVG20,MuSiC,RiboZeroGold_Cyto,-0.0811414833659042,-0.22254976639186275,0.18922639391937934,0.47570332480818417,"cor:-0.081
rmse:0.189","cor:-0.223
rmse:0.189",1623
HVG70,MuSiC,RiboZeroGold_Nuc,-0.08344518014859366,-0.17384709710201485,0.19729595240639447,0.6675990675990676,"cor:-0.083
rmse:0.197","cor:-0.174
rmse:0.197",5679
HVG40,BayesPrism,polyA_Total,-0.08687468898394889,-0.03744976251370114,0.17517078815649606,0.6641091219096334,"cor:-0.087
rmse:0.175","cor:-0.037
rmse:0.175",3245
HVG20,BayesPrism,RiboZeroGold_Nuc,-0.08798556659860193,-0.006366767560797413,0.17535455095077382,0.4710955710955711,"cor:-0.088
rmse:0.175","cor:-0.006
rmse:0.175",1623
FULL,MuSiC,RiboZeroGold_Nuc,-0.09155704097412584,-0.1672646119049424,0.19459384289811962,0.5752913752913753,"cor:-0.092
rmse:0.195","cor:-0.167
rmse:0.195",17804
HVG40,BayesPrism,polyA_Cyto,-0.09185569455461172,-0.09010176651305683,0.20263594890513412,0.5770609318996416,"cor:-0.092
rmse:0.203","cor:-0.090
rmse:0.203",3245
HVG50,hspe,polyA_Nuc,-0.09956353153864327,0.052083333333333336,0.1373644957652911,0.5906298003072197,"cor:-0.100
rmse:0.137","cor:0.052
rmse:0.137",4056
HVG20,MuSiC,RiboZeroGold_Nuc,-0.11436600906672353,-0.23392789265915623,0.19890986060421362,0.46783216783216786,"cor:-0.114
rmse:0.199","cor:-0.234
rmse:0.199",1623
FULL,MuSiC,RiboZeroGold_Cyto,-0.11495433591873827,-0.190738076575361,0.19910389282153304,0.5362318840579711,"cor:-0.115
rmse:0.199","cor:-0.191
rmse:0.199",17804
FULL,MuSiC,RiboZeroGold_Total,-0.11680028402644227,-0.13194242379608465,0.1928108713083317,0.5711849957374254,"cor:-0.117
rmse:0.193","cor:-0.132
rmse:0.193",17804
HVG10,BayesPrism,polyA_Total,-0.14046101038228492,-0.05542564852027768,0.216088949877397,0.40494458653026427,"cor:-0.140
rmse:0.216","cor:-0.055
rmse:0.216",811
HVG70,hspe,polyA_Total,-0.14056800018265,-0.1009134088417976,0.14344386137793294,0.5170502983802217,"cor:-0.141
rmse:0.143","cor:-0.101
rmse:0.143",5679
HVG80,hspe,polyA_Total,-0.14874704210754502,-0.1265619291194739,0.1420410988946617,0.7033248081841432,"cor:-0.149
rmse:0.142","cor:-0.127
rmse:0.142",6490
HVG20,BayesPrism,polyA_Total,-0.15633572102789103,-0.06295213737668982,0.18655374389563134,0.399616368286445,"cor:-0.156
rmse:0.187","cor:-0.063
rmse:0.187",1623
HVG90,hspe,polyA_Total,-0.16374506407918604,-0.14968944099378884,0.14211085777012541,0.7199488491048593,"cor:-0.164
rmse:0.142","cor:-0.150
rmse:0.142",7302
HVG100,MuSiC,polyA_Total,-0.1696505427945957,-0.2221741415665769,0.25278974199598175,0.7208013640238704,"cor:-0.170
rmse:0.253","cor:-0.222
rmse:0.253",8113
HVG90,MuSiC,polyA_Total,-0.17004921035866993,-0.221368233715882,0.25310622963222024,0.722080136402387,"cor:-0.170
rmse:0.253","cor:-0.221
rmse:0.253",7302
HVG100,hspe,polyA_Total,-0.1705954542153965,-0.1576178297405919,0.1416583403010927,0.6994884910485933,"cor:-0.171
rmse:0.142","cor:-0.158
rmse:0.142",8113
HVG80,MuSiC,polyA_Total,-0.17441738959122702,-0.24035063700133308,0.25755997943790365,0.45481670929241264,"cor:-0.174
rmse:0.258","cor:-0.240
rmse:0.258",6490
MeanRatio_MAD3,BayesPrism,polyA_Nuc,-0.19298487478062679,0.046178955453149,0.17715226246967758,0.5448028673835126,"cor:-0.193
rmse:0.177","cor:0.046
rmse:0.177",520
MeanRatio_over2,BayesPrism,polyA_Nuc,-0.19298487478062679,0.046178955453149,0.17715226246967758,0.5028161802355351,"cor:-0.193
rmse:0.177","cor:0.046
rmse:0.177",557
MeanRatio_top25,BayesPrism,polyA_Nuc,-0.19298487478062679,0.046178955453149,0.17715226246967758,0.4915514592933948,"cor:-0.193
rmse:0.177","cor:0.046
rmse:0.177",151
HVG10,MuSiC,polyA_Cyto,-0.1970386165990804,-0.3243847816808076,0.22297470947878834,0.5153609831029186,"cor:-0.197
rmse:0.223","cor:-0.324
rmse:0.223",811
HVG10,BayesPrism,polyA_Nuc,-0.19852155651162612,-0.14280913978494625,0.20172868958541268,0.39093701996927804,"cor:-0.199
rmse:0.202","cor:-0.143
rmse:0.202",811
HVG70,hspe,polyA_Cyto,-0.20454486456410423,-0.3437019969278034,0.15690418122058722,0.44802867383512546,"cor:-0.205
rmse:0.157","cor:-0.344
rmse:0.157",5679
HVG90,BayesPrism,polyA_Nuc,-0.20661520582766604,0.001392089093701997,0.18387242473081078,0.7270865335381465,"cor:-0.207
rmse:0.184","cor:0.001
rmse:0.184",7302
HVG100,BayesPrism,polyA_Nuc,-0.20661520582766604,0.001392089093701997,0.18387242473081078,0.636968766001024,"cor:-0.207
rmse:0.184","cor:0.001
rmse:0.184",8113
HVG80,MuSiC,polyA_Cyto,-0.21198356115013745,-0.3423990434428916,0.2507331887534203,0.37788018433179726,"cor:-0.212
rmse:0.251","cor:-0.342
rmse:0.251",6490
HVG60,BayesPrism,polyA_Nuc,-0.21198587719485437,-0.004512288786482335,0.18508144528421971,0.5739887352790578,"cor:-0.212
rmse:0.185","cor:-0.005
rmse:0.185",4868
HVG70,BayesPrism,polyA_Nuc,-0.21198587719485437,-0.004512288786482335,0.18508144528421971,0.5862775217613927,"cor:-0.212
rmse:0.185","cor:-0.005
rmse:0.185",5679
HVG80,BayesPrism,polyA_Nuc,-0.21198587719485437,-0.004512288786482335,0.18508144528421971,0.4050179211469534,"cor:-0.212
rmse:0.185","cor:-0.005
rmse:0.185",6490
HVG50,BayesPrism,polyA_Nuc,-0.21211232737078764,-0.004464285714285714,0.1851431942312737,0.6134152585765489,"cor:-0.212
rmse:0.185","cor:-0.004
rmse:0.185",4056
HVG30,BayesPrism,polyA_Nuc,-0.21717373227408313,-0.02956989247311828,0.1921018050714567,0.39682539682539686,"cor:-0.217
rmse:0.192","cor:-0.030
rmse:0.192",2434
HVG90,MuSiC,polyA_Cyto,-0.21789814697276214,-0.3368676802952006,0.2525582247712927,0.6446492575524834,"cor:-0.218
rmse:0.253","cor:-0.337
rmse:0.253",7302
HVG60,hspe,polyA_Nuc,-0.21904562050317988,-0.07310867895545316,0.14371392974462446,0.7142857142857143,"cor:-0.219
rmse:0.144","cor:-0.073
rmse:0.144",4868
HVG100,MuSiC,polyA_Cyto,-0.22164771902662406,-0.33628965610651934,0.25018069939712356,0.6308243727598566,"cor:-0.222
rmse:0.250","cor:-0.336
rmse:0.250",8113
HVG80,hspe,polyA_Cyto,-0.22560135751397042,-0.3611751152073733,0.15655644452313466,0.6236559139784946,"cor:-0.226
rmse:0.157","cor:-0.361
rmse:0.157",6490
FULL,MuSiC,polyA_Total,-0.23543519334874316,-0.31984488241087244,0.22875064789490804,0.5549872122762148,"cor:-0.235
rmse:0.229","cor:-0.320
rmse:0.229",17804
HVG40,BayesPrism,polyA_Nuc,-0.2404785910762959,-0.012672811059907833,0.18998022764618056,0.6169994879672299,"cor:-0.240
rmse:0.190","cor:-0.013
rmse:0.190",3245
HVG90,hspe,polyA_Cyto,-0.24710311537354698,-0.38085637480798773,0.1574681187180899,0.6310803891449053,"cor:-0.247
rmse:0.157","cor:-0.381
rmse:0.157",7302
HVG100,hspe,polyA_Cyto,-0.2544401915578344,-0.3828725038402458,0.1570616371198934,0.6190476190476191,"cor:-0.254
rmse:0.157","cor:-0.383
rmse:0.157",8113
HVG60,MuSiC,polyA_Total,-0.2600526744124479,-0.2930109048836795,0.2237469056271389,0.6415174765558398,"cor:-0.260
rmse:0.224","cor:-0.293
rmse:0.224",4868
HVG70,MuSiC,polyA_Total,-0.2612677229862439,-0.30934040205423885,0.22404092609174314,0.5711849957374254,"cor:-0.261
rmse:0.224","cor:-0.309
rmse:0.224",5679
HVG20,BayesPrism,polyA_Nuc,-0.2627444826669305,-0.08952572964669739,0.1955570512771453,0.3924731182795699,"cor:-0.263
rmse:0.196","cor:-0.090
rmse:0.196",1623
HVG50,MuSiC,polyA_Total,-0.26292611924213694,-0.31565945224718767,0.22557476632388682,0.6123188405797102,"cor:-0.263
rmse:0.226","cor:-0.316
rmse:0.226",4056
HVG80,MuSiC,polyA_Nuc,-0.2653118821330677,-0.3434293697848384,0.2578790121602644,0.40450588837685614,"cor:-0.265
rmse:0.258","cor:-0.343
rmse:0.258",6490
HVG100,MuSiC,polyA_Nuc,-0.2725144910709394,-0.3514329182032412,0.2559110431712372,0.636968766001024,"cor:-0.273
rmse:0.256","cor:-0.351
rmse:0.256",8113
HVG40,MuSiC,polyA_Total,-0.2741239030672267,-0.3232497767211487,0.2202875831503557,0.6306479113384484,"cor:-0.274
rmse:0.220","cor:-0.323
rmse:0.220",3245
HVG90,MuSiC,polyA_Nuc,-0.275544135278741,-0.35466326605886156,0.2517805487178732,0.674347158218126,"cor:-0.276
rmse:0.252","cor:-0.355
rmse:0.252",7302
HVG30,MuSiC,polyA_Total,-0.2820330017445457,-0.34287847322484477,0.22084645555276108,0.4317988064791134,"cor:-0.282
rmse:0.221","cor:-0.343
rmse:0.221",2434
HVG70,MuSiC,polyA_Cyto,-0.2828116930722927,-0.3290626744385861,0.25728891079904176,0.49257552483358935,"cor:-0.283
rmse:0.257","cor:-0.329
rmse:0.257",5679
HVG50,MuSiC,polyA_Cyto,-0.2837072773562667,-0.31083660634604143,0.2557939104303847,0.5880696364567333,"cor:-0.284
rmse:0.256","cor:-0.311
rmse:0.256",4056
HVG60,MuSiC,polyA_Cyto,-0.28401121126854856,-0.33263445851023343,0.2564671848716972,0.5924219150025601,"cor:-0.284
rmse:0.256","cor:-0.333
rmse:0.256",4868
HVG40,MuSiC,polyA_Cyto,-0.2854713808923903,-0.32568656365247556,0.25088992489315237,0.6193036354326676,"cor:-0.285
rmse:0.251","cor:-0.326
rmse:0.251",3245
HVG30,MuSiC,polyA_Cyto,-0.29632343378596226,-0.35811962053496,0.23988202172177286,0.4055299539170507,"cor:-0.296
rmse:0.240","cor:-0.358
rmse:0.240",2434
1vALL_top25,BayesPrism,RiboZeroGold_Total,-0.30795447588569186,-0.4393131165509683,0.21391655951178365,0.5682011935208866,"cor:-0.308
rmse:0.214","cor:-0.439
rmse:0.214",145
HVG10,MuSiC,polyA_Total,-0.30796337528340706,-0.4007063557842063,0.22638098736285583,0.5413469735720375,"cor:-0.308
rmse:0.226","cor:-0.401
rmse:0.226",811
HVG20,MuSiC,polyA_Cyto,-0.3140606376722326,-0.3623293154475727,0.22503006261856828,0.40706605222734255,"cor:-0.314
rmse:0.225","cor:-0.362
rmse:0.225",1623
HVG40,MuSiC,polyA_Nuc,-0.32246863323457947,-0.3495551773847222,0.2554487928018993,0.6264720942140297,"cor:-0.322
rmse:0.255","cor:-0.350
rmse:0.255",3245
HVG70,MuSiC,polyA_Nuc,-0.3232133724924232,-0.34186961000490007,0.25295339017504825,0.4956477214541731,"cor:-0.323
rmse:0.253","cor:-0.342
rmse:0.253",5679
HVG50,MuSiC,polyA_Nuc,-0.32345057572756974,-0.3432018620294994,0.2583780213550422,0.6008704557091654,"cor:-0.323
rmse:0.258","cor:-0.343
rmse:0.258",4056
HVG60,MuSiC,polyA_Nuc,-0.3254289867179689,-0.3324841990586865,0.2540062948623465,0.6277521761392729,"cor:-0.325
rmse:0.254","cor:-0.332
rmse:0.254",4868
HVG20,MuSiC,polyA_Total,-0.3267063448540273,-0.37197297103312704,0.21391423023103634,0.4085677749360614,"cor:-0.327
rmse:0.214","cor:-0.372
rmse:0.214",1623
HVG70,hspe,polyA_Nuc,-0.3488214767631157,-0.3172043010752688,0.1543912694289187,0.4608294930875576,"cor:-0.349
rmse:0.154","cor:-0.317
rmse:0.154",5679
HVG30,MuSiC,polyA_Nuc,-0.3504238962072308,-0.36018492546893593,0.25575620992531856,0.3978494623655914,"cor:-0.350
rmse:0.256","cor:-0.360
rmse:0.256",2434
FULL,MuSiC,polyA_Cyto,-0.3631044742773716,-0.422656103631978,0.22582207833810825,0.50076804915514594,"cor:-0.363
rmse:0.226","cor:-0.423
rmse:0.226",17804
HVG80,hspe,polyA_Nuc,-0.365884559456161,-0.31432411674347155,0.15384466125446297,0.6344086021505376,"cor:-0.366
rmse:0.154","cor:-0.314
rmse:0.154",6490
FULL,MuSiC,polyA_Nuc,-0.3738616451660166,-0.38913357692378114,0.21630651319729577,0.558115719406042,"cor:-0.374
rmse:0.216","cor:-0.389
rmse:0.216",17804
HVG90,hspe,polyA_Nuc,-0.3869178129526584,-0.31360407066052226,0.15447971693068732,0.642089093701997,"cor:-0.387
rmse:0.154","cor:-0.314
rmse:0.154",7302
HVG100,hspe,polyA_Nuc,-0.39508311911515387,-0.30990783410138245,0.15425923352499277,0.6318484383000512,"cor:-0.395
rmse:0.154","cor:-0.310
rmse:0.154",8113
HVG20,MuSiC,polyA_Nuc,-0.4117312490726344,-0.4499702919802634,0.24456540075331418,0.3970814132104455,"cor:-0.412
rmse:0.245","cor:-0.450
rmse:0.245",1623
HVG10,MuSiC,polyA_Nuc,-0.5097621719320592,-0.4862453072672265,0.22856167108990685,0.5519713261648745,"cor:-0.510
rmse:0.229","cor:-0.486
rmse:0.229",811
