"","Gene","test.type","p_value","log2.mean.Cluster_Other","log2.mean.Astro","log2fold_change","Auc"
"538","ENSG00000234377","hurdle",0,-0.9107694,3.3026889,4.2134583,0.892
"50","ENSG00000079215","hurdle",0,-0.1943336,3.6622273,3.8565609,0.883
"127","ENSG00000110436","hurdle",0,1.654632,5.411065,3.756433,0.864
"378","ENSG00000164199","hurdle",0,0.07573211,4.03264283,3.95691072,0.861
"458","ENSG00000179399","hurdle",0,1.813891,4.699532,2.885641,0.838
"15","ENSG00000018625","hurdle",0,-0.0903243,2.1275229,2.2178472,0.838
"233","ENSG00000135540","hurdle",0,-1.768433,2.262861,4.031294,0.827
"242","ENSG00000136297","hurdle",0,-1.038013,1.766313,2.804326,0.813
"544","ENSG00000236790","hurdle",0,0.007673126,2.573855202,2.566182076,0.811
"271","ENSG00000142611","hurdle",0,-2.581974,1.061731,3.643705,0.806
"114","ENSG00000106571","hurdle",0,-2.546361,1.456746,4.003107,0.798
"176","ENSG00000124440","hurdle",0,-2.140137,1.23532,3.375457,0.795
"335","ENSG00000154217","hurdle",0,1.763338,3.956216,2.192878,0.79
"57","ENSG00000080573","hurdle",0,-1.674333,1.660069,3.334402,0.79
"22","ENSG00000046889","hurdle",0,-0.3444649,2.4118092,2.7562741,0.789
"482","ENSG00000185942","hurdle",0,1.12378,3.138109,2.014329,0.788
"253","ENSG00000138696","hurdle",0,-0.91709,1.850462,2.767552,0.788
"470","ENSG00000183580","hurdle",0,0.78247,2.998,2.21553,0.786
"341","ENSG00000154930","hurdle",0,-2.30156,0.9839394,3.2854994,0.786
"468","ENSG00000182902","hurdle",0,-2.254223,1.126269,3.380492,0.785
"147","ENSG00000116117","hurdle",0,-0.5635863,2.0432972,2.6068835,0.784
"35","ENSG00000068078","hurdle",0,-2.6404369,0.5594546,3.1998915,0.783
"259","ENSG00000140022","hurdle",0,-2.267004,1.189476,3.45648,0.782
"118","ENSG00000107317","hurdle",0,0.4352591,1.9130317,1.4777726,0.782
"189","ENSG00000127249","hurdle",0,-1.320238,1.691841,3.012079,0.78
"103","ENSG00000103740","hurdle",0,-2.315453,0.935282,3.250735,0.779
"553","ENSG00000245532","hurdle",0,1.73786,3.558092,1.820232,0.778
"130","ENSG00000111783","hurdle",0,-0.7867592,2.0803773,2.8671365,0.777
"283","ENSG00000144749","hurdle",0,-0.911183,1.880315,2.791498,0.773
"331","ENSG00000153944","hurdle",0,1.593095,3.575471,1.982376,0.772
"309","ENSG00000149090","hurdle",0,-1.294582,1.493137,2.787719,0.772
"302","ENSG00000148498","hurdle",0,0.2604704,2.3851968,2.1247264,0.772
"342","ENSG00000155324","hurdle",0,-0.8438498,1.6845272,2.528377,0.766
"183","ENSG00000125462","hurdle",0,0.09856233,2.07608435,1.97752202,0.766
"359","ENSG00000162407","hurdle",0,-1.38397,1.500972,2.884942,0.765
"46","ENSG00000076555","hurdle",0,-1.750373,1.031896,2.782269,0.762
"317","ENSG00000151012","hurdle",0,-1.801118,1.313696,3.114814,0.759
"43","ENSG00000072952","hurdle",0,-2.4584998,0.7454755,3.2039753,0.756
"437","ENSG00000172987","hurdle",0,-0.9804021,2.6664282,3.6468303,0.754
"358","ENSG00000162390","hurdle",0,-0.6525057,1.3241598,1.9766655,0.752
"30","ENSG00000064655","hurdle",0,-2.0391538,0.7250018,2.7641556,0.752
"226","ENSG00000135063","hurdle",0,-2.248332,1.018356,3.266688,0.75
"294","ENSG00000147509","hurdle",0,-1.841739,1.301391,3.14313,0.745
"90","ENSG00000101542","hurdle",0,1.369888,3.061005,1.691117,0.743
"377","ENSG00000164188","hurdle",0,-1.800065,1.168821,2.968886,0.742
"277","ENSG00000143772","hurdle",0,-1.393401,1.153581,2.546982,0.742
"56","ENSG00000080493","hurdle",0,0.5778103,2.6054172,2.0276069,0.741
"143","ENSG00000114790","hurdle",0,-1.838982,0.9486816,2.7876636,0.738
"469","ENSG00000183579","hurdle",0,0.2454721,2.4253049,2.1798328,0.737
"290","ENSG00000146005","hurdle",0,-1.713564,0.774592,2.488156,0.736
"117","ENSG00000107249","hurdle",0,1.343215,2.502195,1.15898,0.734
"236","ENSG00000135821","hurdle",0,-0.6570078,1.880413,2.5374208,0.733
"285","ENSG00000144908","hurdle",0,-2.727902,0.29119,3.019092,0.732
"25","ENSG00000056487","hurdle",0,-1.753058,0.68271,2.435768,0.732
"392","ENSG00000165795","hurdle",0,-1.3485274,0.6255743,1.9741017,0.73
"543","ENSG00000236197","hurdle",0,-0.425901,2.254906,2.680807,0.728
"376","ENSG00000164089","hurdle",0,-2.7910158,0.6765982,3.467614,0.728
"429","ENSG00000171885","hurdle",0,-1.397452,1.388033,2.785485,0.727
"257","ENSG00000139155","hurdle",0,-2.3041379,0.8033403,3.1074782,0.726
"144","ENSG00000115380","hurdle",0,-2.6191636,0.6892458,3.3084094,0.726
"535","ENSG00000231252","hurdle",0,-2.6063811,0.6606312,3.2670123,0.725
"476","ENSG00000184384","hurdle",0,0.7147564,2.3417261,1.6269697,0.724
"498","ENSG00000197360","hurdle",0,-1.223515,2.19147,3.414985,0.723
"72","ENSG00000092820","hurdle",0,-2.5750757,0.4659499,3.0410256,0.723
"83","ENSG00000100767","hurdle",0,-2.98766836,0.05788682,3.04555518,0.72
"128","ENSG00000110693","hurdle",0,1.118787,1.749805,0.631018,0.719
"572","ENSG00000262655","hurdle",0,-0.1243575,1.4249606,1.5493181,0.716
"522","ENSG00000215244","hurdle",0,-2.5219928,0.2185751,2.7405679,0.714
"220","ENSG00000134569","hurdle",0,-2.0179511,0.4402596,2.4582107,0.714
"506","ENSG00000198838","hurdle",0,1.842725,2.81983,0.977105,0.713
"116","ENSG00000107104","hurdle",0,-0.4317121,1.737571,2.1692831,0.713
"203","ENSG00000131095","hurdle",0,-1.045939,1.55799,2.603929,0.71
"265","ENSG00000141469","hurdle",0,-2.7687323,0.7042334,3.4729657,0.709
"291","ENSG00000146122","hurdle",0,-0.3373256,1.3034493,1.6407749,0.707
"248","ENSG00000137693","hurdle",0,-2.5044117,0.2506233,2.755035,0.705
"552","ENSG00000243069","hurdle",0,-1.6314468,0.6923904,2.3238372,0.704
"323","ENSG00000152661","hurdle",0,-2.480275,0.273001,2.753276,0.704
"92","ENSG00000101680","hurdle",0,-2.93962269,0.02298462,2.96260731,0.704
"109","ENSG00000105854","hurdle",0,-1.841542,0.5007034,2.3422454,0.702
"106","ENSG00000104313","hurdle",0,-2.1013909,0.4847274,2.5861183,0.7
"325","ENSG00000152990","hurdle",0,-1.10073,1.022824,2.123554,0.699
"455","ENSG00000178764","hurdle",0,-0.2429657,1.4580664,1.7010321,0.698
"433","ENSG00000172201","hurdle",0,-2.3074008,0.5597006,2.8671014,0.697
"355","ENSG00000161509","hurdle",0,-2.87606848,-0.08593856,2.79012992,0.697
"387","ENSG00000165092","hurdle",0,-1.8606878,0.8262197,2.6869075,0.696
"113","ENSG00000106278","hurdle",0,1.263351,2.212275,0.948924,0.696
"326","ENSG00000153208","hurdle",0,-1.33834,0.765876,2.104216,0.695
"89","ENSG00000101439","hurdle",0,-0.3172133,1.2048147,1.522028,0.695
"169","ENSG00000123104","hurdle",0,1.45927,2.236636,0.777366,0.694
"198","ENSG00000130203","hurdle",0,-1.4832551,0.6215736,2.1048287,0.693
"467","ENSG00000182175","hurdle",0,-1.4048594,0.3696151,1.7744745,0.691
"529","ENSG00000227036","hurdle",0,0.2138147,1.6042788,1.3904641,0.688
"528","ENSG00000226476","hurdle",0,-0.8641773,0.9872354,1.8514127,0.688
"459","ENSG00000179604","hurdle",0,-2.509413,0.1239256,2.6333386,0.687
"292","ENSG00000146648","hurdle",0,-0.5856171,0.8204825,1.4060996,0.687
"237","ENSG00000135838","hurdle",0,-1.3970898,0.6652112,2.062301,0.687
"286","ENSG00000145555","hurdle",0,-1.149976,0.714434,1.86441,0.686
"533","ENSG00000229847","hurdle",0,-2.46410261,-0.02822909,2.43587352,0.682
"474","ENSG00000184232","hurdle",0,-2.6433545,-0.1789223,2.4644322,0.682
"86","ENSG00000101144","hurdle",0,-2.418554,-0.1006368,2.3179172,0.682
"361","ENSG00000162599","hurdle",0,1.812537,2.945075,1.132538,0.681
"314","ENSG00000150760","hurdle",0,-0.0609425,1.0710798,1.1320223,0.681
"131","ENSG00000111907","hurdle",0,-1.2584794,0.9398254,2.1983048,0.681
"464","ENSG00000181722","hurdle",0,2.149772,3.620769,1.470997,0.679
"486","ENSG00000186998","hurdle",0,-2.0721898,-0.0226936,2.0494962,0.678
"480","ENSG00000185650","hurdle",0,-1.8466755,0.5238362,2.3705117,0.678
"155","ENSG00000117525","hurdle",0,-2.7732367,-0.1312842,2.6419525,0.678
"578","ENSG00000271904","hurdle",0,-1.349928,0.803548,2.153476,0.677
"446","ENSG00000176771","hurdle",0,1.253328,1.96856,0.715232,0.677
"390","ENSG00000165478","hurdle",0,-1.87121169,0.03895401,1.9101657,0.677
"276","ENSG00000143603","hurdle",0,-0.4406036,0.9916183,1.4322219,0.677
"241","ENSG00000136205","hurdle",0,-1.5307689,0.3056365,1.8364054,0.675
"82","ENSG00000100427","hurdle",0,-2.875463,-0.4901262,2.3853368,0.674
"588","ENSG00000286288","hurdle",0,-0.3499915,1.2580858,1.6080773,0.673
"340","ENSG00000154856","hurdle",0,-2.11526276,-0.03861919,2.07664357,0.673
"321","ENSG00000152284","hurdle",0,-2.00310496,0.03471276,2.03781772,0.673
"19","ENSG00000031081","hurdle",0,-1.6680278,0.1342036,1.8022314,0.672
"288","ENSG00000145794","hurdle",0,-0.776078,0.8323416,1.6084196,0.671
"490","ENSG00000188039","hurdle",0,-2.7553028,-0.1444491,2.6108537,0.67
"217","ENSG00000134376","hurdle",0,-0.1617022,1.4860353,1.6477375,0.67
"289","ENSG00000145832","hurdle",0,-2.1327621,-0.1002481,2.032514,0.669
"142","ENSG00000114698","hurdle",0,-2.38973642,-0.09365579,2.29608063,0.669
"399","ENSG00000166839","hurdle",0,-0.08267503,1.10872307,1.1913981,0.667
"52","ENSG00000079335","hurdle",0,-1.7614238,0.1905724,1.9519962,0.665
"316","ENSG00000150907","hurdle",0,-0.1024356,1.3141334,1.416569,0.664
"211","ENSG00000132669","hurdle",0,-0.1955611,1.0364991,1.2320602,0.664
"280","ENSG00000144040","hurdle",9.00668212335772e-300,1.225647,2.265125,1.039478,0.663
"180","ENSG00000125148","hurdle",0,-1.6405055,0.1328815,1.773387,0.663
"74","ENSG00000099139","hurdle",0,-0.04182341,0.7840982,0.82592161,0.661
"398","ENSG00000166689","hurdle",0,-1.6046073,0.2138935,1.8185008,0.66
"216","ENSG00000134250","hurdle",0,-1.92993019,-0.01168593,1.91824426,0.659
"453","ENSG00000178075","hurdle",0,-1.4185393,0.3418477,1.760387,0.658
"584","ENSG00000279082","hurdle",0,-3.04053326,0.03294188,3.07347514,0.657
"301","ENSG00000148482","hurdle",0,-3.0897799,-0.3775076,2.7122723,0.657
"208","ENSG00000132470","hurdle",0,-3.008759,-0.59083,2.417929,0.656
"135","ENSG00000113594","hurdle",0,0.1273189,1.4972526,1.3699337,0.656
"53","ENSG00000079337","hurdle",0,-2.2887394,-0.4911451,1.7975943,0.656
"388","ENSG00000165449","hurdle",0,-2.50581658,0.02476775,2.53058433,0.655
"344","ENSG00000156049","hurdle",0,-1.1811238,0.7037883,1.8849121,0.655
"132","ENSG00000111961","hurdle",4.74806979822977e-303,0.9143402,2.111419,1.1970788,0.655
"235","ENSG00000135744","hurdle",0,-2.7726729,-0.4593908,2.3132821,0.654
"218","ENSG00000134508","hurdle",0,-0.1583228,1.804908,1.9632308,0.654
"27","ENSG00000058866","hurdle",2.92474851606754e-306,0.9218052,1.476425,0.5546198,0.653
"563","ENSG00000253944","hurdle",0,-2.6641185,-0.2487186,2.4153999,0.651
"463","ENSG00000181449","hurdle",0,-1.8291783,-0.1237586,1.7054197,0.649
"210","ENSG00000132613","hurdle",0,-0.7008955,0.6702326,1.3711281,0.649
"69","ENSG00000091656","hurdle",1.75680573488634e-303,0.2252681,1.1247738,0.8995057,0.648
"404","ENSG00000167614","hurdle",4.23260263246983e-256,-0.2958576,0.6042669,0.9001245,0.647
"395","ENSG00000165895","hurdle",0,-1.236738,0.163311,1.400049,0.647
"375","ENSG00000164050","hurdle",0,-2.166311,-0.5430294,1.6232816,0.647
"363","ENSG00000162944","hurdle",0,-0.8752814,0.381632,1.2569134,0.647
"174","ENSG00000124145","hurdle",0,-3.0054436,-0.7240314,2.2814122,0.646
"129","ENSG00000111058","hurdle",0,-1.3904427,0.2460447,1.6364874,0.646
"252","ENSG00000138685","hurdle",0,-2.00509035,-0.05058593,1.95450442,0.645
"243","ENSG00000136869","hurdle",0,-2.8382149,-0.5472619,2.290953,0.644
"6","ENSG00000007372","hurdle",0,-2.8352684,-0.6856187,2.1496497,0.644
"448","ENSG00000177133","hurdle",0,-3.12413,-0.726429,2.397701,0.643
"200","ENSG00000130413","hurdle",3.42867474578675e-300,-0.4098847,0.7530251,1.1629098,0.643
"318","ENSG00000151322","hurdle",8.14521555218931e-240,3.603628,4.716359,1.112731,0.642
"425","ENSG00000171444","hurdle",9.36756060457842e-259,0.03170468,1.05267006,1.02096538,0.641
"442","ENSG00000174705","hurdle",1.32063747133365e-319,-1.1082983,0.2044844,1.3127827,0.64
"537","ENSG00000233237","hurdle",7.16050657523598e-287,-0.6855572,0.5799745,1.2655317,0.639
"371","ENSG00000163453","hurdle",0,-1.54867614,-0.09481694,1.4538592,0.639
"364","ENSG00000163110","hurdle",1.98796979607362e-280,-0.4064183,0.6203948,1.0268131,0.639
"308","ENSG00000148737","hurdle",7.69779484043705e-214,0.7014766,1.5113117,0.8098351,0.639
"513","ENSG00000205683","hurdle",1.42114424909736e-275,-0.692517,0.4447952,1.1373122,0.638
"138","ENSG00000113721","hurdle",0,-1.4116466,-0.1480604,1.2635862,0.638
"98","ENSG00000102935","hurdle",2.48873259613294e-298,-0.9589166,0.2170163,1.1759329,0.638
"64","ENSG00000087903","hurdle",8.36956803283418e-309,-1.1157275,0.1590958,1.2748233,0.638
"251","ENSG00000138639","hurdle",3.38527713605696e-298,1.094115,1.823467,0.729352,0.637
"32","ENSG00000066468","hurdle",1.99481649783571e-243,-0.06539524,1.05877476,1.12417,0.637
"409","ENSG00000168077","hurdle",0,-2.0702255,-0.4215059,1.6487196,0.636
"411","ENSG00000168309","hurdle",0,-1.6685521,-0.1727786,1.4957735,0.634
"232","ENSG00000135424","hurdle",0,-1.97754,-0.536178,1.441362,0.634
"139","ENSG00000113916","hurdle",0,-1.198625,0.297104,1.495729,0.634
"444","ENSG00000175287","hurdle",0,-2.8390017,-0.7952325,2.0437692,0.633
"419","ENSG00000170075","hurdle",0,-2.5183648,-0.6832879,1.8350769,0.633
"182","ENSG00000125398","hurdle",0,-2.4333301,-0.5132271,1.920103,0.633
"521","ENSG00000214456","hurdle",0,-2.9455416,-0.8867949,2.0587467,0.632
"402","ENSG00000167191","hurdle",8.21774184787229e-235,-0.4344221,0.6342435,1.0686656,0.632
"255","ENSG00000138771","hurdle",3.54068315647052e-220,0.7277324,1.4575384,0.729806,0.632
"187","ENSG00000126785","hurdle",0,-1.592864647,-0.0007616133,1.5921030337,0.632
"3","ENSG00000004468","hurdle",0,-2.988541,-0.6665015,2.3220395,0.632
"510","ENSG00000205336","hurdle",0,-1.7968128,-0.3671822,1.4296306,0.631
"110","ENSG00000105894","hurdle",2.00159218886916e-251,0.008630086,1.268959426,1.26032934,0.631
"8","ENSG00000008311","hurdle",0,-1.683754,-0.1879806,1.4957734,0.631
"391","ENSG00000165730","hurdle",1.33257903799363e-318,-1.2076147,0.2316035,1.4392182,0.63
"193","ENSG00000128849","hurdle",0,-1.856201,-0.4219915,1.4342095,0.629
"93","ENSG00000101849","hurdle",9.95018595973318e-236,-0.6007992,0.482653,1.0834522,0.629
"60","ENSG00000083857","hurdle",2.96439387504748e-323,-1.50174621,-0.08979201,1.4119542,0.628
"462","ENSG00000180537","hurdle",0,-2.1016269,-0.2096199,1.892007,0.626
"178","ENSG00000124942","hurdle",0,-2.2703163,-0.7121028,1.5582135,0.626
"305","ENSG00000148672","hurdle",0,0.1082117,1.3565205,1.2483088,0.625
"485","ENSG00000186951","hurdle",0,-2.013614,-0.516854,1.49676,0.623
"432","ENSG00000172164","hurdle",0,-2.0880019,-0.4123087,1.6756932,0.623
"349","ENSG00000159176","hurdle",7.03446411869894e-274,-1.4774244,-0.2712958,1.2061286,0.623
"304","ENSG00000148660","hurdle",2.81103743251456e-160,1.447552,1.949536,0.501984,0.623
"238","ENSG00000136002","hurdle",4.19102193960371e-216,0.7147731,1.7918782,1.0771051,0.623
"78","ENSG00000099954","hurdle",7.57947698943688e-253,-1.1007303,0.1581213,1.2588516,0.623
"504","ENSG00000198520","hurdle",1.81969460150164e-239,-1.20558394,-0.07979435,1.12578959,0.621
"107","ENSG00000104447","hurdle",5.5716731405985e-164,1.393786,2.287355,0.893569,0.621
"496","ENSG00000196935","hurdle",1.77316269549204e-182,-0.06358376,0.63611109,0.69969485,0.62
"427","ENSG00000171612","hurdle",0,-0.9938648,0.4588448,1.4527096,0.62
"88","ENSG00000101400","hurdle",4.07287020666007e-255,-1.05145671,0.09230471,1.14376142,0.62
"407","ENSG00000167772","hurdle",0,-2.94321343,0.01905396,2.96226739,0.619
"520","ENSG00000214402","hurdle",0,-2.4083,-0.905011,1.503289,0.618
"523","ENSG00000221932","hurdle",0,-2.518995,-0.637446,1.881549,0.617
"484","ENSG00000186815","hurdle",3.45272770515093e-215,-0.213909,0.7807254,0.9946344,0.616
"295","ENSG00000147576","hurdle",1.15520396848532e-281,-1.5022135,-0.2303123,1.2719012,0.616
"194","ENSG00000129151","hurdle",0,-2.9415226,-0.8503846,2.091138,0.616
"452","ENSG00000177807","hurdle",1.69680613201351e-306,-2.003987,-0.5902841,1.4137029,0.615
"299","ENSG00000148400","hurdle",0,-2.4181131,-0.9063695,1.5117436,0.615
"141","ENSG00000114315","hurdle",0,-2.4162038,-0.4459929,1.9702109,0.615
"413","ENSG00000168710","hurdle",1.43872883345449e-218,0.3294491,1.2586921,0.929243,0.614
"161","ENSG00000119938","hurdle",0,-2.6375252,-0.2656183,2.3719069,0.614
"240","ENSG00000136160","hurdle",0,-2.5600794,-0.6139498,1.9461296,0.613
"97","ENSG00000102362","hurdle",0,-2.9559585,-0.7795876,2.1763709,0.613
"73","ENSG00000092969","hurdle",9.92382138795005e-248,-1.4182453,-0.1233636,1.2948817,0.612
"249","ENSG00000137936","hurdle",8.17203432589805e-183,-0.8137649,0.1427678,0.9565327,0.611
"527","ENSG00000225472","hurdle",0,-2.737589,-0.8595659,1.8780231,0.61
"368","ENSG00000163406","hurdle",1.80365166071737e-251,-1.26579992,-0.01168593,1.25411399,0.61
"101","ENSG00000103528","hurdle",5.80889313518992e-186,-0.62104,0.1155832,0.7366232,0.61
"49","ENSG00000078246","hurdle",1.05630620763531e-290,-1.498169,-0.186742,1.311427,0.61
"534","ENSG00000231064","hurdle",0,-2.859211,-1.061177,1.798034,0.609
"312","ENSG00000149633","hurdle",3.93531319943147e-251,-1.6878232,-0.5594999,1.1283233,0.609
"75","ENSG00000099204","hurdle",5.75750904448099e-174,2.368479,3.023685,0.655206,0.609
"20","ENSG00000041982","hurdle",0,-2.6017,0.314702,2.916402,0.609
"199","ENSG00000130287","hurdle",3.19992721880931e-150,-0.2082435,0.6335425,0.841786,0.608
"196","ENSG00000129244","hurdle",3.39454317600161e-174,-0.89892826,-0.03007899,0.86884927,0.608
"67","ENSG00000089472","hurdle",0,-2.5608904,-0.8425612,1.7183292,0.608
"282","ENSG00000144649","hurdle",3.73472587086992e-234,-1.5567428,-0.2769957,1.2797471,0.607
"567","ENSG00000256463","hurdle",0,-2.992693,-1.163856,1.828837,0.606
"557","ENSG00000248429","hurdle",5.9202828065196e-250,-1.4103304,-0.4079725,1.0023579,0.606
"386","ENSG00000165029","hurdle",3.51188683199677e-206,-1.3216119,-0.1699205,1.1516914,0.606
"207","ENSG00000132321","hurdle",7.58256856892192e-144,-0.1161685,0.6601724,0.7763409,0.606
"201","ENSG00000130787","hurdle",3.91942540371137e-157,-0.4382918,0.3501204,0.7884122,0.606
"577","ENSG00000271447","hurdle",0,-2.4093222,-0.9653226,1.4439996,0.605
"108","ENSG00000105088","hurdle",2.85738708838054e-151,-0.08535642,0.83600228,0.9213587,0.604
"336","ENSG00000154274","hurdle",0,-2.5188375,-0.7808329,1.7380046,0.603
"512","ENSG00000205517","hurdle",0,-2.992475,-1.269153,1.723322,0.602
"443","ENSG00000174776","hurdle",0,-2.2973639,-0.1316814,2.1656825,0.602
"322","ENSG00000152518","hurdle",1.76381435565325e-321,-2.2841784,-0.6613313,1.6228471,0.602
"136","ENSG00000113645","hurdle",8.71097938509119e-158,0.1298844,0.7022292,0.5723448,0.602
"4","ENSG00000004799","hurdle",0,-2.61191751,0.04177459,2.6536921,0.602
"2","ENSG00000003989","hurdle",0,-2.5513493,-0.7752372,1.7761121,0.602
"507","ENSG00000203876","hurdle",1.10623157130385e-218,-1.5166172,-0.3509061,1.1657111,0.601
"148","ENSG00000116132","hurdle",2.75387254662545e-198,-0.93222653,0.01511256,0.94733909,0.601
"501","ENSG00000197977","hurdle",3.10616288863502e-297,-2.1284274,-0.6430972,1.4853302,0.6
"250","ENSG00000138185","hurdle",1.37214670707628e-265,-1.98972,-0.5090931,1.4806269,0.6
"224","ENSG00000134824","hurdle",1.08164164532532e-222,-1.01966708,0.07966559,1.09933267,0.6
"222","ENSG00000134769","hurdle",1.29295293852265e-125,3.204728,3.753582,0.548854,0.6
"68","ENSG00000091409","hurdle",4.70130823219185e-222,-1.7145566,-0.6217394,1.0928172,0.6
"412","ENSG00000168461","hurdle",7.94748002868614e-151,-0.7667847,0.1108903,0.877675,0.599
"366","ENSG00000163285","hurdle",2.35027957385256e-210,-1.4954528,-0.4559053,1.0395475,0.599
"345","ENSG00000156076","hurdle",0,-2.1878232,-0.1520837,2.0357395,0.599
"59","ENSG00000082781","hurdle",2.98075810807322e-241,-1.937915,-0.711509,1.226406,0.599
"438","ENSG00000173905","hurdle",6.51708825528526e-133,-0.4956389,0.2013343,0.6969732,0.598
"421","ENSG00000170370","hurdle",0,-2.914113,-1.312622,1.601491,0.598
"275","ENSG00000143514","hurdle",3.52007009703919e-192,-1.6177115,-0.5393361,1.0783754,0.598
"549","ENSG00000241316","hurdle",1.74617979609669e-176,-1.20844047,-0.03675832,1.17168215,0.597
"225","ENSG00000134873","hurdle",0,-2.772673,-1.048372,1.724301,0.597
"420","ENSG00000170345","hurdle",1.26843689729824e-249,-1.4203781,0.2897077,1.7100858,0.596
"367","ENSG00000163346","hurdle",0,-2.569842,-1.174455,1.395387,0.596
"163","ENSG00000121310","hurdle",3.54207542412139e-117,-0.3998008,0.312368,0.7121688,0.595
"121","ENSG00000108370","hurdle",2.69439303512156e-279,-2.2835089,-0.8072371,1.4762718,0.595
"11","ENSG00000011201","hurdle",9.70514779521012e-204,-1.4683419,-0.4814946,0.9868473,0.595
"122","ENSG00000109062","hurdle",0,-2.845904,-1.280559,1.565345,0.594
"478","ENSG00000185432","hurdle",2.86402394863586e-313,-2.423266,-1.018684,1.404582,0.593
"338","ENSG00000154319","hurdle",0,-2.816939,-1.258704,1.558235,0.593
"165","ENSG00000122756","hurdle",1.29990468531046e-227,-2.0020031,-0.7758579,1.2261452,0.593
"530","ENSG00000227640","hurdle",0,-2.982878,-1.001887,1.980991,0.592
"247","ENSG00000137561","hurdle",0,-2.80536,-1.149306,1.656054,0.592
"403","ENSG00000167601","hurdle",3.78474713681975e-304,-2.608727,-1.240599,1.368128,0.591
"348","ENSG00000158467","hurdle",5.26545835557757e-106,1.700286,2.602256,0.90197,0.591
"63","ENSG00000087266","hurdle",0,-2.905228,-1.438652,1.466576,0.591
"416","ENSG00000169439","hurdle",2.58170017679398e-158,-1.3365338,-0.2712958,1.065238,0.59
"400","ENSG00000166925","hurdle",1.66332097284589e-162,-1.6856987,-0.7475797,0.938119,0.589
"62","ENSG00000084636","hurdle",1.34619635479981e-141,-1.5046302,-0.6544665,0.8501637,0.589
"435","ENSG00000172728","hurdle",8.51820985659606e-183,-1.3567431,-0.1983436,1.1583995,0.588
"382","ENSG00000164877","hurdle",1.004865586191e-126,-1.2915501,-0.4982976,0.7932525,0.588
"202","ENSG00000130876","hurdle",0,-3.168188,-1.599649,1.568539,0.588
"548","ENSG00000241231","hurdle",0,-2.3714086,-0.2294618,2.1419468,0.587
"461","ENSG00000180263","hurdle",2.64947395448198e-116,-0.2264328,0.2795874,0.5060202,0.587
"337","ENSG00000154310","hurdle",2.07178031922453e-111,2.753403,3.354299,0.600896,0.587
"574","ENSG00000263400","hurdle",3.84269014591764e-302,-2.698868,-1.232909,1.465959,0.586
"300","ENSG00000148411","hurdle",4.03810284536996e-137,-1.3423089,-0.4588924,0.8834165,0.586
"177","ENSG00000124782","hurdle",3.4291456451187e-190,-1.7386714,-0.8257547,0.9129167,0.586
"38","ENSG00000069702","hurdle",2.77204271497231e-158,-1.658448,-0.6544665,1.0039815,0.586
"570","ENSG00000259417","hurdle",1.87426698010273e-225,-1.9079909,-0.8174243,1.0905666,0.584
"204","ENSG00000131941","hurdle",0,-2.774177,-1.230355,1.543822,0.584
"126","ENSG00000110090","hurdle",1.5631652848658e-158,-1.7403241,-0.8569367,0.8833874,0.584
"66","ENSG00000088826","hurdle",1.87548054230238e-256,-2.467596,-1.205057,1.262539,0.584
"39","ENSG00000070759","hurdle",2.36400597414926e-108,-0.65718124,0.02583657,0.68301781,0.584
"173","ENSG00000124126","hurdle",9.53757024188124e-88,-0.169536,0.4711904,0.6407264,0.583
"319","ENSG00000151929","hurdle",2.33810959802706e-294,-2.5793421,-0.9379741,1.641368,0.582
"256","ENSG00000139132","hurdle",1.23433543736376e-91,0.3716508,1.0880642,0.7164134,0.582
"167","ENSG00000123094","hurdle",8.54451748775976e-95,-0.4263443,0.2870357,0.71338,0.582
"80","ENSG00000100033","hurdle",0,-3.188851,-1.668287,1.520564,0.582
"44","ENSG00000074964","hurdle",6.9108629260704e-92,-0.65848269,-0.02490525,0.63357744,0.582
"505","ENSG00000198795","hurdle",1.11979892670013e-92,-0.3467709,0.2947413,0.6415122,0.581
"104","ENSG00000103811","hurdle",1.13356672993347e-269,-2.356264,-1.007707,1.348557,0.581
"573","ENSG00000263146","hurdle",0,-3.103422,-1.635248,1.468174,0.58
"244","ENSG00000137033","hurdle",0,-3.113858,-1.464435,1.649423,0.58
"583","ENSG00000276649","hurdle",2.76097328385479e-137,-1.8161448,-0.8962115,0.9199333,0.579
"576","ENSG00000270629","hurdle",1.43137322575695e-306,-2.912663,-1.616227,1.296436,0.579
"471","ENSG00000183762","hurdle",2.10615906104417e-153,-1.6805774,-0.6222974,1.05828,0.578
"440","ENSG00000174306","hurdle",4.13051089425141e-74,1.262835,1.882283,0.619448,0.578
"347","ENSG00000157833","hurdle",0,-2.953401,-1.588702,1.364699,0.578
"115","ENSG00000106624","hurdle",0,-3.102713,-1.558485,1.544228,0.578
"422","ENSG00000170425","hurdle",0,-3.076034,-1.567054,1.50898,0.577
"158","ENSG00000119408","hurdle",1.34679913451279e-103,-1.3821766,-0.6693818,0.7127948,0.577
"48","ENSG00000077942","hurdle",4.94065645841247e-324,-2.920344,-1.507082,1.413262,0.577
"546","ENSG00000239381","hurdle",4.47800143751991e-134,-1.6165306,-0.5777832,1.0387474,0.576
"540","ENSG00000235545","hurdle",4.50292885729741e-222,-2.475374,-1.187609,1.287765,0.576
"360","ENSG00000162496","hurdle",6.69879505150124e-202,-2.488585,-1.31894,1.169645,0.576
"324","ENSG00000152977","hurdle",2.87317528016104e-143,-1.8167259,-0.8503846,0.9663413,0.576
"269","ENSG00000141756","hurdle",7.50979781678695e-322,-2.996419,-1.705643,1.290776,0.576
"160","ENSG00000119927","hurdle",8.4547391864486e-192,-1.86569,-0.765959,1.099731,0.576
"591","ENSG00000287706","hurdle",7.84990050130039e-214,-2.442269,-1.013551,1.428718,0.575
"434","ENSG00000172340","hurdle",4.42410513035962e-119,-1.4210406,-0.4618856,0.959155,0.575
"396","ENSG00000166033","hurdle",7.483055171775e-90,-0.9419134,-0.2320146,0.7098988,0.575
"353","ENSG00000160307","hurdle",3.01904291228123e-106,-1.4296071,-0.6624786,0.7671285,0.575
"134","ENSG00000112715","hurdle",5.13159077396223e-158,-1.743359,-0.6740023,1.0693567,0.575
"417","ENSG00000169715","hurdle",6.26473632762502e-209,-2.559755,-1.339896,1.219859,0.574
"315","ENSG00000150893","hurdle",2.45874936237109e-266,-2.65197,-1.153333,1.498637,0.574
"209","ENSG00000132530","hurdle",3.5215622025035e-233,-2.339606,-1.40178,0.937826,0.574
"23","ENSG00000049540","hurdle",3.04566910023025e-195,-2.367572,-1.018684,1.348888,0.574
"254","ENSG00000138756","hurdle",9.16062548889517e-82,0.3444916,1.0498707,0.7053791,0.573
"197","ENSG00000129521","hurdle",3.17265451862796e-107,-1.05003266,-0.07520331,0.97482935,0.573
"91","ENSG00000101605","hurdle",1.59534377308099e-149,-2.0590678,-0.9596703,1.0993975,0.573
"441","ENSG00000174628","hurdle",2.52661621433927e-70,-0.1440936,0.4575252,0.6016188,0.572
"384","ENSG00000164949","hurdle",5.87632513073182e-300,-2.7590207,-0.7360594,2.0229613,0.572
"284","ENSG00000144857","hurdle",2.18950802486809e-99,-1.43495,-0.711509,0.723441,0.572
"146","ENSG00000115738","hurdle",9.24631636926165e-84,-0.4704662,0.3029939,0.7734601,0.572
"550","ENSG00000241839","hurdle",0,-3.106971,-1.731898,1.375073,0.571
"516","ENSG00000213366","hurdle",2.82479869523944e-258,-2.885994,-1.664833,1.221161,0.571
"383","ENSG00000164904","hurdle",2.78904250704374e-133,-0.9683545,-0.03156061,0.93679389,0.571
"9","ENSG00000008394","hurdle",3.61065844802687e-76,-0.02488337,0.49479744,0.51968081,0.571
"561","ENSG00000251442","hurdle",0,-3.0136366,-0.8995896,2.114047,0.57
"514","ENSG00000211448","hurdle",3.8906359612121e-124,-1.8763511,-0.8694682,1.0068829,0.569
"466","ENSG00000182103","hurdle",2.94473740880252e-254,-2.847685,-1.575674,1.272011,0.569
"465","ENSG00000181938","hurdle",9.83118933336269e-197,-2.3798277,-0.9824139,1.3974138,0.569
"418","ENSG00000169860","hurdle",0,-3.114096,-1.677535,1.436561,0.569
"372","ENSG00000163638","hurdle",8.13132836844519e-142,-1.866191,-0.664776,1.201415,0.569
"330","ENSG00000153885","hurdle",1.72582594241379e-183,-2.6168,-1.551029,1.065771,0.569
"262","ENSG00000140545","hurdle",1.54004900667548e-117,-1.75677,-1.05589,0.70088,0.569
"229","ENSG00000135097","hurdle",6.06580442370941e-223,-2.72936,-1.553155,1.176205,0.569
"494","ENSG00000189350","hurdle",5.66469228951947e-101,-1.6071181,-0.7463627,0.8607554,0.568
"451","ENSG00000177606","hurdle",9.16500896045891e-128,-0.6228596,0.2828694,0.905729,0.568
"188","ENSG00000127241","hurdle",8.22047498646149e-310,-3.064026,-1.752519,1.311507,0.568
"186","ENSG00000126016","hurdle",7.3176236254133e-98,-1.6130778,-0.7914622,0.8216156,0.568
"54","ENSG00000079482","hurdle",4.90178254017885e-59,1.279604,1.808535,0.528931,0.568
"575","ENSG00000266714","hurdle",4.14779394565608e-115,-2.085782,-1.289394,0.796388,0.567
"410","ENSG00000168209","hurdle",1.12255082450255e-247,-2.588575,-1.187609,1.400966,0.567
"296","ENSG00000147588","hurdle",1.72370918034214e-110,-1.925536,-1.068002,0.857534,0.567
"266","ENSG00000141485","hurdle",0,-3.135683,-1.773439,1.362244,0.567
"99","ENSG00000103260","hurdle",3.37620709865944e-102,-1.1946545,-0.4539174,0.7407371,0.567
"37","ENSG00000069431","hurdle",2.98829951660553e-132,-1.79519,-1.050623,0.744567,0.567
"34","ENSG00000067177","hurdle",1.30267024468886e-131,-2.077171,-1.047622,1.029549,0.567
"164","ENSG00000121742","hurdle",0,-3.182346,-1.794666,1.38768,0.566
"154","ENSG00000117519","hurdle",6.43738169940562e-76,-0.8953436,-0.1863294,0.7090142,0.566
"401","ENSG00000167107","hurdle",4.9050020233689e-300,-3.07673,-1.780895,1.295835,0.565
"362","ENSG00000162733","hurdle",3.00988522869295e-108,-1.7420707,-0.9745552,0.7675155,0.565
"339","ENSG00000154553","hurdle",9.5238217682416e-165,-2.491984,-1.372383,1.119601,0.565
"151","ENSG00000117115","hurdle",1.48588835549633e-89,-1.5399346,-0.8608823,0.6790523,0.565
"47","ENSG00000076716","hurdle",7.65357381062419e-161,-2.382119,-1.118278,1.263841,0.565
"10","ENSG00000010282","hurdle",3.6684764834984e-83,-1.5616045,-0.8935148,0.6680897,0.565
"306","ENSG00000148700","hurdle",3.13444826820977e-79,1.217617,1.874393,0.656776,0.564
"111","ENSG00000106003","hurdle",0,-3.157599,-1.918037,1.239562,0.564
"369","ENSG00000163430","hurdle",2.09724923866577e-88,-1.6265142,-0.9838473,0.6426669,0.563
"84","ENSG00000100968","hurdle",2.28990181526762e-303,-3.125569,-1.935961,1.189608,0.563
"36","ENSG00000068976","hurdle",0,-3.186846,-1.940129,1.246717,0.563
"566","ENSG00000255690","hurdle",3.4837599703362e-245,-2.991818,-1.80857,1.183248,0.562
"564","ENSG00000254087","hurdle",2.01148236933757e-150,-2.361059,-1.276161,1.084898,0.562
"495","ENSG00000196781","hurdle",8.29338025220446e-55,-0.07098778,0.57657472,0.6475625,0.562
"298","ENSG00000148204","hurdle",1.53319690640022e-130,-2.43675,-1.512244,0.924506,0.562
"191","ENSG00000127472","hurdle",0,-3.224902,-1.955516,1.269386,0.562
"585","ENSG00000280660","hurdle",1.24003824471489e-62,-1.1509525,-0.5718427,0.5791098,0.561
"580","ENSG00000273136","hurdle",1.09498791948525e-149,-2.418554,-1.414288,1.004266,0.561
"560","ENSG00000250166","hurdle",3.00118261103668e-49,0.4301459,1.0596448,0.6294989,0.561
"481","ENSG00000185920","hurdle",3.93169910825189e-77,-1.1054557,-0.3592537,0.746202,0.561
"221","ENSG00000134716","hurdle",4.10055330174422e-140,-2.499739,-1.518463,0.981276,0.561
"26","ENSG00000056736","hurdle",2.32392588435853e-217,-2.934779,-1.768489,1.16629,0.561
"526","ENSG00000225177","hurdle",0,-3.191109,-1.96681,1.224299,0.56
"492","ENSG00000188649","hurdle",2.22318562468979e-108,-1.682959,-0.709136,0.973823,0.56
"379","ENSG00000164292","hurdle",8.07886835739256e-55,0.1027423,0.6822581,0.5795158,0.56
"214","ENSG00000134042","hurdle",1.16379652293928e-183,-2.810945,-1.72829,1.082655,0.56
"17","ENSG00000026025","hurdle",6.83789926398864e-137,-2.348121,-1.410428,0.937693,0.56
"568","ENSG00000257585","hurdle",1.05860029338446e-83,0.09099233,1.4695024,1.37851007,0.559
"181","ENSG00000125246","hurdle",1.87273345902487e-52,-0.3060199,0.3260266,0.6320465,0.559
"179","ENSG00000125144","hurdle",5.0235980087794e-215,-2.92347,-1.683346,1.240124,0.559
"157","ENSG00000119280","hurdle",1.05969442340652e-99,-1.8061099,-0.9624937,0.8436162,0.559
"51","ENSG00000079308","hurdle",5.27770970897345e-73,-1.3982489,-0.8861246,0.5121243,0.559
"556","ENSG00000247675","hurdle",3.1948209182624e-194,-2.752335,-1.489668,1.262667,0.557
"279","ENSG00000143842","hurdle",3.33010002281903e-120,-2.347142,-1.530982,0.81616,0.557
"192","ENSG00000128602","hurdle",3.14456944493149e-186,-2.9108,-1.872187,1.038613,0.557
"215","ENSG00000134201","hurdle",3.41929677591774e-258,-3.118865,-1.962564,1.156301,0.556
"205","ENSG00000131981","hurdle",1.02451686954712e-193,-2.916602,-1.841976,1.074626,0.556
"140","ENSG00000114204","hurdle",5.41587200942955e-138,-2.36219,-1.155755,1.206435,0.556
"71","ENSG00000092621","hurdle",1.31039119937492e-144,-2.684832,-1.709195,0.975637,0.556
"65","ENSG00000088280","hurdle",1.07119765905562e-86,-2.106355,-1.35373,0.752625,0.556
"541","ENSG00000235665","hurdle",6.49649205051871e-128,-2.209025,-1.520542,0.688483,0.555
"500","ENSG00000197921","hurdle",3.46318946497643e-248,-3.021653,-1.638631,1.383022,0.555
"460","ENSG00000179796","hurdle",3.63343115235148e-50,-0.2716899,0.4888672,0.7605571,0.555
"439","ENSG00000173926","hurdle",1.98202184281926e-67,-1.3069109,-0.5456733,0.7612376,0.555
"415","ENSG00000169006","hurdle",1.93048927916313e-240,-3.093296,-1.938738,1.154558,0.555
"389","ENSG00000165458","hurdle",1.51438168644959e-116,-2.557002,-1.709195,0.847807,0.555
"380","ENSG00000164344","hurdle",6.09117469916403e-95,-1.995081,-1.097181,0.8979,0.555
"374","ENSG00000163884","hurdle",1.19119141505069e-145,-2.746234,-1.795925,0.950309,0.555
"509","ENSG00000205213","hurdle",1.73035626408196e-46,-0.1415738,0.4572611,0.5988349,0.554
"472","ENSG00000183773","hurdle",6.51874551088678e-75,-2.018174,-1.411392,0.606782,0.554
"85","ENSG00000100979","hurdle",1.70602025572024e-163,-2.870226,-1.892236,0.97799,0.554
"79","ENSG00000099992","hurdle",4.29083000673541e-114,-2.255273,-1.363959,0.891314,0.554
"58","ENSG00000081320","hurdle",3.00910930172555e-138,-2.608057,-1.528888,1.079169,0.554
"40","ENSG00000071967","hurdle",3.20981692779256e-114,-2.462283,-1.56598,0.896303,0.554
"445","ENSG00000176244","hurdle",2.49041482214568e-190,-3.006106,-1.998333,1.007773,0.553
"424","ENSG00000171223","hurdle",5.45250694655113e-102,-1.6399055,-0.6624786,0.9774269,0.553
"278","ENSG00000143819","hurdle",1.80428061677432e-96,-2.163475,-1.349104,0.814371,0.553
"246","ENSG00000137285","hurdle",4.37240035749116e-116,-2.194604,-1.293832,0.900772,0.553
"206","ENSG00000132164","hurdle",6.10418152558354e-43,-0.515036763,0.003223334,0.518260097,0.553
"175","ENSG00000124181","hurdle",1.65711760142996e-51,-1.0372226,-0.4947169,0.5425057,0.553
"125","ENSG00000109501","hurdle",1.09769937753559e-80,-2.229254,-1.544668,0.684586,0.553
"120","ENSG00000107738","hurdle",5.14559754632605e-163,-2.780965,-1.892236,0.888729,0.553
"102","ENSG00000103710","hurdle",2.53449915158547e-262,-3.133269,-1.78839,1.344879,0.553
"87","ENSG00000101198","hurdle",4.78914237314674e-150,-2.836839,-1.892236,0.944603,0.553
"12","ENSG00000012171","hurdle",3.27496901991299e-74,-1.76161,-1.165481,0.596129,0.553
"571","ENSG00000259685","hurdle",4.78606903773627e-173,-2.922844,-1.840677,1.082167,0.552
"328","ENSG00000153446","hurdle",1.36724796682768e-171,-2.972481,-2.014357,0.958124,0.552
"100","ENSG00000103335","hurdle",5.19350537168381e-146,-2.8251,-1.880173,0.944927,0.552
"397","ENSG00000166535","hurdle",1.8018758647469e-100,-2.49865,-1.672904,0.825746,0.551
"483","ENSG00000186654","hurdle",8.32392962657395e-66,-1.91461,-1.222719,0.691891,0.55
"333","ENSG00000154134","hurdle",1.42323648628047e-84,-2.213099,-1.622911,0.590188,0.55
"261","ENSG00000140522","hurdle",1.45589873534079e-260,-3.187347,-2.066558,1.120789,0.55
"168","ENSG00000123096","hurdle",1.04244848098076e-76,-2.129991,-1.369569,0.760422,0.55
"112","ENSG00000106211","hurdle",1.40140052266454e-122,-1.1552942,0.1242583,1.2795525,0.55
"581","ENSG00000275294","hurdle",4.90453937302624e-65,-1.796813,-1.087132,0.709681,0.549
"473","ENSG00000183864","hurdle",2.86329966170313e-73,-0.8839324,-0.2787541,0.6051783,0.549
"354","ENSG00000160678","hurdle",1.09341399610998e-113,-2.707643,-1.876174,0.831469,0.549
"219","ENSG00000134533","hurdle",9.78690955731842e-46,-0.1147089,0.5406341,0.655343,0.549
"133","ENSG00000112333","hurdle",4.85864487464322e-182,-3.015192,-1.988228,1.026964,0.549
"24","ENSG00000054179","hurdle",1.43641925856833e-256,-3.197653,-2.141367,1.056286,0.549
"1","ENSG00000002586","hurdle",7.21186889169625e-116,-2.680419,-1.762326,0.918093,0.549
"586","ENSG00000285729","hurdle",8.17556920667064e-314,-3.262142,-2.05145,1.210692,0.548
"579","ENSG00000272865","hurdle",8.20797342136074e-113,-2.351345,-1.138091,1.213254,0.548
"381","ENSG00000164776","hurdle",3.01714925115813e-96,-2.444363,-1.660242,0.784121,0.548
"227","ENSG00000135069","hurdle",2.76675955455795e-54,-1.3787404,-0.8021703,0.5765701,0.548
"123","ENSG00000109099","hurdle",3.25989108150443e-51,-1.662011,-1.07257,0.589441,0.548
"542","ENSG00000235823","hurdle",1.55529625794198e-44,-1.1998878,-0.6636269,0.5362609,0.547
"508","ENSG00000204580","hurdle",8.05352756703134e-69,-2.171504,-1.483572,0.687932,0.547
"287","ENSG00000145721","hurdle",2.24759822346697e-149,-2.906671,-1.851104,1.055567,0.547
"274","ENSG00000143416","hurdle",8.82848236372719e-209,-3.150745,-2.185216,0.965529,0.547
"260","ENSG00000140455","hurdle",1.12897538230368e-42,-1.0828556,-0.5356523,0.5472033,0.547
"156","ENSG00000117592","hurdle",4.89907131604125e-82,-1.3676289,-0.6693818,0.6982471,0.547
"519","ENSG00000214353","hurdle",3.47544890197864e-197,-3.122692,-2.149387,0.973305,0.546
"454","ENSG00000178538","hurdle",2.54940983671626e-50,-1.3554761,-0.8530019,0.5024742,0.546
"42","ENSG00000072840","hurdle",1.32173860763584e-100,-2.677074,-1.877506,0.799568,0.546
"18","ENSG00000026508","hurdle",4.28784547127738e-209,-2.997297,-1.22526,1.772037,0.546
"272","ENSG00000143036","hurdle",2.46452609508401e-106,-2.719366,-1.820046,0.89932,0.545
"77","ENSG00000099860","hurdle",1.94528660146884e-157,-2.527214,-1.363026,1.164188,0.545
"517","ENSG00000213398","hurdle",8.14366164470249e-210,-3.1806,-2.244116,0.936484,0.544
"394","ENSG00000165806","hurdle",5.2949340728917e-119,-2.885384,-2.023173,0.862211,0.544
"234","ENSG00000135547","hurdle",7.02629033851158e-133,-2.903993,-1.9153,0.988693,0.544
"171","ENSG00000123836","hurdle",7.09548151844941e-145,-1.3300902,-0.1793328,1.1507574,0.544
"153","ENSG00000117318","hurdle",8.91615704284576e-132,-2.795781,-1.636375,1.159406,0.544
"150","ENSG00000116962","hurdle",4.60832167641599e-99,-2.580329,-1.783389,0.79694,0.544
"346","ENSG00000156535","hurdle",3.28794323049764e-66,-2.274833,-1.559553,0.71528,0.543
"313","ENSG00000150457","hurdle",7.71645337650066e-81,-2.430066,-1.778405,0.651661,0.543
"293","ENSG00000147119","hurdle",2.64936219414989e-118,-2.790445,-1.845881,0.944564,0.543
"105","ENSG00000103852","hurdle",5.08889102620874e-58,-2.209407,-1.56598,0.643427,0.543
"558","ENSG00000248508","hurdle",9.65547677543044e-69,-2.399424,-1.70801,0.691414,0.542
"393","ENSG00000165801","hurdle",6.47033717754314e-78,-2.579506,-1.855034,0.724472,0.542
"228","ENSG00000135094","hurdle",7.1597278278397e-191,-3.147574,-1.935961,1.211613,0.542
"488","ENSG00000187193","hurdle",6.05603961594797e-96,-2.772861,-1.955516,0.817345,0.541
"385","ENSG00000164976","hurdle",2.35557929982113e-101,-2.830566,-2.043955,0.786611,0.541
"373","ENSG00000163659","hurdle",3.23606965919574e-93,-1.9366513,-0.9582606,0.9783907,0.541
"351","ENSG00000159423","hurdle",5.21841003687104e-85,-2.749004,-2.032042,0.716962,0.541
"119","ENSG00000107736","hurdle",2.15246267010132e-79,-2.56154,-1.758641,0.802899,0.541
"5","ENSG00000006611","hurdle",2.47509208859471e-171,-2.992912,-1.695038,1.297874,0.541
"430","ENSG00000171903","hurdle",5.07993962524094e-261,-3.274328,-2.314514,0.959814,0.54
"332","ENSG00000154102","hurdle",2.84532353151456e-135,-3.028592,-2.136576,0.892016,0.54
"263","ENSG00000141232","hurdle",7.78623669275308e-121,-1.4308668,-0.6234141,0.8074527,0.54
"239","ENSG00000136114","hurdle",1.25777639850693e-61,-2.265416,-1.573514,0.691902,0.54
"162","ENSG00000120896","hurdle",4.29131236087921e-55,-2.362755,-1.778405,0.58435,0.54
"124","ENSG00000109113","hurdle",1.78186270634787e-185,-3.187848,-2.330839,0.857009,0.54
"524","ENSG00000223774","hurdle",2.94010352255287e-129,-3.062877,-2.268367,0.79451,0.539
"511","ENSG00000205364","hurdle",7.07709781982676e-111,-2.921385,-2.046948,0.874437,0.539
"320","ENSG00000152137","hurdle",8.42248207098325e-50,-1.3201007,-0.5430294,0.7770713,0.539
"213","ENSG00000133800","hurdle",7.95777566809468e-95,-2.85145,-2.100365,0.751085,0.539
"587","ENSG00000286219","hurdle",1.53749492161393e-62,-2.478589,-1.784638,0.693951,0.538
"447","ENSG00000177025","hurdle",6.74221195607017e-65,-2.599032,-1.940129,0.658903,0.538
"428","ENSG00000171729","hurdle",4.13910485433522e-70,-2.495856,-1.855034,0.640822,0.538
"423","ENSG00000170989","hurdle",4.64324328072663e-143,-3.102713,-2.244116,0.858597,0.538
"281","ENSG00000144476","hurdle",3.89330864098687e-107,-2.938779,-2.033526,0.905253,0.538
"45","ENSG00000075234","hurdle",9.36986880593418e-92,-2.878493,-2.149387,0.729106,0.538
"327","ENSG00000153234","hurdle",1.20115269157731e-62,-1.5505275,-0.6340659,0.9164616,0.537
"267","ENSG00000141510","hurdle",9.09504172592332e-80,-2.678129,-1.931805,0.746324,0.537
"264","ENSG00000141401","hurdle",1.36020566178484e-82,-2.788164,-2.063524,0.72464,0.537
"55","ENSG00000079931","hurdle",8.36356692268903e-44,-1.4572761,-0.8995896,0.5576865,0.537
"489","ENSG00000187773","hurdle",1.85205703413282e-66,-2.670581,-2.043955,0.626626,0.536
"475","ENSG00000184371","hurdle",3.11395545808689e-99,-2.963446,-2.16882,0.794626,0.536
"303","ENSG00000148604","hurdle",2.74760117659815e-212,-3.254774,-2.216892,1.037882,0.536
"562","ENSG00000253671","hurdle",9.97415693316478e-177,-3.22259,-2.377178,0.845412,0.535
"414","ENSG00000168874","hurdle",2.85057522572352e-106,-3.001695,-2.175356,0.826339,0.535
"343","ENSG00000155363","hurdle",6.16647103699003e-42,-2.278831,-1.742779,0.536052,0.535
"172","ENSG00000124067","hurdle",7.45104445855584e-113,-3.083706,-2.354749,0.728957,0.535
"95","ENSG00000101938","hurdle",1.13579604934255e-33,-1.846379,-1.299175,0.547204,0.535
"536","ENSG00000231711","hurdle",1.39024234747694e-132,-3.14198,-2.332664,0.809316,0.534
"493","ENSG00000189221","hurdle",1.49488310268246e-35,-1.999362,-1.460438,0.538924,0.534
"334","ENSG00000154188","hurdle",5.553831989638e-44,-1.757607,-1.24747,0.510137,0.534
"195","ENSG00000129219","hurdle",2.22403524163388e-68,-2.817327,-2.183568,0.633759,0.534
"166","ENSG00000122863","hurdle",1.0115988331811e-53,-2.544275,-1.89493,0.649345,0.534
"76","ENSG00000099840","hurdle",2.37173870046741e-74,-2.844719,-2.181922,0.662797,0.534
"518","ENSG00000214106","hurdle",1.19819502294647e-85,-2.971187,-2.266621,0.704566,0.533
"357","ENSG00000162337","hurdle",1.89590590057584e-61,-2.755674,-2.142967,0.612707,0.533
"307","ENSG00000148734","hurdle",3.10797689831124e-103,-3.049839,-2.289482,0.760357,0.533
"230","ENSG00000135318","hurdle",4.20708493919094e-49,-2.453069,-1.823892,0.629177,0.533
"94","ENSG00000101850","hurdle",2.558379877176e-100,-3.034212,-2.275371,0.758841,0.533
"61","ENSG00000084093","hurdle",2.71154907612602e-52,-2.595206,-1.983919,0.611287,0.533
"31","ENSG00000066336","hurdle",1.13765829392694e-56,-2.528641,-1.849796,0.678845,0.533
"477","ENSG00000184925","hurdle",2.33606220463445e-110,-3.119582,-2.434824,0.684758,0.532
"449","ENSG00000177283","hurdle",8.31600214798692e-111,-3.090951,-2.334492,0.756459,0.532
"96","ENSG00000102032","hurdle",4.01938610063056e-77,-2.952123,-2.316319,0.635804,0.532
"502","ENSG00000198417","hurdle",1.58152660675313e-94,-3.065637,-2.36592,0.699717,0.531
"436","ENSG00000172819","hurdle",1.08101166962427e-43,-2.576715,-2.048447,0.528268,0.531
"406","ENSG00000167723","hurdle",7.57541475027933e-42,-2.443166,-1.896279,0.546887,0.531
"268","ENSG00000141736","hurdle",6.2737635164077e-73,-2.948298,-2.316319,0.631979,0.531
"258","ENSG00000139800","hurdle",1.3192993068e-126,-3.184595,-2.458544,0.726051,0.531
"245","ENSG00000137198","hurdle",2.4666508882554e-47,-2.460012,-1.804765,0.655247,0.531
"28","ENSG00000060138","hurdle",1.61282479774523e-53,-2.55684,-1.77592,0.78092,0.531
"21","ENSG00000043355","hurdle",6.9875430835039e-75,-2.907702,-2.280647,0.627055,0.531
"590","ENSG00000287569","hurdle",1.47199104196309e-93,-3.062418,-2.373416,0.689002,0.53
"497","ENSG00000197324","hurdle",2.55497043262166e-75,-2.953188,-2.29659,0.656598,0.53
"487","ENSG00000187091","hurdle",5.52985590089703e-65,-2.879909,-2.249279,0.63063,0.53
"356","ENSG00000161955","hurdle",4.90470909433634e-118,-3.182596,-2.513382,0.669214,0.53
"273","ENSG00000143171","hurdle",5.62805342487472e-69,-2.823737,-2.233847,0.58989,0.53
"185","ENSG00000125968","hurdle",7.87102026040358e-61,-2.689082,-2.10192,0.587162,0.53
"70","ENSG00000091986","hurdle",1.62179497352064e-98,-3.021876,-2.364052,0.657824,0.53
"555","ENSG00000247134","hurdle",2.27820551296084e-52,-2.600532,-2.039476,0.561056,0.529
"457","ENSG00000179094","hurdle",1.73109020470346e-48,-0.9736366,-0.4007743,0.5728623,0.529
"408","ENSG00000167992","hurdle",2.99029830259878e-58,-1.939813,-1.241456,0.698357,0.529
"565","ENSG00000254860","hurdle",1.24749643978916e-40,-2.513175,-1.978193,0.534982,0.528
"531","ENSG00000228408","hurdle",4.32122899267443e-154,-3.257138,-2.43875,0.818388,0.528
"525","ENSG00000224795","hurdle",1.32384094176995e-39,-2.326169,-1.704461,0.621708,0.528
"499","ENSG00000197496","hurdle",7.62305355356575e-114,-3.194881,-2.530039,0.664842,0.528
"569","ENSG00000258844","hurdle",3.85577940424017e-43,-2.50145,-1.761096,0.740354,0.527
"545","ENSG00000238276","hurdle",2.65265980627024e-98,-3.150257,-2.448613,0.701644,0.527
"503","ENSG00000198435","hurdle",2.74266261914215e-45,-2.72009,-2.133391,0.586699,0.527
"311","ENSG00000149499","hurdle",4.55566800683474e-66,-3.010753,-2.43875,0.572003,0.527
"297","ENSG00000147872","hurdle",2.48114125841333e-54,-2.87627,-2.289482,0.586788,0.527
"554","ENSG00000246022","hurdle",2.29647354775539e-107,-3.201948,-2.52377,0.678178,0.526
"515","ENSG00000212743","hurdle",3.81090039762603e-150,-3.274594,-2.627497,0.647097,0.526
"491","ENSG00000188643","hurdle",4.79767821878618e-78,-3.121974,-2.546891,0.575083,0.526
"365","ENSG00000163132","hurdle",2.74530652544867e-100,-3.0462,-2.233847,0.812353,0.526
"190","ENSG00000127418","hurdle",1.84075950978586e-61,-2.92076,-2.343664,0.577096,0.526
"29","ENSG00000062096","hurdle",4.88133970887203e-67,-2.987014,-2.413419,0.573595,0.526
"551","ENSG00000241935","hurdle",2.56273086541518e-52,-2.905022,-2.330839,0.574183,0.525
"539","ENSG00000235092","hurdle",1.12605048485104e-58,-2.986578,-2.411489,0.575089,0.525
"479","ENSG00000185610","hurdle",1.63962594568409e-76,-3.094235,-2.464535,0.6297,0.525
"456","ENSG00000178814","hurdle",8.25172043498775e-83,-3.1603,-2.603059,0.557241,0.525
"370","ENSG00000163431","hurdle",1.49742234586105e-56,-2.978754,-2.394231,0.584523,0.525
"329","ENSG00000153822","hurdle",3.05280946254322e-47,-2.823737,-2.256191,0.567546,0.525
"212","ENSG00000132793","hurdle",3.70323436447888e-92,-3.17786,-2.570388,0.607472,0.525
"81","ENSG00000100344","hurdle",1.85737275495455e-27,-2.107066,-1.591977,0.515089,0.525
"16","ENSG00000025423","hurdle",6.78803383557888e-46,-2.869221,-2.321747,0.547474,0.525
"431","ENSG00000172037","hurdle",1.22370439605212e-60,-3.038047,-2.536336,0.501711,0.524
"405","ENSG00000167701","hurdle",1.17854195550736e-68,-3.111479,-2.566087,0.545392,0.524
"270","ENSG00000142102","hurdle",1.56579940856633e-96,-3.210323,-2.641004,0.569319,0.524
"589","ENSG00000286330","hurdle",3.80637982261291e-47,-2.827635,-2.170451,0.657184,0.523
"310","ENSG00000149257","hurdle",1.06846737329538e-48,-2.630527,-1.72469,0.905837,0.523
"532","ENSG00000228484","hurdle",2.06811937755085e-50,-2.838018,-2.205141,0.632877,0.522
"450","ENSG00000177409","hurdle",7.71985968174579e-54,-3.003237,-2.503068,0.500169,0.522
"426","ENSG00000171517","hurdle",6.3005608739415e-109,-3.24875,-2.544774,0.703976,0.522
"223","ENSG00000134817","hurdle",8.80901410050768e-100,-3.213635,-2.472562,0.741073,0.522
"582","ENSG00000275620","hurdle",5.7433943615052e-105,-3.270874,-2.746545,0.524329,0.521
"7","ENSG00000007866","hurdle",1.14605437404064e-74,-3.204734,-2.693982,0.510752,0.521
"184","ENSG00000125740","hurdle",1.61481427339801e-31,-2.408738,-1.821327,0.587411,0.52
"137","ENSG00000113657","hurdle",1.06964557941232e-13,-0.7162632,-0.1789223,0.5373409,0.52
"350","ENSG00000159399","hurdle",2.17419851681346e-52,-3.083007,-2.398048,0.684959,0.519
"14","ENSG00000016402","hurdle",1.81967644614732e-80,-3.238852,-2.701038,0.537814,0.519
"149","ENSG00000116761","hurdle",3.12181397328164e-83,-1.7113115,-0.6985058,1.0128057,0.518
"231","ENSG00000135363","hurdle",4.90115724651155e-29,-2.437644,-1.861607,0.576037,0.516
"547","ENSG00000240583","hurdle",1.73667594166593e-83,-2.684655,-2.062009,0.622646,0.514
"559","ENSG00000249306","hurdle",3.56016112509646e-105,-2.0525513,-0.8334873,1.219064,0.513
"159","ENSG00000119508","hurdle",7.50756992757132e-102,-1.2764179,-0.1392486,1.1371693,0.512
"145","ENSG00000115461","hurdle",7.47324445253042e-40,-1.752502,-1.037168,0.715334,0.507
"352","ENSG00000160111","hurdle",7.32302123644821e-91,-2.98745,-2.261396,0.726054,0.506
"41","ENSG00000072274","hurdle",2.11794224615847e-258,-0.2145151,1.2651931,1.4797082,0.506
"13","ENSG00000012660","hurdle",8.65422644520447e-190,0.4960251,1.6400834,1.1440583,0.492
"170","ENSG00000123358","hurdle",3.30040480382177e-114,-0.63156612,-0.09675428,0.53481184,0.486
"152","ENSG00000117143","hurdle",4.243904364569e-187,-1.01488068,-0.09791793,0.91696275,0.475
"33","ENSG00000067064","hurdle",5.3518545362135e-142,0.1213403,0.7692836,0.6479433,0.474
