"gene","cellType.target","mean.target","cellType","mean","ratio","rank_ratio","Symbol","anno_ratio","logFC","log.p.value","log.FDR","std.logFC","rank_marker","anno_logFC","in_bulk"
"ENSG00000071909","Inhib",1.02342724474865,"OPC",0.0565195152112762,18.1075021773094,1,"MYO3B","Inhib/OPC: 18.108",2.21732489932548,-5099.69745201866,-5092.97381081116,1.21824596184975,44," std logFC = 1.218",FALSE
"ENSG00000113396","Inhib",1.11041311058581,"OPC",0.0761323937199179,14.5852909166483,2,"SLC27A6","Inhib/OPC: 14.585",2.20464280785065,-5521.06654839421,-5514.14223649124,1.27251414057764,36," std logFC = 1.273",FALSE
"ENSG00000136750","Inhib",2.32651742391665,"Oligo",0.165807025813293,14.0314767272675,3,"GAD2","Inhib/Oligo: 14.031",8.55386884270217,-11967.1332415736,-11957.7240230209,1.98992214952637,3," std logFC = 1.99",TRUE
"ENSG00000150556","Inhib",1.19820337917483,"Excit",0.0967467908104392,12.3849418584078,4,"LYPD6B","Inhib/Excit: 12.385",2.47995486799782,-6337.57067535589,-6330.05857678802,1.37369292782355,20," std logFC = 1.374",TRUE
"ENSG00000189056","Inhib",1.60984971845301,"Oligo",0.142146521362775,11.3252839606569,5,"RELN","Inhib/Oligo: 11.325",6.70064307852386,-1815.94675158017,-1811.09140991902,0.705113354559224,285," std logFC = 0.705",TRUE
"ENSG00000144596","Inhib",1.45432047672877,"EndoMural",0.130282784128302,11.1627985728073,6,"GRIP2","Inhib/EndoMural: 11.163",2.97259339867966,-13017.8221411471,-13008.0074574863,2.09632187230771,2," std logFC = 2.096",TRUE
"ENSG00000151136","Inhib",2.60713334528943,"OPC",0.305086724448398,8.545548319099,7,"BTBD11","Inhib/OPC: 8.546",10.1219717162996,-11097.4637219552,-11088.3421854749,1.90051761387328,4," std logFC = 1.901",TRUE
"ENSG00000157404","Inhib",1.55925171698732,"OPC",0.192720352009,8.09074755589124,8,"KIT","Inhib/OPC: 8.091",4.66100685923943,-7329.07007025395,-7321.27028961363,1.49088830540435,15," std logFC = 1.491",TRUE
"ENSG00000169330","Inhib",0.696856788628684,"OPC",0.0913834140008538,7.62563749940633,9,"MINAR1","Inhib/OPC: 7.626",0.997717730392339,-4978.95060663771,-4972.24943828606,1.20239768267921,45," std logFC = 1.202",TRUE
"ENSG00000029534","Inhib",1.6403316252523,"Excit",0.216220309814825,7.58639013447492,10,"ANK1","Inhib/Excit: 7.586",4.05164022116888,-8584.04671923489,-8575.73611297081,1.63246694469857,9," std logFC = 1.632",TRUE
"ENSG00000181072","Inhib",2.46921802105226,"Excit",0.426598274483081,5.78815754481021,11,"CHRM2","Inhib/Excit: 5.788",12.0009064205608,-5112.7170112228,-5105.94684999967,1.21994653372913,42," std logFC = 1.22",TRUE
"ENSG00000198785","Inhib",1.73054307854695,"Excit",0.299998687806205,5.76850215979898,12,"GRIN3A","Inhib/Excit: 5.769",4.33482643518257,-4969.33530772305,-4962.65611827812,1.20112960186886,46," std logFC = 1.201",TRUE
"ENSG00000260232","Inhib",1.19768908488125,"Excit",0.216648329945562,5.52826363896824,13,"PWRN4","Inhib/Excit: 5.528",1.9527477919443,-3071.46520304977,-3065.8552120083,0.927911802893547,134," std logFC = 0.928",FALSE
"ENSG00000227681","Inhib",1.73703747308308,"Excit",0.317192699328435,5.47628453227567,14,"AL033504.1","Inhib/Excit: 5.476",4.47242066803011,-4691.1983688386,-4684.75098100773,1.16404314855329,58," std logFC = 1.164",FALSE
"ENSG00000203727","Inhib",1.96358818274939,"Excit",0.371944217024387,5.27925450342638,15,"SAMD5","Inhib/Excit: 5.279",5.60371685019578,-5658.33874647359,-5651.32742319364,1.28987014767146,33," std logFC = 1.29",TRUE
"ENSG00000007402","Inhib",0.684671667282541,"Excit",0.15353886854458,4.4592725853242,16,"CACNA2D2","Inhib/Excit: 4.459",0.959255572162002,-4479.2748804405,-4472.98655730426,1.13522708690263,68," std logFC = 1.135",TRUE
"ENSG00000164512","Inhib",0.895112913452011,"OPC",0.200967513314405,4.45401795887101,17,"ANKRD55","Inhib/OPC: 4.454",1.63702716674663,-6385.6382734623,-6378.07488160005,1.37950605534214,19," std logFC = 1.38",TRUE
"ENSG00000180875","Inhib",1.20379286940214,"Excit",0.271030891168806,4.44153382004112,18,"GREM2","Inhib/Excit: 4.442",2.11417869297946,-4047.90431723378,-4041.83913764885,1.07489768537978,85," std logFC = 1.075",TRUE
"ENSG00000153820","Inhib",2.43712990923943,"Excit",0.562407480135958,4.33338814883876,19,"SPHKAP","Inhib/Excit: 4.333",10.6669714132455,-5997.35846800803,-5990.10873370463,1.33211510869712,26," std logFC = 1.332",TRUE
"ENSG00000138829","Inhib",1.03034278713042,"OPC",0.241590820952601,4.26482588646266,20,"FBN2","Inhib/OPC: 4.265",1.96021305149804,-4570.80289118758,-4564.46944761605,1.14773466119039,65," std logFC = 1.148",FALSE
"ENSG00000143061","Inhib",0.898804112761215,"Excit",0.241324994442099,3.72445512674348,21,"IGSF3","Inhib/Excit: 3.724",1.27133459008101,-3783.40399032373,-3777.46050767377,1.03665412920356,96," std logFC = 1.037",TRUE
"ENSG00000158089","Inhib",1.85744585221386,"Excit",0.503331883080585,3.69030040546125,22,"GALNT14","Inhib/Excit: 3.69",4.52672697793389,-3517.79109506809,-3511.95609306113,0.997154784630669,107," std logFC = 0.997",TRUE
"ENSG00000163630","Inhib",3.12000483399116,"Excit",0.872455659533673,3.57611851089235,23,"SYNPR","Inhib/Excit: 3.576",14.8568960653197,-7752.92527554906,-7744.9823940651,1.53944862038555,13," std logFC = 1.539",TRUE
"ENSG00000155966","Inhib",1.57278957018594,"Excit",0.445584507602729,3.52972229363996,24,"AFF2","Inhib/Excit: 3.53",3.04340013033592,-4858.47646768805,-4851.90046247936,1.18644305595282,51," std logFC = 1.186",TRUE
"ENSG00000120049","Inhib",0.707175063980358,"Excit",0.208311050647232,3.39480340473121,25,"KCNIP2","Inhib/Excit: 3.395",0.96282758559423,-3682.81450882618,-3676.9510688839,1.02183149734213,104," std logFC = 1.022",TRUE
"ENSG00000086205","Oligo",1.60353054512775,"Micro",0.0741168955117296,21.6351553050947,1,"FOLH1","Oligo/Micro: 21.635",1.37021627181429,-8417.79593062188,-8410.42359399639,1.52880676487167,23," std logFC = 1.529",TRUE
"ENSG00000012124","Oligo",1.36605813930713,"Micro",0.0640017649280906,21.3440698212303,2,"CD22","Oligo/Micro: 21.344",1.02982934556209,-8535.36396283311,-8527.80057097085,1.54113697137764,19," std logFC = 1.541",TRUE
"ENSG00000253877","Oligo",2.41140434218698,"Micro",0.12859128134271,18.752471528457,3,"LINC01608","Oligo/Micro: 18.752",3.16029570285426,-9102.45785334471,-9094.65807270439,1.59997518359044,15," std logFC = 1.6",TRUE
"ENSG00000158865","Oligo",2.05313494217402,"Micro",0.123734778517178,16.5930304056671,4,"SLC5A11","Oligo/Micro: 16.593",2.73842441763536,-7210.07423386178,-7203.12175108185,1.39907151765008,35," std logFC = 1.399",TRUE
"ENSG00000227088","Oligo",2.36932572544111,"OPC",0.147114380746391,16.1053305150743,5,"AC012494.1","Oligo/OPC: 16.105",3.80960317649638,-5780.45435667043,-5773.81772683992,1.23623684301449,48," std logFC = 1.236",TRUE
"ENSG00000105695","Oligo",1.43886411764682,"Micro",0.0953473778805461,15.0907570782856,6,"MAG","Oligo/Micro: 15.091",0.995842989848179,-8132.03800168597,-8124.78826738257,1.49863284977978,26," std logFC = 1.499",TRUE
"ENSG00000011426","Oligo",1.62197230202421,"Micro",0.111287233419792,14.574648431648,7,"ANLN","Oligo/Micro: 14.575",1.30848237372928,-6689.84565912244,-6683.00138992715,1.34116553865121,39," std logFC = 1.341",TRUE
"ENSG00000124920","Oligo",1.51918362459606,"Micro",0.106077420142178,14.3214608967665,8,"MYRF","Oligo/Micro: 14.321",1.12611871502938,-8923.22051136782,-8915.54589387046,1.58148811638378,17," std logFC = 1.581",TRUE
"ENSG00000204655","Oligo",2.03330389230746,"OPC",0.15048106980943,13.5120244352492,9,"MOG","Oligo/OPC: 13.512",1.80394137356302,-11074.8174407514,-11065.6959042711,1.79789638219117,4," std logFC = 1.798",TRUE
"ENSG00000122367","Oligo",1.48289548349854,"EndoMural",0.112541235605935,13.1764635025949,10,"LDB3","Oligo/EndoMural: 13.176",1.13449822211186,-6833.67553213676,-6826.77861920798,1.35731449127209,37," std logFC = 1.357",TRUE
"ENSG00000147488","Oligo",4.6517343618856,"Micro",0.363899687544688,12.7830127947399,11,"ST18","Oligo/Micro: 12.783",14.1746481820752,-11417.1619297988,-11407.3472461379,1.83139928316371,2," std logFC = 1.831",TRUE
"ENSG00000197430","Oligo",1.47826968104756,"Micro",0.116945081213764,12.6407170417491,12,"OPALIN","Oligo/Micro: 12.641",1.17551328368319,-7533.19468609689,-7526.12084245996,1.4343779462704,31," std logFC = 1.434",TRUE
"ENSG00000150656","Oligo",2.11791490838596,"Micro",0.174488993346488,12.1378137827889,13,"CNDP1","Oligo/Micro: 12.138",2.18356359664123,-7644.87598471463,-7637.73544970319,1.44647303284729,29," std logFC = 1.446",TRUE
"ENSG00000013297","Oligo",1.85655875042437,"EndoMural",0.177476013627498,10.46089954624,14,"CLDN11","Oligo/EndoMural: 10.461",1.56932975861788,-9268.66451569223,-9260.6415915006,1.61703291420251,12," std logFC = 1.617",TRUE
"ENSG00000136960","Oligo",2.83383041270023,"OPC",0.284451854497193,9.962425513834,15,"ENPP2","Oligo/OPC: 9.962",3.47531008850027,-10537.9749086859,-10529.4129879935,1.74490822080005,7," std logFC = 1.745",TRUE
"ENSG00000154864","Oligo",1.6729375686614,"Inhib",0.168582825120423,9.92353501886318,16,"PIEZO2","Oligo/Inhib: 9.924",1.4759340778888,-3355.62932646895,-3349.75622461576,0.921070716626338,103," std logFC = 0.921",TRUE
"ENSG00000167123","Oligo",2.36169986395128,"OPC",0.238017884248798,9.92236306698119,17,"CERCAM","Oligo/OPC: 9.922",2.34423020087397,-10108.78027665,-10100.3518873503,1.70210729268569,8," std logFC = 1.702",TRUE
"ENSG00000136541","Oligo",1.36904629074291,"Micro",0.144489737618567,9.47504171096913,18,"ERMN","Oligo/Micro: 9.475",0.909540817034658,-6393.92613030554,-6387.10717891823,1.30757904550711,40," std logFC = 1.308",TRUE
"ENSG00000168314","Oligo",3.53888155542011,"Micro",0.382177435773854,9.25978674867182,19,"MOBP","Oligo/Micro: 9.26",5.40072919095774,-9124.12139925342,-9116.25262574162,1.60220308493052,14," std logFC = 1.602",TRUE
"ENSG00000108381","Oligo",1.56522738147449,"Astro",0.182824875094199,8.56134801496797,20,"ASPA","Oligo/Astro: 8.561",1.22805759161487,-8468.41348947843,-8460.99670109037,1.53412124010402,22," std logFC = 1.534",TRUE
"ENSG00000285051","Oligo",2.35472617945699,"EndoMural",0.309744949842489,7.60214550924692,21,"SLC7A14-AS1","Oligo/EndoMural: 7.602",2.72529949144326,-5168.66365043938,-5162.23335704186,1.1624051328311,59," std logFC = 1.162",TRUE
"ENSG00000091513","Oligo",3.28192519266572,"Astro",0.436136479430159,7.52499583835264,22,"TF","Oligo/Astro: 7.525",4.38580332846628,-9443.43455547395,-9435.32461990532,1.63488449838032,11," std logFC = 1.635",TRUE
"ENSG00000227115","Oligo",1.49492030093982,"Inhib",0.198693521914129,7.52374957441186,23,"LINC01630","Oligo/Inhib: 7.524",1.28688406382479,-2775.45685079988,-2769.73651170124,0.833174997056038,120," std logFC = 0.833",TRUE
"ENSG00000117266","Oligo",2.09353891619647,"Excit",0.294708902833656,7.10375185841647,24,"CDK18","Oligo/Excit: 7.104",1.69753542107635,-4821.3376490462,-4815.00420547467,1.11908044828803,65," std logFC = 1.119",TRUE
"ENSG00000286749","Oligo",2.21909117377698,"Inhib",0.313211767369616,7.08495466952961,25,"AC008571.2","Oligo/Inhib: 7.085",3.93175050883118,-4626.84646791333,-4620.61530319093,1.09431285991509,72," std logFC = 1.094",TRUE
"ENSG00000278254","OPC",3.19895552473151,"Inhib",0.0678846905427011,47.1233719879638,1,"AC004852.2","OPC/Inhib: 47.123",6.05994920397502,-13813.4788141051,-13804.0695955523,4.4181308212536,3," std logFC = 4.418",FALSE
"ENSG00000101311","OPC",1.7228144137395,"EndoMural",0.040828745932121,42.1961138998422,2,"FERMT1","OPC/EndoMural: 42.196",1.82026802389445,-11853.9168325615,-11845.3549118691,4.01693603447927,7," std logFC = 4.017",TRUE
"ENSG00000112280","OPC",1.78862647710223,"EndoMural",0.0929399257280374,19.2449742464411,3,"COL9A1","OPC/EndoMural: 19.245",1.8825004230693,-11564.8027671916,-11556.3743778919,3.95677674232282,8," std logFC = 3.957",TRUE
"ENSG00000134853","OPC",2.70887983287665,"EndoMural",0.148691161505756,18.2181631069698,4,"PDGFRA","OPC/EndoMural: 18.218",3.71535178789513,-15281.583559014,-15271.7688753531,4.71314994236263,2," std logFC = 4.713",TRUE
"ENSG00000157890","OPC",3.35199812160481,"Inhib",0.216473562788099,15.4845611557934,5,"MEGF11","OPC/Inhib: 15.485",5.68894213874676,-12079.7360309783,-12071.0199596061,4.06372786229894,6," std logFC = 4.064",TRUE
"ENSG00000169302","OPC",2.01995713608347,"Astro",0.138357245068654,14.5995761557781,6,"STK32A","OPC/Astro: 14.6",2.36929498257909,-10795.5457934035,-10787.3405476551,3.79518455178748,10," std logFC = 3.795",TRUE
"ENSG00000286364","OPC",1.0605330772438,"Oligo",0.0827708835272375,12.812876123218,7,"AL512308.1","OPC/Oligo: 12.813",1.00883045708778,-7244.90710552305,-7236.96422403909,3.00737516449081,13," std logFC = 3.007",FALSE
"ENSG00000203805","OPC",1.4908549191208,"Inhib",0.147815986776008,10.0858841566302,8,"PLPP4","OPC/Inhib: 10.086",1.47401045491438,-4103.9461599425,-4096.87231630556,2.19870658669559,31," std logFC = 2.199",TRUE
"ENSG00000224184","OPC",1.57754455281471,"Excit",0.205080132299749,7.69233243183665,9,"MIR3681HG","OPC/Excit: 7.692",2.58233512593727,-1785.42351638161,-1779.23317365372,1.41918871806478,75," std logFC = 1.419",FALSE
"ENSG00000187416","OPC",5.94348266670836,"Inhib",0.829059831628917,7.16894298814447,10,"LHFPL3","OPC/Inhib: 7.169",34.2511905388585,-13652.5436585853,-13643.422122105,4.38554514355503,4," std logFC = 4.386",TRUE
"ENSG00000179314","OPC",1.30650264044473,"Oligo",0.186735722008931,6.99653299534324,11,"WSCD1","OPC/Oligo: 6.997",1.11338830082628,-4245.80526822306,-4238.47549121199,2.23931102955701,24," std logFC = 2.239",TRUE
"ENSG00000274461","OPC",1.44932517706295,"Inhib",0.213803336800762,6.77877716386411,12,"AC023282.1","OPC/Inhib: 6.779",1.43909621637674,-2473.8781748964,-2467.3021696877,1.68149583436325,51," std logFC = 1.681",FALSE
"ENSG00000231424","OPC",3.20638231660302,"EndoMural",0.496363375015849,6.45974799510669,13,"BX284613.2","OPC/EndoMural: 6.46",7.42474142032762,-12762.7110951894,-12753.8127022604,4.20428829096866,5," std logFC = 4.204",FALSE
"ENSG00000198732","OPC",2.69525668815554,"Oligo",0.419390238081202,6.42660806910267,14,"SMOC1","OPC/Oligo: 6.427",3.84237867584422,-9670.01319791475,-9661.90326234613,3.55402123603262,11," std logFC = 3.554",TRUE
"ENSG00000038427","OPC",4.23997189799689,"Astro",0.697352694522773,6.08009681657354,15,"VCAN","OPC/Astro: 6.08",10.9685501364224,-16827.392281042,-16816.8844502006,5.02054855695456,1," std logFC = 5.021",TRUE
"ENSG00000075461","OPC",1.82960310411887,"Inhib",0.306221348148348,5.97477319978529,16,"CACNG4","OPC/Inhib: 5.975",1.74937434088372,-4347.06233347466,-4339.68999684916,2.26797179501727,23," std logFC = 2.268",TRUE
"ENSG00000196132","OPC",1.90849727109923,"Inhib",0.346403272937677,5.50946662516838,17,"MYT1","OPC/Inhib: 5.509",1.8662656247041,-6176.60651559759,-6168.80673495727,2.74945449803269,15," std logFC = 2.749",TRUE
"ENSG00000154080","OPC",1.6307536016434,"Astro",0.316459922731559,5.15311255708897,18,"CHST9","OPC/Astro: 5.153",1.53942634565969,-511.801210150574,-506.581646339848,0.749086703413902,198," std logFC = 0.749",FALSE
"ENSG00000196562","OPC",2.19565888757407,"EndoMural",0.469485717930746,4.67673201487666,19,"SULF2","OPC/EndoMural: 4.677",2.20976606557394,-2104.45609453875,-2098.0591375615,1.54548503747594,61," std logFC = 1.545",TRUE
"ENSG00000174945","OPC",1.71232854968669,"Astro",0.368096919177632,4.65184156800936,20,"AMZ1","OPC/Astro: 4.652",1.44564996339392,-1683.59397680623,-1677.45559381728,1.37676357721912,79," std logFC = 1.377",TRUE
"ENSG00000065320","OPC",1.78926937015136,"EndoMural",0.420673815097078,4.25334143922995,21,"NTN1","OPC/EndoMural: 4.253",1.79281032307626,-6527.22379395116,-6519.35502043935,2.83560038664079,14," std logFC = 2.836",TRUE
"ENSG00000285755","OPC",1.39330044263235,"Micro",0.329872012729788,4.22376069767901,22,"AC132153.1","OPC/Micro: 4.224",1.39996405114901,-2688.62188730021,-2681.9642040605,1.75647971590201,47," std logFC = 1.756",FALSE
"ENSG00000152527","OPC",1.92480388075024,"Inhib",0.468959352745469,4.10441516835456,23,"PLEKHH2","OPC/Inhib: 4.104",1.3253836252512,-749.577017048519,-744.066398480862,0.909588906515857,148," std logFC = 0.91",TRUE
"ENSG00000175928","OPC",2.24657621306336,"Excit",0.572733568686675,3.9225502675091,24,"LRRN1","OPC/Excit: 3.923",1.9657538643317,-708.6064186247,-703.148443790529,0.883920046954434,156," std logFC = 0.884",TRUE
"ENSG00000231871","OPC",1.36316209776193,"Inhib",0.363601305976038,3.7490572100744,25,"IPO9-AS1","OPC/Inhib: 3.749",1.1188309984022,-754.608358370394,-749.090960115752,0.912693957891165,147," std logFC = 0.913",TRUE
"ENSG00000249881","Excit",1.00220939299699,"EndoMural",0.0623585329964396,16.0717281956297,1,"AC008696.2","Excit/EndoMural: 16.072",4.69768194619751,-3993.01390028467,-3989.4365642092,0.815581482626481,1023," std logFC = 0.816",FALSE
"ENSG00000223812","Excit",0.950147742317718,"Micro",0.0792405512670937,11.9906755710859,2,"AC073365.1","Excit/Micro: 11.991",3.76298686293926,-4289.29826884604,-4285.47379895038,0.847610477564767,799," std logFC = 0.848",TRUE
"ENSG00000224819","Excit",0.679885910265122,"Oligo",0.0573801509263507,11.8487996160515,3,"AC093843.1","Excit/Oligo: 11.849",2.25615458631231,-4531.65773162363,-4527.61759950831,0.873176140559588,644," std logFC = 0.873",TRUE
"ENSG00000236451","Excit",1.32821721481236,"Oligo",0.128447460514218,10.3405486530841,4,"AC067956.1","Excit/Oligo: 10.341",6.68592946834789,-5182.64679034395,-5178.0333623368,0.939410852138958,363," std logFC = 0.939",TRUE
"ENSG00000152034","Excit",0.670336578914521,"Oligo",0.0653091974217286,10.2640455767031,5,"MCHR2","Excit/Oligo: 10.264",2.22925295288385,-3935.08245701722,-3931.55004010326,0.809211127890337,1070," std logFC = 0.809",TRUE
"ENSG00000239498","Excit",1.54835652082872,"Oligo",0.162597509783311,9.52263366697417,6,"AC019211.1","Excit/Oligo: 9.523",9.15268875508935,-5038.10122311139,-5033.6431257252,0.924984129652376,424," std logFC = 0.925",TRUE
"ENSG00000248455","Excit",0.842617642234898,"Oligo",0.0972728063423378,8.662417318047,7,"LINC02217","Excit/Oligo: 8.662",2.83300053890083,-5130.66335152213,-5126.10355566989,0.934239674639725,383," std logFC = 0.934",TRUE
"ENSG00000224271","Excit",1.82997716354625,"Oligo",0.21435917241096,8.53696691848531,8,"AL117329.1","Excit/Oligo: 8.537",13.133477496261,-5405.83716544669,-5400.97830884344,0.961403039450554,284," std logFC = 0.961",TRUE
"ENSG00000011083","Excit",0.582099862045941,"Inhib",0.0763341176741876,7.62568402939409,9,"SLC6A7","Excit/Inhib: 7.626",1.33243074454138,-6221.20883901809,-6215.47169280114,1.03916098208268,118," std logFC = 1.039",TRUE
"ENSG00000237720","Excit",1.01460050313159,"Inhib",0.135111439281863,7.50936048438485,10,"AC011995.2","Excit/Inhib: 7.509",3.39938657432375,-6615.20682971354,-6609.04280429397,1.07547693038044,77," std logFC = 1.075",TRUE
"ENSG00000146147","Excit",1.64612952099185,"Oligo",0.223643976925355,7.36049118613766,11,"MLIP","Excit/Oligo: 7.36",7.74612457944516,-6639.92560238481,-6633.72183663659,1.0777311685765,74," std logFC = 1.078",TRUE
"ENSG00000141668","Excit",1.48565986797477,"Oligo",0.225893397905659,6.57681845396486,12,"CBLN2","Excit/Oligo: 6.577",8.01922111985742,-4052.08356088391,-4048.46021669453,0.822039501995344,977," std logFC = 0.822",TRUE
"ENSG00000226320","Excit",0.715011442373353,"Inhib",0.109052091545822,6.55660457528147,13,"LINC01811","Excit/Inhib: 6.557",2.71270782784362,-2047.53918980127,-2045.46277637425,0.573549471366846,4589," std logFC = 0.574",FALSE
"ENSG00000285939","Excit",1.35009500434741,"Inhib",0.207183033574705,6.51643612439238,14,"AC034268.2","Excit/Inhib: 6.516",8.75620363791183,-2660.17512504106,-2657.67532704661,0.657525888062926,3005," std logFC = 0.658",TRUE
"ENSG00000184999","Excit",1.00270535701975,"EndoMural",0.164252781354329,6.1046476580308,15,"SLC22A10","Excit/EndoMural: 6.105",3.94146875404143,-3792.28306443682,-3788.86946844133,0.793347073022345,1205," std logFC = 0.793",TRUE
"ENSG00000229618","Excit",1.92596790043988,"EndoMural",0.320163699498649,6.01557235706544,16,"AC011287.1","Excit/EndoMural: 6.016",13.9453571401537,-4268.85497668709,-4265.05645018593,0.845428838403036,820," std logFC = 0.845",TRUE
"ENSG00000147676","Excit",0.82883723247413,"Oligo",0.141900501457103,5.84097465451656,17,"MAL2","Excit/Oligo: 5.841",1.81922218946101,-6092.22945620189,-6086.64887904562,1.02710661690887,138," std logFC = 1.027",TRUE
"ENSG00000171509","Excit",0.948554734281017,"Oligo",0.168531204252844,5.62836264350144,18,"RXFP1","Excit/Oligo: 5.628",3.86000326485026,-3255.213762551,-3252.26653287235,0.731387688649995,1921," std logFC = 0.731",TRUE
"ENSG00000169064","Excit",0.793050751473246,"Inhib",0.14636828067193,5.41818724543734,19,"ZBBX","Excit/Inhib: 5.418",2.68626452953199,-3736.3195048321,-3732.95687012567,0.787064964694346,1268," std logFC = 0.787",TRUE
"ENSG00000164794","Excit",0.636729773705256,"EndoMural",0.119168735239099,5.34309416331161,20,"KCNV1","Excit/EndoMural: 5.343",1.31933987634239,-5020.13851277512,-5015.6967900238,0.923180778189648,431," std logFC = 0.923",TRUE
"ENSG00000135426","Excit",1.27024648697716,"EndoMural",0.25018225735798,5.07728445810445,21,"TESPA1","Excit/EndoMural: 5.077",4.43424733902326,-5225.49734802796,-5220.84171966631,0.943659327277922,348," std logFC = 0.944",TRUE
"ENSG00000157782","Excit",2.51058346267238,"Oligo",0.504915940963257,4.97228005493903,22,"CABP1","Excit/Oligo: 4.972",12.0200603622228,-8762.7085714018,-8753.5870349215,1.2627796070102,4," std logFC = 1.263",TRUE
"ENSG00000152931","Excit",1.04984425018945,"EndoMural",0.215304853275512,4.87608260667505,23,"PART1","Excit/EndoMural: 4.876",3.08762014965677,-6091.88195259708,-6086.31576417827,1.02707402307824,140," std logFC = 1.027",TRUE
"ENSG00000066248","Excit",1.30747351478978,"Inhib",0.291517988593096,4.48505260721582,24,"NGEF","Excit/Inhib: 4.485",3.61075607916772,-8266.29947107934,-8257.73755038697,1.22081626094469,7," std logFC = 1.221",TRUE
"ENSG00000119125","Excit",1.33550336163305,"Inhib",0.299871057834878,4.45359205811866,25,"GDA","Excit/Inhib: 4.454",3.80915454218285,-6429.20800890524,-6423.25405495542,1.05842500405942,95," std logFC = 1.058",TRUE
"ENSG00000142611","Astro",1.96548353717831,"EndoMural",0.141535630239305,13.8868462581127,1,"PRDM16","Astro/EndoMural: 13.887",1.90338994341163,-8852.94798693735,-8842.44015609592,2.38335024844311,1," std logFC = 2.383",TRUE
"ENSG00000234377","Astro",3.75826942248129,"Oligo",0.313848454124353,11.9747902947841,2,"OBI1-AS1","Astro/Oligo: 11.975",9.31843679184453,-5262.43145890294,-5255.14250388639,1.77730348877633,25," std logFC = 1.777",TRUE
"ENSG00000149090","Astro",2.12083527724187,"Excit",0.200048431035174,10.6016091516807,3,"PAMR1","Astro/Excit: 10.602",2.38915759600428,-4114.08586963298,-4107.56702283813,1.55491770347248,54," std logFC = 1.555",TRUE
"ENSG00000147509","Astro",1.74278559603387,"Inhib",0.164412517159806,10.6000785471821,4,"RGS20","Astro/Inhib: 10.6",2.15301996738545,-4750.44034756967,-4743.42902428972,1.68067985853379,33," std logFC = 1.681",TRUE
"ENSG00000172987","Astro",2.5130805016935,"Inhib",0.2711066107269,9.26971310273604,5,"HPSE2","Astro/Inhib: 9.27",5.80795869237578,-3445.32846541688,-3439.12469966866,1.41418363359933,74," std logFC = 1.414",TRUE
"ENSG00000164199","Astro",4.47324608367939,"Excit",0.515827025888119,8.67198859148109,6,"ADGRV1","Astro/Excit: 8.672",15.16424380996,-8687.48534893565,-8678.0761303829,2.3573222711967,3," std logFC = 2.357",TRUE
"ENSG00000138696","Astro",2.26849977426683,"EndoMural",0.269316164556475,8.4231846164998,7,"BMPR1B","Astro/EndoMural: 8.423",3.06757065315698,-2908.31329831538,-2902.29410384369,1.29285724048098,89," std logFC = 1.293",TRUE
"ENSG00000182902","Astro",1.87871542085016,"Oligo",0.233301613347675,8.05273222886132,8,"SLC25A18","Astro/Oligo: 8.053",1.93576955342106,-6601.90442490359,-6593.96154341963,2.01548451907114,13," std logFC = 2.015",TRUE
"ENSG00000197360","Astro",2.16420328597204,"OPC",0.301066315267554,7.18846040298045,9,"ZNF98","Astro/OPC: 7.188",4.14815406083215,-4218.80856440082,-4212.17193457031,1.57610411567113,48," std logFC = 1.576",TRUE
"ENSG00000068078","Astro",1.66661966411079,"OPC",0.257700021512671,6.46728570035777,10,"FGFR3","Astro/OPC: 6.467",1.29795640788631,-8669.33434983485,-8660.21281335455,2.35445887080364,4," std logFC = 2.354",TRUE
"ENSG00000236790","Astro",3.19723205734281,"Excit",0.497050886333794,6.43240389515312,11,"LINC00299","Astro/Excit: 6.432",4.91813651176223,-3775.19541818917,-3768.89227996714,1.48485168526281,67," std logFC = 1.485",TRUE
"ENSG00000182175","Astro",1.3595063328986,"Excit",0.227948343734511,5.96409831554646,12,"RGMA","Astro/Excit: 5.964",0.912719978372184,-1344.75152935699,-1339.4801404784,0.866096639705797,188," std logFC = 0.866",TRUE
"ENSG00000236197","Astro",2.42285178034823,"OPC",0.411950149987998,5.88141982814868,13,"AC002429.2","Astro/OPC: 5.881",3.93604038741755,-3796.29896628238,-3789.98079018298,1.48928606695828,66," std logFC = 1.489",TRUE
"ENSG00000135063","Astro",1.57328599768903,"EndoMural",0.273538491612842,5.75160734568871,14,"FAM189A2","Astro/EndoMural: 5.752",1.79424654133089,-4435.48096292114,-4428.66201153384,1.61930135984986,40," std logFC = 1.619",TRUE
"ENSG00000103740","Astro",1.76808926713456,"Oligo",0.321359929651596,5.50189710662259,15,"ACSBG1","Astro/Oligo: 5.502",1.69155327904588,-5592.32571714283,-5584.86240873913,1.83775144336783,21," std logFC = 1.838",TRUE
"ENSG00000226476","Astro",1.5284474801992,"Excit",0.300266009902425,5.09031135657309,16,"LINC01748","Astro/Excit: 5.09",1.39999773783953,-1464.57655565351,-1459.22201640658,0.904949224970041,173," std logFC = 0.905",TRUE
"ENSG00000139155","Astro",1.35569611270291,"EndoMural",0.266874896225639,5.07989373251761,17,"SLCO1C1","Astro/EndoMural: 5.08",1.54093402820729,-4656.77921874791,-4649.85490684495,1.66259302231326,36," std logFC = 1.663",TRUE
"ENSG00000106571","Astro",1.97414930140701,"EndoMural",0.407848691968548,4.84039630451788,18,"GLI3","Astro/EndoMural: 4.84",2.54660937149654,-7217.4469392775,-7208.88501858513,2.1194146531937,7," std logFC = 2.119",TRUE
"ENSG00000140022","Astro",1.82067080800419,"Micro",0.388174650658534,4.69033927103545,19,"STON2","Astro/Micro: 4.69",2.05280102537171,-7010.85212577564,-7002.54151951155,2.0848591799692,9," std logFC = 2.085",TRUE
"ENSG00000164188","Astro",1.65064489991826,"EndoMural",0.359077463419906,4.59690475753416,20,"RANBP3L","Astro/EndoMural: 4.597",1.94745236116994,-4636.06765233546,-4629.17073940668,1.658574963034,37," std logFC = 1.659",TRUE
"ENSG00000072952","Astro",1.56392945604069,"EndoMural",0.341884371203577,4.57443974562218,21,"MRVI1","Astro/EndoMural: 4.574",1.46219592930925,-6267.52095742413,-6259.78571530495,1.95771012237749,16," std logFC = 1.958",TRUE
"ENSG00000184313","Astro",1.86479646910694,"OPC",0.424758686200626,4.39024916897437,22,"MROH7","Astro/OPC: 4.39",1.41071327347506,-1584.55427386345,-1579.13403935726,0.942404223256225,162," std logFC = 0.942",FALSE
"ENSG00000080493","Astro",2.93927680889134,"Excit",0.67060889720472,4.38299703619061,23,"SLC4A4","Astro/Excit: 4.383",4.57715846859286,-2236.70654907164,-2230.94365035859,1.12669526074355,115," std logFC = 1.127",TRUE
"ENSG00000111783","Astro",2.48716705089915,"OPC",0.601304940690768,4.13628241278368,24,"RFX4","Astro/OPC: 4.136",3.6126337704045,-3936.56399367304,-3930.18329721667,1.51851295167757,62," std logFC = 1.519",TRUE
"ENSG00000143603","Astro",1.76041404674994,"Excit",0.429281752523749,4.10083595773745,25,"KCNN3","Astro/Excit: 4.101",1.24945111441592,-1049.74407769767,-1044.6958323704,0.762866427938989,235," std logFC = 0.763",TRUE
"ENSG00000249669","EndoMural",1.64356540613804,"Oligo",0.026356321704621,62.3594378820273,1,"CARMN","EndoMural/Oligo: 62.359",1.89559474621496,-8730.19454469432,-8721.29615176533,3.15273298721226,5," std logFC = 3.153",TRUE
"ENSG00000123243","EndoMural",3.03460049407529,"Micro",0.0843586809041358,35.9725929987428,2,"ITIH5","EndoMural/Micro: 35.973",5.08426428941789,-12932.0536906093,-12921.5458597679,3.99255022835956,1," std logFC = 3.993",TRUE
"ENSG00000074181","EndoMural",1.57324835679111,"Astro",0.0527030719688636,29.8511699227051,3,"NOTCH3","EndoMural/Astro: 29.851",1.70259517206317,-8155.59399772127,-8147.03207702891,3.03090968962385,7," std logFC = 3.031",TRUE
"ENSG00000184113","EndoMural",1.74469883645532,"Oligo",0.0598423086234424,29.1549386477356,4,"CLDN5","EndoMural/Oligo: 29.155",2.13921377012928,-7560.3797733688,-7552.51099985699,2.90208320191906,14," std logFC = 2.902",TRUE
"ENSG00000206190","EndoMural",2.90391911973215,"Excit",0.112257007744995,25.8684885519909,5,"ATP10A","EndoMural/Excit: 25.868",8.63664258005533,-7393.13058260286,-7385.39534048368,2.86534553385157,16," std logFC = 2.865",TRUE
"ENSG00000085276","EndoMural",2.25047620285512,"OPC",0.101649543285234,22.139560396648,6,"MECOM","EndoMural/OPC: 22.14",4.98462742108372,-6898.67272732777,-6891.25593893971,2.7551933950785,22," std logFC = 2.755",TRUE
"ENSG00000164330","EndoMural",3.36685849404924,"Inhib",0.153839013821451,21.8855959253411,7,"EBF1","EndoMural/Inhib: 21.886",6.93207064454525,-4460.07786871326,-4453.83271774888,2.16599228141933,71," std logFC = 2.166",TRUE
"ENSG00000243620","EndoMural",2.16355825040762,"Astro",0.115484753658124,18.734579084028,8,"AC092957.1","EndoMural/Astro: 18.735",3.13607798740475,-7585.97133964432,-7578.02845816036,2.90768273309122,13," std logFC = 2.908",FALSE
"ENSG00000213949","EndoMural",1.75966011880615,"Inhib",0.0943712112150367,18.6461538021012,9,"ITGA1","EndoMural/Inhib: 18.646",1.83838365936834,-5288.9504294484,-5282.20379872268,2.37678157066944,43," std logFC = 2.377",TRUE
"ENSG00000110799","EndoMural",1.8373872273514,"Oligo",0.0992948858977332,18.5043490481855,10,"VWF","EndoMural/Oligo: 18.504",2.76133388701417,-6430.11201550182,-6422.78223849074,2.6484583365584,24," std logFC = 2.648",TRUE
"ENSG00000118777","EndoMural",2.22375394867251,"Micro",0.141696961383134,15.6937306697757,11,"ABCG2","EndoMural/Micro: 15.694",3.98697015842208,-7720.25785695058,-7712.23493275895,2.93697263233056,12," std logFC = 2.937",TRUE
"ENSG00000102755","EndoMural",3.25007922448838,"Micro",0.242557258714319,13.3992247509537,12,"FLT1","EndoMural/Micro: 13.399",14.9475292975567,-4794.11126077463,-4787.68096737711,2.25256250771806,59," std logFC = 2.253",TRUE
"ENSG00000115414","EndoMural",1.98851076694507,"OPC",0.191343833547067,10.392343092969,13,"FN1","EndoMural/OPC: 10.392",2.08272568796146,-5263.93274427422,-5257.20910306672,2.37060642016079,44," std logFC = 2.371",TRUE
"ENSG00000117394","EndoMural",1.49152916772748,"Astro",0.145766225893588,10.2323371452062,14,"SLC2A1","EndoMural/Astro: 10.232",1.63791700485929,-4966.61458151119,-4960.0187736752,2.29637965933761,50," std logFC = 2.296",TRUE
"ENSG00000069122","EndoMural",1.7981630105145,"Excit",0.184264965527785,9.75857241968962,15,"ADGRF5","EndoMural/Excit: 9.759",1.9494585961752,-3396.38747224308,-3390.61583985005,1.87168404327648,114," std logFC = 1.872",TRUE
"ENSG00000173638","EndoMural",1.87328700253515,"Micro",0.19334287173953,9.68893751127702,16,"SLC19A1","EndoMural/Micro: 9.689",2.46296012931896,-7206.58061166984,-7198.96315258632,2.82406601347771,18," std logFC = 2.824",TRUE
"ENSG00000082438","EndoMural",3.53500171142983,"Excit",0.380176726901507,9.29831170950569,17,"COBLL1","EndoMural/Excit: 9.298",7.0277592214835,-4116.47581869136,-4110.43389596859,2.07430681348715,87," std logFC = 2.074",TRUE
"ENSG00000128567","EndoMural",1.52770879210785,"Excit",0.167023178559554,9.14668733575278,18,"PODXL","EndoMural/Excit: 9.147",1.64127884284693,-3582.69334771111,-3576.85834570415,1.9256455912091,107," std logFC = 1.926",TRUE
"ENSG00000143248","EndoMural",2.58625701800031,"Inhib",0.297936387128762,8.68056783169145,19,"RGS5","EndoMural/Inhib: 8.681",3.92238606332854,-3938.2276906422,-3932.2307193073,2.02556799044749,91," std logFC = 2.026",TRUE
"ENSG00000142089","EndoMural",1.55248512899498,"Astro",0.189157383619567,8.20737260839543,20,"IFITM3","EndoMural/Astro: 8.207",1.51436518025975,-6975.2178899594,-6967.70579139153,2.7724041863513,20," std logFC = 2.772",TRUE
"ENSG00000011465","EndoMural",1.51805599842459,"Inhib",0.186613430412359,8.13476283604106,21,"DCN","EndoMural/Inhib: 8.135",1.43765027727834,-4709.10541669281,-4702.72472023644,2.2307541319052,62," std logFC = 2.231",TRUE
"ENSG00000054654","EndoMural",2.56724196059841,"OPC",0.340954408190078,7.52957550608116,22,"SYNE2","EndoMural/OPC: 7.53",3.13073307208704,-7536.1766866958,-7528.37690605549,2.89678220071691,15," std logFC = 2.897",TRUE
"ENSG00000103257","EndoMural",2.23138711419467,"Excit",0.336601946717719,6.6291568897727,23,"SLC7A5","EndoMural/Excit: 6.629",3.61144773474827,-4304.94355355874,-4298.77952813917,2.12494865497526,77," std logFC = 2.125",TRUE
"ENSG00000085563","EndoMural",2.80945778447685,"Excit",0.442101424738212,6.35478111417637,24,"ABCB1","EndoMural/Excit: 6.355",7.28876998634555,-4208.16965651594,-4202.06854492178,2.09905554784257,82," std logFC = 2.099",TRUE
"ENSG00000176641","EndoMural",1.69154102244635,"Inhib",0.282512270695467,5.98749575826297,25,"RNF152","EndoMural/Inhib: 5.987",1.9894544559534,-1911.27572032535,-1906.11499701465,1.38468344054961,210," std logFC = 1.385",TRUE
"ENSG00000273409","Micro",1.86039737311879,"Oligo",0.0213325092710494,87.2094955863236,1,"LINC02712","Micro/Oligo: 87.209",1.55257244477819,-8142.5362153858,-8135.02411681793,3.49088572923722,20," std logFC = 3.491",TRUE
"ENSG00000140678","Micro",1.77341240617937,"EndoMural",0.0203732783024102,87.0460011322565,2,"ITGAX","Micro/EndoMural: 87.046",1.17846672444648,-9680.4256047575,-9672.40268056587,3.8614751250913,12," std logFC = 3.861",TRUE
"ENSG00000095585","Micro",2.00288246091977,"Oligo",0.0267854350057627,74.7750581795241,3,"BLNK","Micro/Oligo: 74.775",1.53504616528341,-9958.05054832614,-9949.94061275751,3.92668881199133,11," std logFC = 3.927",FALSE
"ENSG00000231131","Micro",2.09448308546239,"Oligo",0.0317817107400536,65.9021505353635,4,"LNCAROD","Micro/Oligo: 65.902",2.02157117150393,-8592.44207179298,-8584.82461270945,3.60112198835783,18," std logFC = 3.601",FALSE
"ENSG00000198223","Micro",2.48944832819058,"EndoMural",0.0398736365372646,62.4334408491694,5,"CSF2RA","Micro/EndoMural: 62.433",1.89305910920412,-13079.086322898,-13070.187929969,4.63531063432333,5," std logFC = 4.635",FALSE
"ENSG00000168329","Micro",2.12836277116713,"Oligo",0.0438074089886284,48.5845390152979,6,"CX3CR1","Micro/Oligo: 48.585",1.82164249828562,-10781.2900439444,-10772.8616546447,4.11760365332004,8," std logFC = 4.118",TRUE
"ENSG00000148908","Micro",1.63429129568826,"EndoMural",0.0348816308796291,46.8524909666046,7,"RGS10","Micro/EndoMural: 46.852",1.02428798109148,-9261.78830253233,-9254.05306041315,3.76224813113104,16," std logFC = 3.762",TRUE
"ENSG00000125730","Micro",2.5220660399079,"Oligo",0.0721972830882028,34.932977143014,8,"C3","Micro/Oligo: 34.933",1.96285636396394,-13366.8240218036,-13357.7024853233,4.69893483652941,4," std logFC = 4.699",TRUE
"ENSG00000280560","Micro",2.66560159653215,"Inhib",0.0885278098749639,30.1103303052118,9,"LINC01374","Micro/Inhib: 30.11",2.66315246291058,-6427.036115615,-6419.96227197806,3.05239226056348,31," std logFC = 3.052",FALSE
"ENSG00000059377","Micro",2.96886478452603,"Astro",0.101149370545528,29.3512927318686,10,"TBXAS1","Micro/Astro: 29.351",2.7913142270062,-14644.6178748897,-14635.208656337,4.97912969561005,3," std logFC = 4.979",TRUE
"ENSG00000163694","Micro",2.02565790925279,"EndoMural",0.0718551572475559,28.1908492980396,11,"RBM47","Micro/EndoMural: 28.191",1.56615942488813,-7946.6111384442,-7939.1478300405,3.44233985522393,21," std logFC = 3.442",FALSE
"ENSG00000077420","Micro",3.82802585008737,"EndoMural",0.137913481752274,27.7567196582233,12,"APBB1IP","Micro/EndoMural: 27.757",5.38185706439612,-15260.503453001,-15250.6887693402,5.11305034232674,2," std logFC = 5.113",TRUE
"ENSG00000155307","Micro",1.84296831165398,"EndoMural",0.0666461386284294,27.6530396146285,13,"SAMSN1","Micro/EndoMural: 27.653",1.41415468963992,-6801.19772780228,-6793.94799349888,3.15088802377231,26," std logFC = 3.151",TRUE
"ENSG00000042980","Micro",3.00580950099068,"Inhib",0.11164586579839,26.922712090554,14,"ADAM28","Micro/Inhib: 26.923",2.68620165928943,-10752.005059036,-10743.6944527719,4.11087044663556,9," std logFC = 4.111",TRUE
"ENSG00000236963","Micro",1.5666474606681,"Excit",0.0640341099100191,24.465827086057,15,"LINC01141","Micro/Excit: 24.466",0.955556279090376,-3133.60214952281,-3127.54866597764,2.06753592277949,86," std logFC = 2.068",TRUE
"ENSG00000165025","Micro",2.05328827515848,"Inhib",0.0974450131407335,21.0712504311847,16,"SYK","Micro/Inhib: 21.071",1.46998817976664,-9356.50355028946,-9348.70376964914,3.78479598922285,15," std logFC = 3.785",TRUE
"ENSG00000112799","Micro",1.73357907444926,"Excit",0.0938478283958345,18.4722342976048,17,"LY86","Micro/Excit: 18.472",1.10397474962099,-3459.21151256015,-3453.03441505902,2.17885407081041,76," std logFC = 2.179",TRUE
"ENSG00000082074","Micro",2.55103280179309,"EndoMural",0.148198339293688,17.2136395991432,18,"FYB1","Micro/EndoMural: 17.214",2.21847758407629,-12129.283178473,-12120.7212577806,4.42359272919323,7," std logFC = 4.424",TRUE
"ENSG00000107099","Micro",3.8973252601929,"EndoMural",0.236319055899307,16.4917943047873,19,"DOCK8","Micro/EndoMural: 16.492",5.00221224211057,-16223.8950505837,-16213.3872197423,5.32141831897973,1," std logFC = 5.321",TRUE
"ENSG00000155629","Micro",1.48847442662995,"EndoMural",0.0920267516844319,16.174366685614,20,"PIK3AP1","Micro/EndoMural: 16.174",0.948554458216897,-6578.25541105843,-6571.114876047,3.09241986576267,29," std logFC = 3.092",TRUE
"ENSG00000249738","Micro",3.19907431267315,"Excit",0.198244476274515,16.1370161367991,21,"AC008691.1","Micro/Excit: 16.137",4.02385532403331,-4378.53766626596,-4372.09027843509,2.47222108990101,58," std logFC = 2.472",FALSE
"ENSG00000185811","Micro",2.0628375572078,"EndoMural",0.134967019424127,15.2840120942838,22,"IKZF1","Micro/EndoMural: 15.284",1.5332588596807,-9129.98564800235,-9122.31103050498,3.73077163274006,17," std logFC = 3.731",FALSE
"ENSG00000134516","Micro",2.7969159923238,"Oligo",0.185106446957355,15.1097708280693,23,"DOCK2","Micro/Oligo: 15.11",2.17436933993409,-3483.21629487664,-3477.02595214875,2.18688599977349,75," std logFC = 2.187",TRUE
"ENSG00000141506","Micro",1.69847112765839,"EndoMural",0.11289916501609,15.0441425090817,24,"PIK3R5","Micro/EndoMural: 15.044",1.19201196896455,-9556.93839874795,-9549.06962523614,3.83232044686294,14," std logFC = 3.832",FALSE
"ENSG00000169313","Micro",2.47255312885088,"Excit",0.166444028784115,14.8551627049227,25,"P2RY12","Micro/Excit: 14.855",2.2088289324767,-4523.28410725223,-4516.72752012939,2.51610683963846,52," std logFC = 2.516",TRUE
