"","Gene","test.type","p_value","log2.mean.Cluster_Other","log2.mean.Inhib","log2fold_change","Auc"
"185","ENSG00000128683","hurdle",0,-1.871716,3.015619,4.887335,0.926
"315","ENSG00000151789","hurdle",0,1.203126,4.65437,3.451244,0.923
"450","ENSG00000171189","hurdle",0,0.8051733,5.8616706,5.0564973,0.915
"271","ENSG00000144642","hurdle",0,1.637274,4.894618,3.257344,0.913
"309","ENSG00000151136","hurdle",0,-1.560157,3.467452,5.027609,0.912
"224","ENSG00000136750","hurdle",0,-2.165703,3.120188,5.285891,0.911
"352","ENSG00000157103","hurdle",0,-0.07393365,2.86133858,2.93527223,0.888
"269","ENSG00000144596","hurdle",0,-2.546442,1.737267,4.283709,0.887
"555","ENSG00000188158","hurdle",0,-0.3596936,2.5631522,2.9228458,0.886
"18","ENSG00000029534","hurdle",0,-1.390784,2.071578,3.462362,0.884
"553","ENSG00000187957","hurdle",0,0.4007643,3.034929,2.6341647,0.869
"13","ENSG00000017427","hurdle",0,-2.762626,1.409979,4.172605,0.843
"346","ENSG00000155974","hurdle",0,2.29391,4.605835,2.311925,0.841
"643","ENSG00000259905","hurdle",0,0.8297968,3.1843042,2.3545074,0.835
"585","ENSG00000198785","hurdle",0,-0.5883682,2.3257738,2.914142,0.835
"418","ENSG00000168916","hurdle",0,-0.3818504,2.2000602,2.5819106,0.834
"614","ENSG00000232044","hurdle",0,-0.8596669,1.8965097,2.7561766,0.832
"567","ENSG00000196104","hurdle",0,1.627306,3.859941,2.232635,0.832
"533","ENSG00000185053","hurdle",0,2.951232,5.585567,2.634335,0.832
"303","ENSG00000150275","hurdle",0,1.161365,4.03845,2.877085,0.832
"380","ENSG00000163630","hurdle",0,1.00335,4.201832,3.198482,0.83
"349","ENSG00000156273","hurdle",0,-0.6890242,2.1124567,2.8014809,0.83
"526","ENSG00000184408","hurdle",0,3.302665,5.910054,2.607389,0.829
"344","ENSG00000155897","hurdle",0,0.2411181,2.5510359,2.3099178,0.829
"475","ENSG00000174473","hurdle",0,2.694932,6.472667,3.777735,0.827
"436","ENSG00000169855","hurdle",0,2.85471,4.952445,2.097735,0.827
"531","ENSG00000185008","hurdle",0,5.437805,6.896014,1.458209,0.825
"326","ENSG00000152932","hurdle",0,1.82088,3.478757,1.657877,0.821
"97","ENSG00000103460","hurdle",0,-1.638759,1.547533,3.186292,0.818
"449","ENSG00000171094","hurdle",0,-0.8719492,2.3033949,3.1753441,0.811
"423","ENSG00000169122","hurdle",0,0.05400735,2.18460107,2.13059372,0.809
"592","ENSG00000203727","hurdle",0,-0.1938627,2.8080382,3.0019009,0.808
"498","ENSG00000180287","hurdle",0,-0.1315201,2.7239762,2.8554963,0.808
"283","ENSG00000146555","hurdle",0,1.080316,3.369508,2.289192,0.806
"443","ENSG00000170579","hurdle",0,5.292548,6.792658,1.50011,0.805
"631","ENSG00000244694","hurdle",0,0.728772,2.844486,2.115714,0.804
"306","ENSG00000150556","hurdle",0,-2.139412,1.561954,3.701366,0.801
"563","ENSG00000189056","hurdle",0,-2.08229,2.746412,4.828702,0.799
"345","ENSG00000155966","hurdle",0,-0.2449382,2.0190271,2.2639653,0.799
"604","ENSG00000218336","hurdle",0,1.941469,3.58028,1.638811,0.797
"539","ENSG00000185736","hurdle",0,0.2858489,5.0552901,4.7694412,0.797
"5","ENSG00000005108","hurdle",0,0.3864377,2.6424988,2.2560611,0.797
"379","ENSG00000163618","hurdle",0,3.660223,4.967918,1.307695,0.796
"356","ENSG00000157388","hurdle",0,2.485904,3.89636,1.410456,0.795
"335","ENSG00000154217","hurdle",0,1.727438,3.017391,1.289953,0.794
"268","ENSG00000144460","hurdle",0,0.8213477,3.8097525,2.9884048,0.794
"277","ENSG00000145730","hurdle",0,1.828911,3.357055,1.528144,0.793
"263","ENSG00000144278","hurdle",0,1.906899,4.371306,2.464407,0.792
"22","ENSG00000041515","hurdle",0,0.1624879,2.8381556,2.6756677,0.791
"601","ENSG00000206052","hurdle",0,2.003992,3.780027,1.776035,0.79
"549","ENSG00000187123","hurdle",0,-2.391285,1.384191,3.775476,0.787
"150","ENSG00000116729","hurdle",0,-0.2856297,2.0456364,2.3312661,0.787
"37","ENSG00000069667","hurdle",0,4.026363,5.428173,1.40181,0.786
"501","ENSG00000181072","hurdle",0,0.1315085,4.014097,3.8825885,0.784
"602","ENSG00000206579","hurdle",0,2.939415,4.119073,1.179658,0.783
"446","ENSG00000170873","hurdle",0,0.7412067,2.3096403,1.5684336,0.782
"270","ENSG00000144619","hurdle",0,3.59709,4.832264,1.235174,0.782
"565","ENSG00000189337","hurdle",0,4.607577,5.729658,1.122081,0.78
"141","ENSG00000114805","hurdle",0,0.5791648,2.3535868,1.774422,0.779
"389","ENSG00000164512","hurdle",0,-2.0818863,0.8370268,2.9189131,0.778
"20","ENSG00000035862","hurdle",0,-0.3049799,1.5555377,1.8605176,0.778
"357","ENSG00000157404","hurdle",0,-2.661609,2.441814,5.103423,0.776
"130","ENSG00000112182","hurdle",0,1.186558,2.664029,1.477471,0.776
"394","ENSG00000165061","hurdle",0,2.129614,3.89431,1.764696,0.774
"75","ENSG00000100077","hurdle",0,1.6783,3.08932,1.41102,0.774
"558","ENSG00000188559","hurdle",0,1.096181,2.994788,1.898607,0.773
"359","ENSG00000158089","hurdle",0,0.1052679,2.689472,2.5842041,0.773
"485","ENSG00000177103","hurdle",0,2.049652,3.181994,1.132342,0.772
"132","ENSG00000112419","hurdle",0,0.5870169,2.4484921,1.8614752,0.772
"330","ENSG00000153820","hurdle",0,0.2951544,3.8285835,3.5334291,0.771
"186","ENSG00000128739","hurdle",0,2.274375,3.293461,1.019086,0.77
"487","ENSG00000177679","hurdle",0,1.733961,2.838247,1.104286,0.769
"361","ENSG00000158458","hurdle",0,0.9930687,2.3109282,1.3178595,0.769
"294","ENSG00000148219","hurdle",0,2.886859,4.214021,1.327162,0.769
"465","ENSG00000172572","hurdle",0,-1.409242,2.584304,3.993546,0.767
"291","ENSG00000147724","hurdle",0,1.907077,3.096776,1.189699,0.767
"342","ENSG00000155052","hurdle",0,3.639437,4.683995,1.044558,0.766
"134","ENSG00000112530","hurdle",0,1.438542,2.764808,1.326266,0.766
"156","ENSG00000118276","hurdle",0,0.4654191,2.499223,2.0338039,0.765
"598","ENSG00000204764","hurdle",0,0.6910085,2.0062989,1.3152904,0.764
"478","ENSG00000175175","hurdle",0,1.873148,3.049819,1.176671,0.764
"210","ENSG00000134215","hurdle",0,-0.3389571,2.6331994,2.9721565,0.764
"84","ENSG00000101333","hurdle",0,0.9221458,2.7360208,1.813875,0.764
"513","ENSG00000182836","hurdle",0,-0.368614,1.907497,2.276111,0.762
"250","ENSG00000141404","hurdle",0,0.2328096,1.7415613,1.5087517,0.761
"115","ENSG00000109265","hurdle",0,-0.4891831,1.88286,2.3720431,0.761
"243","ENSG00000139915","hurdle",0,4.519052,5.609557,1.090505,0.76
"518","ENSG00000183166","hurdle",0,1.404252,3.074433,1.670181,0.759
"272","ENSG00000144868","hurdle",0,2.874466,3.905645,1.031179,0.759
"54","ENSG00000078177","hurdle",0,-1.2932841,0.9438237,2.2371078,0.759
"16","ENSG00000021645","hurdle",0,5.980345,6.937482,0.957137,0.758
"168","ENSG00000122547","hurdle",0,-0.4299931,1.4440121,1.8740052,0.757
"51","ENSG00000077044","hurdle",0,-0.7913339,1.4645162,2.2558501,0.757
"249","ENSG00000140945","hurdle",0,2.325839,3.819065,1.493226,0.755
"235","ENSG00000137968","hurdle",0,2.405878,3.532097,1.126219,0.755
"537","ENSG00000185551","hurdle",0,-2.517028,1.132595,3.649623,0.754
"499","ENSG00000180875","hurdle",0,-1.075105,1.545525,2.62063,0.753
"469","ENSG00000173482","hurdle",0,0.9383949,3.13866,2.2002651,0.753
"159","ENSG00000118922","hurdle",0,1.654009,3.00559,1.351581,0.753
"522","ENSG00000183783","hurdle",0,1.872957,3.7404,1.867443,0.752
"386","ENSG00000164116","hurdle",0,-0.04823008,2.29672441,2.34495449,0.751
"233","ENSG00000137766","hurdle",0,1.635034,3.7597,2.124666,0.75
"337","ENSG00000154240","hurdle",0,1.384637,3.413505,2.028868,0.749
"299","ENSG00000148948","hurdle",0,4.205192,5.377027,1.171835,0.749
"1","ENSG00000003096","hurdle",0,-1.839274,1.127114,2.966388,0.749
"647","ENSG00000269821","hurdle",0,1.263366,2.458749,1.195383,0.748
"331","ENSG00000154127","hurdle",0,-1.150803,1.35656,2.507363,0.745
"298","ENSG00000148516","hurdle",0,2.409144,3.829446,1.420302,0.745
"462","ENSG00000172159","hurdle",0,0.1691759,1.7239111,1.5547352,0.744
"474","ENSG00000174469","hurdle",0,5.79122,6.603809,0.812589,0.743
"406","ENSG00000166147","hurdle",0,1.192649,2.583391,1.390742,0.742
"376","ENSG00000162989","hurdle",0,2.619744,3.448054,0.82831,0.741
"197","ENSG00000132170","hurdle",0,-0.8112785,1.3204778,2.1317563,0.741
"582","ENSG00000198673","hurdle",0,3.512041,4.527918,1.015877,0.74
"10","ENSG00000009694","hurdle",0,0.2366461,2.1198237,1.8831776,0.74
"479","ENSG00000175352","hurdle",0,-1.0095051,0.9409067,1.9504118,0.739
"293","ENSG00000148143","hurdle",0,-0.008385468,1.50760754,1.515993008,0.739
"611","ENSG00000231160","hurdle",0,-0.5981043,1.2882279,1.8863322,0.738
"353","ENSG00000157152","hurdle",0,2.974817,3.810227,0.83541,0.738
"515","ENSG00000182985","hurdle",0,2.673893,4.114896,1.441003,0.737
"460","ENSG00000171951","hurdle",0,0.1004129,1.788241,1.6878281,0.737
"373","ENSG00000162849","hurdle",0,0.03774694,2.3456325,2.30788556,0.737
"238","ENSG00000138639","hurdle",0,0.01061101,2.8605311,2.84992009,0.737
"180","ENSG00000127124","hurdle",0,2.282148,3.062639,0.780491,0.737
"173","ENSG00000124191","hurdle",0,-0.5505798,1.1684149,1.7189947,0.736
"275","ENSG00000145349","hurdle",0,2.4426,3.644004,1.201404,0.735
"26","ENSG00000048052","hurdle",0,3.17629,4.098126,0.921836,0.735
"429","ENSG00000169330","hurdle",0,-2.564006,0.441744,3.00575,0.734
"313","ENSG00000151572","hurdle",0,1.494933,2.935684,1.440751,0.733
"221","ENSG00000136111","hurdle",0,0.595079,1.816866,1.221787,0.733
"175","ENSG00000124749","hurdle",0,-0.8862161,1.2338945,2.1201106,0.733
"163","ENSG00000120693","hurdle",0,-1.8306544,0.8382668,2.6689212,0.732
"96","ENSG00000102466","hurdle",0,5.008144,5.644056,0.635912,0.732
"151","ENSG00000116991","hurdle",0,0.5377182,2.3742008,1.8364826,0.731
"15","ENSG00000020577","hurdle",0,0.9348903,2.0223682,1.0874779,0.731
"580","ENSG00000198300","hurdle",0,1.415641,2.432981,1.01734,0.729
"520","ENSG00000183570","hurdle",0,-0.4710464,3.0306122,3.5016586,0.729
"310","ENSG00000151322","hurdle",0,3.395547,4.580887,1.18534,0.729
"158","ENSG00000118495","hurdle",0,-0.3091491,1.2820765,1.5912256,0.729
"139","ENSG00000114374","hurdle",0,1.04132,2.234734,1.193414,0.728
"42","ENSG00000072315","hurdle",0,0.08127833,1.83041838,1.74914005,0.728
"538","ENSG00000185666","hurdle",0,2.941734,3.690253,0.748519,0.727
"458","ENSG00000171877","hurdle",0,3.243094,4.216645,0.973551,0.727
"434","ENSG00000169760","hurdle",0,4.66195,5.427249,0.765299,0.727
"301","ENSG00000149972","hurdle",0,3.576204,4.46036,0.884155999999999,0.727
"193","ENSG00000130226","hurdle",0,3.813509,4.787066,0.973557,0.727
"140","ENSG00000114423","hurdle",0,0.1739745,1.6595937,1.4856192,0.726
"119","ENSG00000109790","hurdle",0,0.2923275,1.6700775,1.37775,0.726
"597","ENSG00000204442","hurdle",0,5.41938,6.04336,0.62398,0.725
"199","ENSG00000132932","hurdle",0,3.412874,4.022544,0.60967,0.725
"64","ENSG00000088970","hurdle",0,0.525689,1.93619,1.410501,0.725
"639","ENSG00000253554","hurdle",0,1.10151,2.870548,1.769038,0.724
"546","ENSG00000186479","hurdle",0,1.22941,2.205554,0.976144,0.724
"438","ENSG00000170091","hurdle",0,1.212128,2.125063,0.912935,0.724
"57","ENSG00000080224","hurdle",0,2.728595,3.450512,0.721917,0.723
"523","ENSG00000183853","hurdle",0,-2.6865661,0.3724421,3.0590082,0.722
"343","ENSG00000155511","hurdle",0,2.617311,3.326532,0.709221,0.722
"278","ENSG00000145808","hurdle",0,0.7021115,2.3267096,1.6245981,0.722
"650","ENSG00000273079","hurdle",0,3.676959,4.191937,0.514978,0.721
"234","ENSG00000137942","hurdle",0,0.2319707,1.3038359,1.0718652,0.721
"591","ENSG00000198879","hurdle",0,0.7509683,1.9479955,1.1970272,0.72
"532","ENSG00000185052","hurdle",0,-0.3464154,1.9567533,2.3031687,0.72
"579","ENSG00000197584","hurdle",0,2.09656,3.341694,1.245134,0.719
"338","ENSG00000154310","hurdle",0,2.619744,3.384352,0.764608,0.719
"188","ENSG00000129244","hurdle",0,-1.444197,0.472698,1.916895,0.719
"80","ENSG00000100678","hurdle",0,0.9411957,1.823216,0.8820203,0.719
"52","ENSG00000077264","hurdle",0,2.707198,3.284873,0.577675,0.719
"222","ENSG00000136141","hurdle",0,0.6785487,1.6902942,1.0117455,0.718
"511","ENSG00000182621","hurdle",0,5.177944,5.678701,0.500757,0.717
"428","ENSG00000169306","hurdle",0,4.729359,5.613565,0.884206000000001,0.717
"324","ENSG00000152818","hurdle",0,0.8188448,2.529545,1.7107002,0.717
"322","ENSG00000152578","hurdle",0,3.538766,4.364335,0.825569,0.717
"205","ENSG00000133958","hurdle",0,3.206667,3.818021,0.611354,0.716
"122","ENSG00000110328","hurdle",0,1.81631,2.6994,0.88309,0.716
"467","ENSG00000172985","hurdle",0,1.616274,2.533783,0.917509,0.714
"550","ENSG00000187398","hurdle",0,1.395819,2.66372,1.267901,0.713
"541","ENSG00000185942","hurdle",0,0.7112473,2.7619665,2.0507192,0.713
"468","ENSG00000173406","hurdle",0,3.104669,4.121868,1.017199,0.713
"162","ENSG00000120549","hurdle",0,3.006297,4.026829,1.020532,0.713
"581","ENSG00000198597","hurdle",0,0.4666389,2.8636329,2.396994,0.712
"196","ENSG00000132164","hurdle",0,-1.1591562,0.8811518,2.040308,0.712
"90","ENSG00000101746","hurdle",0,1.999579,2.720519,0.72094,0.712
"483","ENSG00000176728","hurdle",0,1.485688,2.400783,0.915095,0.711
"217","ENSG00000135299","hurdle",0,-0.06539243,1.18777198,1.25316441,0.711
"83","ENSG00000101134","hurdle",0,0.09670133,1.50448658,1.40778525,0.711
"509","ENSG00000182263","hurdle",0,0.8223549,2.9866202,2.1642653,0.71
"8","ENSG00000006740","hurdle",0,1.933018,2.498416,0.565398,0.71
"517","ENSG00000183098","hurdle",0,2.696767,3.772863,1.076096,0.709
"358","ENSG00000157570","hurdle",0,-2.4987644,0.5197379,3.0185023,0.709
"640","ENSG00000257815","hurdle",0,1.194067,2.20973,1.015663,0.708
"433","ENSG00000169604","hurdle",0,0.2348372,1.5135554,1.2787182,0.708
"388","ENSG00000164418","hurdle",0,3.878402,4.712064,0.833662,0.708
"166","ENSG00000121440","hurdle",0,2.417612,3.328441,0.910829,0.708
"85","ENSG00000101349","hurdle",0,2.191007,2.764808,0.573801,0.708
"308","ENSG00000151025","hurdle",0,2.616051,3.341115,0.725064,0.707
"633","ENSG00000248049","hurdle",0,1.745062,2.560967,0.815905,0.706
"500","ENSG00000180998","hurdle",0,1.028223,1.90847,0.880247,0.706
"420","ENSG00000168959","hurdle",0,3.990205,4.496938,0.506733,0.706
"362","ENSG00000158560","hurdle",0,3.065571,3.569911,0.50434,0.706
"260","ENSG00000144218","hurdle",0,3.198333,3.713841,0.515508,0.706
"624","ENSG00000239268","hurdle",0,3.690154,4.286773,0.596619,0.705
"332","ENSG00000154162","hurdle",0,3.348501,4.286673,0.938172,0.705
"311","ENSG00000151490","hurdle",0,1.715716,2.558999,0.843283,0.705
"74","ENSG00000099715","hurdle",0,0.01158899,2.38567115,2.37408216,0.705
"651","ENSG00000280870","hurdle",0,-0.01859008,2.02499708,2.04358716,0.704
"78","ENSG00000100266","hurdle",0,-0.2439967,1.0451532,1.2891499,0.704
"56","ENSG00000079156","hurdle",0,2.355426,3.051989,0.696563,0.704
"55","ENSG00000078549","hurdle",0,-1.1661309,0.5588467,1.7249776,0.703
"34","ENSG00000063015","hurdle",0,-1.1991087,0.7612187,1.9603274,0.703
"608","ENSG00000227082","hurdle",0,-0.5281711,0.8920104,1.4201815,0.702
"534","ENSG00000185261","hurdle",0,1.711344,2.480308,0.768964,0.702
"403","ENSG00000166006","hurdle",0,2.666411,3.811434,1.145023,0.702
"396","ENSG00000165185","hurdle",0,0.7936836,2.4928915,1.6992079,0.702
"372","ENSG00000162437","hurdle",0,-0.316692,1.301616,1.618308,0.702
"105","ENSG00000106278","hurdle",0,1.05957,2.169989,1.110419,0.702
"47","ENSG00000073910","hurdle",0,2.518988,3.19883,0.679842,0.702
"530","ENSG00000184903","hurdle",0,2.682011,3.420243,0.738232,0.701
"259","ENSG00000143924","hurdle",0,0.2883501,1.6073703,1.3190202,0.7
"397","ENSG00000165246","hurdle",0,1.282991,2.097457,0.814466,0.699
"264","ENSG00000144339","hurdle",0,2.86648,3.628709,0.762229,0.699
"417","ENSG00000168843","hurdle",0,1.564396,2.82668,1.262284,0.698
"456","ENSG00000171714","hurdle",0,1.450933,2.823443,1.37251,0.697
"364","ENSG00000159164","hurdle",0,0.9714731,1.8533282,0.8818551,0.697
"494","ENSG00000179104","hurdle",0,2.261325,3.861261,1.599936,0.696
"172","ENSG00000124140","hurdle",0,0.9011908,1.8235107,0.9223199,0.696
"53","ENSG00000078053","hurdle",0,2.024602,2.586867,0.562265,0.696
"577","ENSG00000197321","hurdle",0,-0.9261329,0.8017909,1.7279238,0.695
"573","ENSG00000196482","hurdle",0,2.287562,2.988707,0.701145,0.695
"300","ENSG00000149289","hurdle",0,-0.6013322,0.8185189,1.4198511,0.695
"167","ENSG00000122012","hurdle",0,-1.178454,1.22109,2.399544,0.695
"519","ENSG00000183379","hurdle",0,-3.09908158,0.04146555,3.14054713,0.694
"453","ENSG00000171451","hurdle",0,-1.1655603,0.7452872,1.9108475,0.693
"261","ENSG00000144227","hurdle",0,-2.001272,1.006938,3.00821,0.693
"484","ENSG00000176884","hurdle",0,1.773842,2.395491,0.621649,0.692
"381","ENSG00000163710","hurdle",0,-2.674541,0.461381,3.135922,0.692
"516","ENSG00000183023","hurdle",0,4.127933,4.905033,0.777100000000001,0.691
"204","ENSG00000133687","hurdle",0,1.278149,1.958599,0.68045,0.691
"40","ENSG00000071242","hurdle",0,2.103405,3.268016,1.164611,0.691
"535","ENSG00000185477","hurdle",0,-1.064827,0.3587832,1.4236102,0.69
"267","ENSG00000144451","hurdle",0,1.647681,2.374,0.726319,0.69
"242","ENSG00000139767","hurdle",0,2.518838,3.020382,0.501544,0.689
"91","ENSG00000101871","hurdle",0,-0.984317,0.7772045,1.7615215,0.689
"229","ENSG00000137478","hurdle",0,1.47756,2.216506,0.738946,0.688
"610","ENSG00000229989","hurdle",0,1.156311,2.197249,1.040938,0.687
"48","ENSG00000075223","hurdle",0,-0.6987438,2.4109179,3.1096617,0.687
"82","ENSG00000101004","hurdle",0,-1.4488758,0.1463644,1.5952402,0.686
"69","ENSG00000095015","hurdle",0,-1.1354957,0.3757614,1.5112571,0.686
"274","ENSG00000145147","hurdle",0,1.946864,3.201695,1.254831,0.685
"622","ENSG00000237036","hurdle",0,-1.1298494,0.7849423,1.9147917,0.684
"524","ENSG00000183878","hurdle",0,0.7304017,1.7093548,0.9789531,0.684
"219","ENSG00000135905","hurdle",0,1.156696,1.985184,0.828488,0.684
"206","ENSG00000134115","hurdle",0,0.2807025,1.2923321,1.0116296,0.684
"464","ENSG00000172461","hurdle",0,2.827313,3.635617,0.808304,0.683
"266","ENSG00000144366","hurdle",0,1.569075,3.163504,1.594429,0.682
"19","ENSG00000033867","hurdle",0,0.05556829,1.15565702,1.10008873,0.682
"316","ENSG00000151883","hurdle",0,1.742433,2.378945,0.636512,0.681
"645","ENSG00000262655","hurdle",0,-0.543334,1.322564,1.865898,0.68
"448","ENSG00000171016","hurdle",0,-2.3305374,-0.3379698,1.9925676,0.68
"435","ENSG00000169851","hurdle",0,3.701102,4.285972,0.58487,0.68
"408","ENSG00000166444","hurdle",0,0.1304053,1.1496175,1.0192122,0.68
"305","ENSG00000150394","hurdle",0,2.446408,3.231938,0.78553,0.68
"244","ENSG00000139946","hurdle",0,-0.4478781,1.1528456,1.6007237,0.68
"72","ENSG00000099204","hurdle",0,2.307377,2.829709,0.522332,0.68
"437","ENSG00000169946","hurdle",0,2.763406,4.355116,1.59171,0.679
"476","ENSG00000174482","hurdle",0,4.020132,4.602877,0.582745,0.678
"87","ENSG00000101493","hurdle",0,-0.7354298,0.4400154,1.1754452,0.678
"44","ENSG00000072858","hurdle",0,1.104839,1.604844,0.500005,0.678
"363","ENSG00000158966","hurdle",0,0.09470802,2.32564378,2.23093576,0.677
"214","ENSG00000134533","hurdle",0,-0.5344658,1.0500092,1.584475,0.677
"113","ENSG00000107742","hurdle",0,0.6609423,1.443389,0.7824467,0.677
"584","ENSG00000198739","hurdle",0,3.008357,3.564104,0.555747,0.676
"39","ENSG00000070882","hurdle",0,1.301385,2.138656,0.837271,0.676
"620","ENSG00000236404","hurdle",0,0.5527939,1.5985729,1.045779,0.675
"455","ENSG00000171587","hurdle",0,4.488417,5.357065,0.868648,0.675
"613","ENSG00000231764","hurdle",0,-2.751022,1.806431,4.557453,0.674
"383","ENSG00000163888","hurdle",0,-1.3937885,0.1162532,1.5100417,0.674
"336","ENSG00000154229","hurdle",0,2.594642,3.257381,0.662739,0.674
"66","ENSG00000091436","hurdle",0,-1.5128484,0.5840236,2.096872,0.674
"641","ENSG00000259234","hurdle",0,0.9298594,1.8882931,0.9584337,0.673
"441","ENSG00000170396","hurdle",0,1.176551,3.090821,1.91427,0.673
"648","ENSG00000271860","hurdle",0,2.181437,4.083614,1.902177,0.672
"557","ENSG00000188517","hurdle",0,0.09940426,1.50792843,1.40852417,0.672
"554","ENSG00000188042","hurdle",0,-0.3246727,1.0141849,1.3388576,0.672
"508","ENSG00000182168","hurdle",0,3.081808,3.80656,0.724752,0.672
"416","ENSG00000168769","hurdle",0,0.1249055,1.067842,0.9429365,0.672
"307","ENSG00000150907","hurdle",0,-0.5450029,1.3216778,1.8666807,0.672
"101","ENSG00000105409","hurdle",0,0.9651198,1.630122,0.6650022,0.672
"232","ENSG00000137710","hurdle",0,0.576609,1.419123,0.842514,0.671
"164","ENSG00000120907","hurdle",0,-1.144393,1.03106,2.175453,0.671
"248","ENSG00000140859","hurdle",0,-0.9088988,0.7002652,1.609164,0.67
"67","ENSG00000091656","hurdle",0,-0.3974689,1.683979,2.0814479,0.67
"174","ENSG00000124225","hurdle",0,-0.341251,1.012312,1.353563,0.669
"440","ENSG00000170381","hurdle",0,0.07983521,1.74898801,1.6691528,0.668
"400","ENSG00000165626","hurdle",0,-1.634903,0.1634592,1.7983622,0.668
"350","ENSG00000156299","hurdle",0,1.146708,2.627473,1.480765,0.668
"155","ENSG00000118257","hurdle",0,-1.0121316,0.5993346,1.6114662,0.668
"617","ENSG00000233639","hurdle",0,0.6144166,1.4236983,0.8092817,0.667
"463","ENSG00000172380","hurdle",0,-2.15447788,-0.01484592,2.13963196,0.667
"187","ENSG00000129116","hurdle",0,-0.1929176,0.8672838,1.0602014,0.667
"95","ENSG00000102290","hurdle",0,1.24023,2.290876,1.050646,0.667
"292","ENSG00000148123","hurdle",0,-0.2748198,0.9497075,1.2245273,0.666
"273","ENSG00000145012","hurdle",0,1.571633,2.206797,0.635164,0.666
"240","ENSG00000138795","hurdle",0,-1.5536096,0.2709753,1.8245849,0.666
"218","ENSG00000135549","hurdle",0,-2.06888955,-0.05667113,2.01221842,0.666
"402","ENSG00000165973","hurdle",0,2.66377,4.041802,1.378032,0.665
"302","ENSG00000150093","hurdle",0,-0.2109454,0.8861682,1.0971136,0.665
"213","ENSG00000134480","hurdle",0,1.52623,2.401943,0.875713,0.665
"50","ENSG00000076641","hurdle",0,0.4808325,1.690173,1.2093405,0.665
"497","ENSG00000179796","hurdle",0,-0.5868872,0.7669757,1.3538629,0.664
"466","ENSG00000172671","hurdle",0,-2.1185537,-0.3852002,1.7333535,0.664
"492","ENSG00000178573","hurdle",0,-2.190884,0.05030508,2.24118908,0.663
"182","ENSG00000127328","hurdle",0,-0.5656048,1.1882297,1.7538345,0.663
"646","ENSG00000266028","hurdle",0,0.7567373,1.3172903,0.560553,0.662
"375","ENSG00000162946","hurdle",0,-0.4662072,1.2379901,1.7041973,0.662
"169","ENSG00000122584","hurdle",0,0.3198156,3.83988,3.5200644,0.662
"41","ENSG00000072182","hurdle",0,-2.9163797,-0.4315659,2.4848138,0.662
"410","ENSG00000167081","hurdle",0,-0.3831766,1.6320159,2.0151925,0.661
"552","ENSG00000187720","hurdle",0,-0.359408,1.275845,1.635253,0.66
"114","ENSG00000108669","hurdle",0,0.2948694,1.0819511,0.7870817,0.659
"77","ENSG00000100154","hurdle",0,1.850309,2.515068,0.664759,0.659
"656","ENSG00000287564","hurdle",0,-1.7878718,0.5983878,2.3862596,0.658
"587","ENSG00000198838","hurdle",0,1.622338,2.79066,1.168322,0.658
"27","ENSG00000049192","hurdle",0,-1.6802353,0.7416276,2.4218629,0.658
"589","ENSG00000198846","hurdle",0,2.315549,3.226475,0.910926,0.657
"544","ENSG00000186153","hurdle",0,2.948948,3.511921,0.562973,0.657
"190","ENSG00000129595","hurdle",0,-0.5693738,0.9247227,1.4940965,0.657
"366","ENSG00000160191","hurdle",0,-1.56212718,0.02156899,1.58369617,0.656
"399","ENSG00000165443","hurdle",0,1.398644,2.087523,0.688879,0.655
"216","ENSG00000135205","hurdle",0,-0.09710794,1.33945629,1.43656423,0.655
"142","ENSG00000115183","hurdle",0,-0.7207376,0.6693686,1.3901062,0.654
"111","ENSG00000107242","hurdle",0,0.4990103,1.6873424,1.1883321,0.654
"536","ENSG00000185532","hurdle",0,2.57884,3.259506,0.680666,0.653
"385","ENSG00000164099","hurdle",0,-1.2010077,0.3728449,1.5738526,0.653
"137","ENSG00000113319","hurdle",0,2.097036,2.688805,0.591769,0.653
"88","ENSG00000101577","hurdle",0,-0.03882647,0.86370636,0.90253283,0.653
"377","ENSG00000163110","hurdle",0,-0.9020505,0.9526741,1.8547246,0.652
"194","ENSG00000130413","hurdle",0,-0.7273016,0.7634475,1.4907491,0.652
"58","ENSG00000081026","hurdle",0,1.943561,2.654847,0.711286,0.652
"398","ENSG00000165322","hurdle",0,0.1395252,0.9025788,0.7630536,0.651
"231","ENSG00000137672","hurdle",0,-0.9771021,0.21749,1.1945921,0.651
"126","ENSG00000111879","hurdle",0,0.6653791,1.2817549,0.6163758,0.651
"258","ENSG00000143919","hurdle",0,0.8715935,1.697587,0.8259935,0.649
"160","ENSG00000118946","hurdle",0,0.6317759,1.6533081,1.0215322,0.649
"491","ENSG00000178568","hurdle",0,2.088218,5.803366,3.715148,0.648
"103","ENSG00000106025","hurdle",0,-2.887627,-0.1412667,2.7463603,0.648
"574","ENSG00000196526","hurdle",0,-0.2650832,1.0442685,1.3093517,0.647
"339","ENSG00000154529","hurdle",0,-0.7703592,0.9686825,1.7390417,0.647
"211","ENSG00000134352","hurdle",0,-0.0449794,0.8348359,0.8798153,0.647
"612","ENSG00000231185","hurdle",0,1.177914,1.769475,0.591561,0.646
"488","ENSG00000178177","hurdle",0,0.5253577,1.2405854,0.7152277,0.645
"426","ENSG00000169213","hurdle",0,-1.6454069,0.3802754,2.0256823,0.645
"200","ENSG00000132970","hurdle",0,0.2797077,1.1075859,0.8278782,0.644
"623","ENSG00000237877","hurdle",0,1.466363,2.007531,0.541168,0.643
"540","ENSG00000185842","hurdle",0,0.8016211,1.4177578,0.6161367,0.643
"560","ENSG00000188730","hurdle",0,0.3955535,2.1120045,1.716451,0.642
"124","ENSG00000110881","hurdle",0,-1.6401453,-0.2811055,1.3590398,0.642
"521","ENSG00000183621","hurdle",0,0.4535817,1.0832437,0.629662,0.641
"452","ENSG00000171444","hurdle",0,-0.1708472,0.9631432,1.1339904,0.641
"421","ENSG00000168993","hurdle",0,0.6846338,1.4358438,0.75121,0.641
"289","ENSG00000147251","hurdle",0,-1.9702968,0.5288923,2.4991891,0.64
"21","ENSG00000039560","hurdle",0,-1.6303683,0.1062362,1.7366045,0.64
"236","ENSG00000138193","hurdle",0,-1.5337753,0.3478646,1.8816399,0.639
"599","ENSG00000204767","hurdle",0,-0.6425752,0.5356528,1.178228,0.638
"286","ENSG00000147027","hurdle",0,-1.815133,-0.3789145,1.4362185,0.638
"28","ENSG00000049246","hurdle",0,0.6173209,1.2263369,0.609016,0.638
"603","ENSG00000213626","hurdle",0,-1.7353769,-0.2619085,1.4734684,0.637
"319","ENSG00000152208","hurdle",0,3.424279,4.096328,0.672049,0.637
"296","ENSG00000148429","hurdle",0,-0.5130752,0.5157316,1.0288068,0.637
"189","ENSG00000129422","hurdle",0,0.1932053,0.9307532,0.7375479,0.637
"424","ENSG00000169181","hurdle",0,-0.2391105,0.6417282,0.8808387,0.636
"528","ENSG00000184588","hurdle",0,3.489254,4.246827,0.757573,0.635
"241","ENSG00000139132","hurdle",0,0.2857967,0.9256151,0.6398184,0.635
"328","ENSG00000153162","hurdle",0,-2.2931283,-0.3176814,1.9754469,0.633
"629","ENSG00000242808","hurdle",0,1.466466,2.792072,1.325606,0.632
"507","ENSG00000182132","hurdle",0,-0.4426837,1.7571868,2.1998705,0.632
"152","ENSG00000117461","hurdle",0,-0.1946994,0.4321142,0.6268136,0.632
"60","ENSG00000082293","hurdle",0,0.3524533,0.989251,0.6367977,0.632
"59","ENSG00000081138","hurdle",0,-0.4031752,0.7078671,1.1110423,0.632
"237","ENSG00000138604","hurdle",0,0.5973082,1.244442,0.6471338,0.631
"618","ENSG00000235597","hurdle",0,-0.7430186,0.3134507,1.0564693,0.63
"120","ENSG00000109819","hurdle",0,0.2078956,1.2621053,1.0542097,0.63
"387","ENSG00000164292","hurdle",0,-0.05991402,0.79421832,0.85413234,0.629
"226","ENSG00000137269","hurdle",0,-0.9188419,0.2928483,1.2116902,0.629
"459","ENSG00000171943","hurdle",0,-0.2855522,0.3765649,0.6621171,0.627
"45","ENSG00000073417","hurdle",0,1.423959,1.961146,0.537187,0.627
"184","ENSG00000128573","hurdle",0,1.930235,3.198858,1.268623,0.626
"588","ENSG00000198840","hurdle",0,1.210426,2.519758,1.309332,0.624
"360","ENSG00000158201","hurdle",0,-0.9155399,0.0457658,0.9613057,0.623
"207","ENSG00000134138","hurdle",0,1.273895,3.295096,2.021201,0.623
"33","ENSG00000057704","hurdle",0,-1.6032628,-0.1689916,1.4342712,0.623
"529","ENSG00000184719","hurdle",0,0.4217537,0.9441625,0.5224088,0.622
"102","ENSG00000105568","hurdle",0,0.2167863,0.7947444,0.5779581,0.622
"86","ENSG00000101384","hurdle",0,-1.9346151,-0.5335437,1.4010714,0.622
"607","ENSG00000226688","hurdle",0,0.5608766,1.1250838,0.5642072,0.621
"571","ENSG00000196218","hurdle",0,-1.360428,-0.1726603,1.1877677,0.621
"110","ENSG00000107105","hurdle",0,1.44367,2.062462,0.618792,0.62
"393","ENSG00000165029","hurdle",0,-1.5554773,-0.2839596,1.2715177,0.619
"312","ENSG00000151491","hurdle",0,-0.5974308,0.2340995,0.8315303,0.619
"284","ENSG00000146648","hurdle",0,-1.0450122,0.8534977,1.8985099,0.619
"514","ENSG00000182957","hurdle",0,-0.5920056,0.4772,1.0692056,0.618
"444","ENSG00000170743","hurdle",0,-0.3253497,0.8773957,1.2027454,0.618
"133","ENSG00000112425","hurdle",0,-0.02915932,0.6955238,0.72468312,0.618
"551","ENSG00000187676","hurdle",0,0.1443657,0.8727046,0.7283389,0.617
"471","ENSG00000173757","hurdle",0,-0.2729748,0.4736371,0.7466119,0.617
"304","ENSG00000150361","hurdle",0,-0.8527608,0.7020292,1.55479,0.617
"208","ENSG00000134146","hurdle",0,0.3416559,1.0029757,0.6613198,0.617
"594","ENSG00000203867","hurdle",0,-0.9708575,-0.1217034,0.8491541,0.616
"572","ENSG00000196369","hurdle",0,-0.3094642,0.2657802,0.5752444,0.616
"425","ENSG00000169184","hurdle",0,-2.2120865,-0.7262508,1.4858357,0.616
"215","ENSG00000134871","hurdle",0,-0.7398297,0.2451406,0.9849703,0.616
"183","ENSG00000128512","hurdle",2.42139603990874e-309,3.176916,3.732684,0.555768,0.616
"3","ENSG00000004848","hurdle",0,-3.0154697,-0.5820909,2.4333788,0.616
"287","ENSG00000147041","hurdle",0,-2.8698561,-0.3608894,2.5089667,0.615
"106","ENSG00000106714","hurdle",0,-1.2581088,0.2859149,1.5440237,0.615
"575","ENSG00000196782","hurdle",0,0.6594738,1.4536582,0.7941844,0.614
"568","ENSG00000196132","hurdle",0,-1.8093273,-0.7377262,1.0716011,0.614
"454","ENSG00000171488","hurdle",0,-0.1243291,0.5003317,0.6246608,0.614
"116","ENSG00000109323","hurdle",0,-0.1433395,0.4991331,0.6424726,0.613
"43","ENSG00000072415","hurdle",0,-0.2800988,0.4461522,0.726251,0.613
"442","ENSG00000170419","hurdle",0,-0.4142747,0.2217442,0.6360189,0.612
"329","ENSG00000153721","hurdle",0,-0.4680529,0.8570286,1.3250815,0.61
"14","ENSG00000019991","hurdle",0,-2.7656492,-0.7206545,2.0449947,0.61
"165","ENSG00000121310","hurdle",0,-0.5036691,0.198871,0.7025401,0.609
"148","ENSG00000116497","hurdle",0,-0.80099478,-0.08266462,0.71833016,0.608
"496","ENSG00000179715","hurdle",0,-0.01219573,0.75829312,0.77048885,0.607
"129","ENSG00000112144","hurdle",0,-1.2206555,-0.2762033,0.9444522,0.607
"543","ENSG00000186047","hurdle",0,-0.3447592,0.3201489,0.6649081,0.606
"404","ENSG00000166025","hurdle",0,-0.8882153,0.1753984,1.0636137,0.606
"285","ENSG00000146966","hurdle",0,-0.68446979,0.03905688,0.72352667,0.606
"209","ENSG00000134207","hurdle",0,-2.4953544,-0.8689459,1.6264085,0.606
"46","ENSG00000073712","hurdle",0,-0.639749,0.248656,0.888405,0.606
"374","ENSG00000162909","hurdle",0,-0.9716054,-0.2097186,0.7618868,0.605
"583","ENSG00000198712","hurdle",5.48532713791532e-257,2.917655,3.433974,0.516319,0.604
"547","ENSG00000186522","hurdle",0,-2.0171416,-0.7974199,1.2197217,0.604
"405","ENSG00000166128","hurdle",0,-0.5214018,0.1518897,0.6732915,0.604
"30","ENSG00000056487","hurdle",0,-1.598345,-0.6679239,0.9304211,0.604
"635","ENSG00000250220","hurdle",0,-0.3830522,0.2392994,0.6223516,0.603
"615","ENSG00000232656","hurdle",0,-2.290793,-0.8871544,1.4036386,0.602
"212","ENSG00000134376","hurdle",1.04753547223647e-316,-0.1017059,0.5099759,0.6116818,0.602
"561","ENSG00000188803","hurdle",0,-0.01878332,1.33470917,1.35349249,0.601
"370","ENSG00000162174","hurdle",0,-0.9842541,-0.2655082,0.7187459,0.601
"341","ENSG00000154975","hurdle",0,2.911364,3.633707,0.722343,0.601
"265","ENSG00000144355","hurdle",0,-3.116071,-1.050083,2.065988,0.601
"161","ENSG00000120162","hurdle",1.304305308302e-268,1.099775,1.610704,0.510929,0.601
"108","ENSG00000106852","hurdle",0,-3.0164984,-0.4386157,2.5778827,0.601
"630","ENSG00000244128","hurdle",8.322292617017e-307,0.8271831,1.4936486,0.6664655,0.6
"431","ENSG00000169432","hurdle",0,-0.4470544,0.5121712,0.9592256,0.6
"365","ENSG00000159788","hurdle",0,0.4527225,1.4510381,0.9983156,0.6
"112","ENSG00000107338","hurdle",0,-1.1238094,-0.3530425,0.7707669,0.6
"654","ENSG00000287149","hurdle",0,-0.9063344,0.3542014,1.2605358,0.599
"430","ENSG00000169372","hurdle",4.32328822499575e-271,0.737722,1.253,0.515278,0.599
"390","ENSG00000164574","hurdle",0,-0.783761,0.2567526,1.0405136,0.599
"414","ENSG00000168243","hurdle",0,-1.79977671,-0.08211253,1.71766418,0.598
"257","ENSG00000143858","hurdle",0,-1.2708636,-0.2083624,1.0625012,0.598
"247","ENSG00000140807","hurdle",0,-1.8609366,-0.5899182,1.2710184,0.598
"117","ENSG00000109452","hurdle",1.42716748291656e-262,2.275846,2.828737,0.552891,0.598
"590","ENSG00000198873","hurdle",0,-0.4087776,0.183112,0.5918896,0.597
"559","ENSG00000188647","hurdle",2.21168056137579e-293,-0.63189471,0.09187453,0.72376924,0.597
"367","ENSG00000160293","hurdle",0,-1.4747085,-0.1915914,1.2831171,0.597
"320","ENSG00000152492","hurdle",3.83985578248119e-311,-0.53267108,0.004256489,0.536927569,0.597
"432","ENSG00000169439","hurdle",0,-1.4773617,-0.5094053,0.9679564,0.596
"354","ENSG00000157193","hurdle",0,-0.2358498,0.8916592,1.127509,0.596
"73","ENSG00000099385","hurdle",0,-1.6531853,-0.7114465,0.9417388,0.596
"413","ENSG00000167766","hurdle",1.31086606527866e-276,-0.60041613,0.06757453,0.66799066,0.595
"201","ENSG00000133107","hurdle",0,-1.377177,0.4909936,1.8681706,0.595
"378","ENSG00000163377","hurdle",0,-1.9647018,-0.03754572,1.92715608,0.594
"225","ENSG00000137252","hurdle",0,-1.9556714,-0.3570441,1.5986273,0.593
"127","ENSG00000111962","hurdle",2.80926407349153e-253,0.5646861,1.0723124,0.5076263,0.593
"36","ENSG00000067177","hurdle",0,-2.302665,-1.100626,1.202039,0.593
"595","ENSG00000204103","hurdle",0,-3.0036925,-0.9542721,2.0494204,0.592
"176","ENSG00000124782","hurdle",0,-2.0562733,-0.6494031,1.4068702,0.592
"118","ENSG00000109787","hurdle",1.12103495041379e-320,-1.2757817,-0.4524628,0.8233189,0.592
"93","ENSG00000101958","hurdle",0,-1.62673125,-0.04237048,1.58436077,0.592
"24","ENSG00000047230","hurdle",0,-1.5595947,-0.6942592,0.8653355,0.592
"461","ENSG00000172137","hurdle",0,-2.5855985,-0.7129415,1.872657,0.591
"457","ENSG00000171724","hurdle",0,-0.8987274,-0.135957,0.7627704,0.591
"223","ENSG00000136546","hurdle",0,-2.0309771,-0.5873697,1.4436074,0.591
"256","ENSG00000143514","hurdle",0,-1.8124505,-0.6785256,1.1339249,0.59
"605","ENSG00000224243","hurdle",0,-2.4980458,-0.4966579,2.0013879,0.589
"412","ENSG00000167306","hurdle",0,-2.5406956,0.6803921,3.2210877,0.589
"652","ENSG00000283982","hurdle",1.43786258924713e-275,0.08079745,0.92451667,0.84371922,0.588
"317","ENSG00000151892","hurdle",0,-1.4168614,-0.6778998,0.7389616,0.588
"23","ENSG00000044459","hurdle",1.5597420255368e-273,-0.74653469,-0.04062634,0.70590835,0.588
"17","ENSG00000026297","hurdle",1.43285309991657e-299,-0.99099937,-0.04371356,0.94728581,0.588
"512","ENSG00000182628","hurdle",2.956671499786e-289,-1.3591226,-0.6313189,0.7278037,0.587
"297","ENSG00000148498","hurdle",2.81149901002657e-265,0.3920691,1.1219127,0.7298436,0.587
"255","ENSG00000143507","hurdle",0,-2.2839644,-0.8509643,1.4330001,0.587
"445","ENSG00000170745","hurdle",0,-2.7602543,-0.2097186,2.5505357,0.586
"146","ENSG00000115963","hurdle",0,-2.710505,-1.053326,1.657179,0.586
"145","ENSG00000115896","hurdle",6.54645291778416e-270,2.845288,3.509485,0.664197,0.586
"627","ENSG00000241684","hurdle",0,0.01942043,1.69726547,1.67784504,0.585
"369","ENSG00000160789","hurdle",1.60010131109122e-290,-1.4931154,-0.7338187,0.7592967,0.584
"70","ENSG00000095397","hurdle",6.82402220695075e-303,-1.3043124,-0.4256005,0.8787119,0.584
"596","ENSG00000204131","hurdle",0,-1.4991238,-0.8304198,0.668704,0.582
"495","ENSG00000179455","hurdle",0,-1.6165569,-0.6791517,0.9374052,0.582
"327","ENSG00000152990","hurdle",1.76867751353327e-266,-0.913742,-0.3872448,0.5264972,0.582
"49","ENSG00000075461","hurdle",0,-1.897424,-0.7731561,1.1242679,0.582
"411","ENSG00000167291","hurdle",2.79728156807312e-287,-1.6295812,-0.8720443,0.7575369,0.581
"556","ENSG00000188313","hurdle",8.93703526716402e-311,-1.7314656,-0.9250181,0.8064475,0.58
"527","ENSG00000184545","hurdle",3.33402543219758e-224,-0.8895104,-0.3724872,0.5170232,0.58
"481","ENSG00000175600","hurdle",7.65044259587322e-257,-0.9056791,-0.1609532,0.7447259,0.58
"480","ENSG00000175556","hurdle",0,-2.749952,-1.415533,1.334419,0.58
"548","ENSG00000187098","hurdle",0,-1.011042,0.2895457,1.3005877,0.579
"144","ENSG00000115353","hurdle",0,-2.0707582,-0.1217034,1.9490548,0.578
"138","ENSG00000113532","hurdle",6.06904790238613e-310,-1.15624819,0.05294641,1.2091946,0.578
"123","ENSG00000110693","hurdle",0,0.3892561,2.6169073,2.2276512,0.578
"384","ENSG00000164039","hurdle",0,-2.704276,-1.423204,1.281072,0.577
"7","ENSG00000006128","hurdle",0,-2.6678586,0.2127734,2.880632,0.577
"634","ENSG00000250159","hurdle",1.23578702865134e-209,-0.7605775,-0.2361916,0.5243859,0.576
"586","ENSG00000198830","hurdle",1.96051015970089e-218,-1.2877627,-0.6384036,0.6493591,0.576
"181","ENSG00000127152","hurdle",6.1287849521458e-280,-0.3130933,0.7494805,1.0625738,0.576
"31","ENSG00000057294","hurdle",0,-2.8635951,-0.5200213,2.3435738,0.576
"628","ENSG00000242265","hurdle",7.17354923145216e-179,-0.47197205,0.09931665,0.5712887,0.575
"632","ENSG00000245213","hurdle",3.48119568532269e-312,-1.9374131,-0.9616157,0.9757974,0.574
"321","ENSG00000152527","hurdle",0,-1.249844,0.200687,1.450531,0.574
"71","ENSG00000095713","hurdle",7.17500542112461e-231,-0.7709016,0.1844892,0.9553908,0.574
"506","ENSG00000182118","hurdle",0,-2.882929,-1.582345,1.300584,0.573
"473","ENSG00000174453","hurdle",1.76912023956985e-230,-0.04258711,0.57949441,0.62208152,0.573
"347","ENSG00000156049","hurdle",5.47125595928042e-250,-1.1485455,-0.2744678,0.8740777,0.573
"192","ENSG00000130202","hurdle",0,-2.562503,-1.511132,1.051371,0.573
"542","ENSG00000185985","hurdle",1.69420234620015e-222,-1.3877031,-0.6268833,0.7608198,0.572
"600","ENSG00000205696","hurdle",0,-3.09283,-1.154163,1.938667,0.571
"395","ENSG00000165084","hurdle",1.6723141151156e-283,0.4065321,1.6967026,1.2901705,0.571
"245","ENSG00000140025","hurdle",8.31322506553207e-178,-0.54393642,-0.03647574,0.50746068,0.571
"9","ENSG00000008405","hurdle",1.92748127003214e-192,-0.9968878,-0.3325425,0.6643453,0.571
"636","ENSG00000250802","hurdle",6.31803781228783e-198,-1.226595,-0.6367812,0.5898138,0.57
"391","ENSG00000164946","hurdle",2.13106409488527e-274,-1.2631361,0.1758601,1.4389962,0.57
"295","ENSG00000148411","hurdle",4.88714640820289e-252,-1.4948167,-0.5640551,0.9307616,0.57
"65","ENSG00000089250","hurdle",0,-1.88986384,0.02105519,1.91091903,0.57
"477","ENSG00000175130","hurdle",3.75338898159472e-183,-1.1161397,-0.5989723,0.5171674,0.569
"407","ENSG00000166387","hurdle",1.6337570116676e-216,-1.4521776,-0.6806136,0.771564,0.569
"334","ENSG00000154188","hurdle",0,-2.1940809,-0.6051062,1.5889747,0.569
"171","ENSG00000123094","hurdle",7.18920604698504e-186,-0.5578153,0.2400722,0.7978875,0.569
"609","ENSG00000227579","hurdle",0,-2.85000753,-0.09041607,2.75959146,0.568
"493","ENSG00000178695","hurdle",1.79136037819836e-271,-1.836433,-0.913186,0.923247,0.568
"325","ENSG00000152910","hurdle",1.84062328294821e-125,1.45979,2.022946,0.563156,0.568
"81","ENSG00000100884","hurdle",2.94046699866518e-223,-1.668869,-1.016203,0.652666,0.568
"606","ENSG00000225968","hurdle",0,-2.977165,-1.301252,1.675913,0.567
"504","ENSG00000181381","hurdle",0,-2.529455,-1.466858,1.062597,0.567
"451","ENSG00000171365","hurdle",1.36588014953014e-207,-1.6194845,-0.9598397,0.6596448,0.566
"355","ENSG00000157306","hurdle",2.39546426906691e-165,-1.142076,-0.5619366,0.5801394,0.566
"32","ENSG00000057657","hurdle",0,-2.6692735,-0.6915198,1.9777537,0.566
"564","ENSG00000189060","hurdle",1.08500589204638e-184,-1.4175406,-0.8285665,0.5889741,0.565
"486","ENSG00000177425","hurdle",0,-2.3592857,-0.4352628,1.9240229,0.565
"340","ENSG00000154783","hurdle",0,-2.423327,-1.369672,1.053655,0.565
"616","ENSG00000233237","hurdle",1.00668918546071e-154,-0.69864065,-0.06088033,0.63776032,0.564
"128","ENSG00000112139","hurdle",3.1409185572486e-298,-2.180326,-1.285913,0.894413,0.564
"38","ENSG00000069702","hurdle",1.30046613453348e-232,-1.778244,-0.902912,0.875332,0.564
"490","ENSG00000178538","hurdle",1.4953125703189e-238,-1.6544858,-0.4163504,1.2381354,0.562
"246","ENSG00000140470","hurdle",0,-0.3545627,1.6623968,2.0169595,0.562
"147","ENSG00000116478","hurdle",4.5094706006248e-303,-2.48002,-1.596073,0.883947,0.562
"107","ENSG00000106799","hurdle",3.44723178661746e-171,-1.2933621,-0.7749395,0.5184226,0.562
"482","ENSG00000176105","hurdle",2.53930814580815e-271,-2.150238,-1.378457,0.771781,0.561
"62","ENSG00000087253","hurdle",1.04498445723115e-222,-1.788091,-1.10707,0.681021,0.561
"252","ENSG00000143127","hurdle",0,-2.642029,-1.677962,0.964067,0.56
"621","ENSG00000236819","hurdle",1.45005531829422e-312,-2.538662,-1.550684,0.987978,0.559
"203","ENSG00000133639","hurdle",1.05253996029079e-157,-1.5000227,-0.8618211,0.6382016,0.559
"121","ENSG00000109861","hurdle",1.45902542692505e-300,-2.508319,-1.568359,0.93996,0.559
"262","ENSG00000144229","hurdle",0,-1.6384617,0.9527414,2.5912031,0.558
"382","ENSG00000163873","hurdle",2.25766446720798e-257,0.2220563,1.2672053,1.045149,0.557
"179","ENSG00000126368","hurdle",2.79025906483718e-144,-1.464144,-0.876824,0.58732,0.557
"109","ENSG00000106948","hurdle",1.82177335033974e-209,-2.20474,-1.415881,0.788859,0.555
"12","ENSG00000011465","hurdle",4.86840778190116e-310,-2.338555,-1.31708,1.021475,0.555
"489","ENSG00000178252","hurdle",3.81895408035767e-130,-1.627222,-1.096438,0.530784,0.554
"642","ENSG00000259417","hurdle",2.14395340421996e-318,-2.28319,-0.678317,1.604873,0.553
"578","ENSG00000197558","hurdle",2.08853049266961e-278,-2.67881,-1.814811,0.863999,0.553
"470","ENSG00000173511","hurdle",5.61169037518749e-182,-1.822985,-1.083673,0.739312,0.553
"566","ENSG00000189350","hurdle",5.02866472973457e-155,-1.7209472,-0.9250181,0.7959291,0.552
"439","ENSG00000170293","hurdle",8.15239327896956e-202,-1.6064538,-0.4738479,1.1326059,0.551
"6","ENSG00000006062","hurdle",1.69673363296405e-127,-1.595268,-1.05929,0.535978,0.551
"649","ENSG00000272865","hurdle",6.42175722631478e-258,-2.465022,-1.515598,0.949424,0.55
"570","ENSG00000196208","hurdle",4.63471469388426e-144,-0.5030833,0.2153582,0.7184415,0.55
"251","ENSG00000142149","hurdle",3.09452963267102e-208,-0.1659882,0.8451769,1.0111651,0.55
"228","ENSG00000137393","hurdle",4.62566932970012e-285,-2.33438,-0.939196,1.395184,0.549
"644","ENSG00000261371","hurdle",4.91394185126489e-224,-2.267492,-1.66385,0.603642,0.548
"351","ENSG00000157005","hurdle",0,-2.320657,0.08562282,2.40627982,0.548
"276","ENSG00000145708","hurdle",0,-2.818045,-1.265398,1.552647,0.548
"220","ENSG00000135917","hurdle",1.06469608475127e-293,-2.721576,-1.916455,0.805121,0.548
"143","ENSG00000115318","hurdle",8.51668210165755e-279,-2.795797,-1.92534,0.870457,0.548
"76","ENSG00000100139","hurdle",3.43051388202383e-247,-2.706764,-1.890123,0.816641,0.548
"177","ENSG00000124813","hurdle",8.11222021195086e-302,-0.7457348,0.5502371,1.2959719,0.546
"92","ENSG00000101938","hurdle",6.53044884160185e-145,-1.938388,-1.341319,0.597069,0.546
"153","ENSG00000117602","hurdle",1.67673622834367e-195,-2.476477,-1.655612,0.820865,0.545
"149","ENSG00000116525","hurdle",1.18955782706438e-119,-1.938388,-1.38253,0.555858,0.545
"104","ENSG00000106034","hurdle",1.27155335046215e-201,-2.190594,-1.204948,0.985646,0.545
"227","ENSG00000137285","hurdle",1.67710249856097e-139,-2.259098,-1.618313,0.640785,0.543
"348","ENSG00000156076","hurdle",4.66186223107735e-200,-2.215036,-1.056034,1.159002,0.542
"279","ENSG00000145824","hurdle",0,-2.179462,1.383242,3.562704,0.542
"230","ENSG00000137573","hurdle",1.89588470907858e-189,-1.3867884,-0.1707514,1.216037,0.542
"191","ENSG00000129682","hurdle",0,0.3040914,2.1568941,1.8528027,0.542
"25","ENSG00000047648","hurdle",9.21153804830537e-116,-1.1551149,-0.2841183,0.8709966,0.541
"525","ENSG00000183943","hurdle",3.67703346090306e-166,-2.398307,-1.560648,0.837659,0.54
"99","ENSG00000104267","hurdle",6.91132449230994e-88,-1.578175,-1.016467,0.561708,0.54
"318","ENSG00000152049","hurdle",1.42839578685808e-237,-2.85345,-1.955864,0.897586,0.539
"254","ENSG00000143333","hurdle",1.48607054220458e-269,-2.918061,-2.022095,0.895966,0.539
"68","ENSG00000092969","hurdle",6.30830457587448e-90,-1.4258019,-0.7915412,0.6342607,0.539
"35","ENSG00000064655","hurdle",1.33026882248453e-109,-1.667152,-1.130852,0.5363,0.539
"371","ENSG00000162367","hurdle",2.81035184393922e-287,-3.011362,-2.269887,0.741475,0.538
"63","ENSG00000088881","hurdle",7.67439961730518e-89,-1.92179,-1.40998,0.51181,0.538
"195","ENSG00000131094","hurdle",3.78392213184931e-219,-2.773453,-1.786653,0.9868,0.537
"4","ENSG00000005059","hurdle",3.31372757060249e-174,-2.374207,-1.222788,1.151419,0.536
"2","ENSG00000003989","hurdle",2.95224743083158e-163,-2.535157,-1.682977,0.85218,0.536
"392","ENSG00000165025","hurdle",4.73021304619236e-214,-2.58942,-2.055844,0.533576,0.535
"198","ENSG00000132846","hurdle",3.71568424686329e-100,-2.380815,-1.848216,0.532599,0.535
"625","ENSG00000239381","hurdle",2.41444916430854e-88,-1.6876922,-0.9598397,0.7278525,0.533
"288","ENSG00000147246","hurdle",1.09878861999474e-133,-0.2384353,0.5847191,0.8231544,0.533
"154","ENSG00000117707","hurdle",0,-1.8227604,-0.4308628,1.3918976,0.533
"125","ENSG00000111846","hurdle",1.23295414894882e-133,-2.594212,-1.870923,0.723289,0.533
"89","ENSG00000101605","hurdle",1.00206860841093e-80,-2.0629,-1.551448,0.511452,0.533
"472","ENSG00000173905","hurdle",3.23364021262409e-90,-0.57741591,0.03969113,0.61710704,0.532
"281","ENSG00000146469","hurdle",0,-3.0887669,-0.8519052,2.2368617,0.532
"79","ENSG00000100362","hurdle",0,-2.6347055,-0.8615842,1.7731213,0.532
"447","ENSG00000170962","hurdle",4.51066528775755e-166,-1.9186616,-0.1832785,1.7353831,0.531
"422","ENSG00000169083","hurdle",3.30399047597344e-86,-2.121041,-1.551448,0.569593,0.531
"626","ENSG00000241563","hurdle",1.1534769611622e-170,-2.613149,-1.367652,1.245497,0.53
"368","ENSG00000160321","hurdle",6.50418864963616e-64,-0.9929595,-0.4549623,0.5379972,0.528
"280","ENSG00000145832","hurdle",3.10488845150609e-210,-2.2151832,-0.9068173,1.3083659,0.528
"510","ENSG00000182287","hurdle",5.2441350373628e-147,-0.8673601,-0.1840187,0.6833414,0.527
"136","ENSG00000112773","hurdle",4.94463817163095e-111,-2.41839,-1.4629,0.95549,0.527
"135","ENSG00000112562","hurdle",2.38097827518022e-122,-2.677996,-1.996901,0.681095,0.527
"562","ENSG00000188916","hurdle",3.55380321835293e-66,-2.026696,-1.470466,0.55623,0.526
"290","ENSG00000147571","hurdle",2.28374038727859e-150,-2.61568,-1.488277,1.127403,0.526
"157","ENSG00000118432","hurdle",3.77826082068936e-39,-0.2006058,0.9127241,1.1133299,0.526
"576","ENSG00000197299","hurdle",2.05953756623512e-127,-2.707387,-1.896904,0.810483,0.525
"401","ENSG00000165895","hurdle",7.85469019955749e-51,-1.2173253,-0.6196545,0.5976708,0.525
"202","ENSG00000133110","hurdle",2.75675465696644e-167,-2.584073,-1.704483,0.87959,0.525
"98","ENSG00000103742","hurdle",7.47530718764825e-93,-2.767813,-2.210759,0.557054,0.524
"409","ENSG00000166863","hurdle",7.51381294891562e-236,-3.152639,-1.942274,1.210365,0.523
"100","ENSG00000104332","hurdle",9.60210568526501e-156,-2.765001,-1.601996,1.163005,0.523
"178","ENSG00000125355","hurdle",1.19637000642056e-140,-3.060643,-2.343401,0.717242,0.522
"131","ENSG00000112414","hurdle",7.75267376310842e-126,-2.9159,-2.029527,0.886373,0.522
"653","ENSG00000286778","hurdle",4.25360324362454e-128,-2.552583,-1.35226,1.200323,0.521
"638","ENSG00000251031","hurdle",5.8662717588377e-199,-1.4291368,0.5321413,1.9612781,0.521
"569","ENSG00000196159","hurdle",5.35002144986931e-85,-1.840412,-1.133996,0.706416,0.52
"415","ENSG00000168743","hurdle",2.78848005980287e-75,-2.685952,-1.902254,0.783698,0.519
"253","ENSG00000143248","hurdle",2.02628996174744e-164,-1.08829363,-0.04990787,1.03838576,0.519
"593","ENSG00000203805","hurdle",3.43395562080605e-53,-2.102218,-1.494875,0.607343,0.518
"427","ENSG00000169282","hurdle",2.23519638255242e-123,-1.1581626,-0.5607824,0.5973802,0.518
"282","ENSG00000146477","hurdle",1.14017906892383e-113,-2.787213,-1.764781,1.022432,0.517
"637","ENSG00000250842","hurdle",2.81315945467412e-198,-2.498225,-1.173145,1.32508,0.514
"314","ENSG00000151617","hurdle",1.79958791410341e-37,-2.469945,-1.878573,0.591372,0.514
"61","ENSG00000083857","hurdle",3.14269137728822e-52,-1.4625665,-0.9319653,0.5306012,0.514
"655","ENSG00000287550","hurdle",2.23432723701557e-49,-2.868927,-2.276188,0.592739,0.513
"502","ENSG00000181195","hurdle",4.93432746873911e-72,-3.042456,-2.348039,0.694417,0.513
"333","ENSG00000154175","hurdle",1.90532778294625e-62,-2.472766,-1.297722,1.175044,0.512
"503","ENSG00000181234","hurdle",2.21976483674636e-240,0.5369954,1.6405287,1.1035333,0.511
"323","ENSG00000152595","hurdle",3.45991710870854e-130,-3.184656,-1.763896,1.42076,0.511
"29","ENSG00000053747","hurdle",1.11807589191681e-67,-1.900032,-1.156195,0.743837,0.511
"11","ENSG00000011201","hurdle",4.56730099136984e-136,-1.5884638,-0.7193661,0.8690977,0.511
"419","ENSG00000168952","hurdle",5.73196109683802e-187,0.4320171,1.0231285,0.5911114,0.505
"94","ENSG00000101974","hurdle",1.50411383695275e-58,-1.883164,-1.378118,0.505046,0.505
"619","ENSG00000235665","hurdle",1.8495874285783e-142,-2.298905,-1.655612,0.643293,0.499
"239","ENSG00000138741","hurdle",2.2677210110488e-76,-1.4266562,-0.4845693,0.9420869,0.499
"505","ENSG00000181804","hurdle",7.55643127557198e-110,0.5202241,1.3393533,0.8191292,0.496
"170","ENSG00000122585","hurdle",1.48832752938817e-73,-1.8956486,0.3075641,2.2032127,0.486
"545","ENSG00000186314","hurdle",2.23458064113122e-155,0.07787869,1.35156274,1.27368405,0.476
