sample_id,cell_type,prop,cell_size_opt
2107UNHS-0291_Br2720_Mid_Bulk,Inhib,0.37134850496091065,nuc_area
2107UNHS-0291_Br2720_Mid_Bulk,Oligo,0.37158913884128975,nuc_area
2107UNHS-0291_Br2720_Mid_Bulk,OPC,0.004387236899979503,nuc_area
2107UNHS-0291_Br2720_Mid_Bulk,Excit,0.1903314112261998,nuc_area
2107UNHS-0291_Br2720_Mid_Bulk,Astro,0,nuc_area
2107UNHS-0291_Br2720_Mid_Bulk,EndoMural,0.058575931118692026,nuc_area
2107UNHS-0291_Br2720_Mid_Bulk,Micro,0.0037677769529283357,nuc_area
2107UNHS-0291_Br2720_Mid_Cyto,Inhib,0.22073617554674085,nuc_area
2107UNHS-0291_Br2720_Mid_Cyto,Oligo,0.26516261263810786,nuc_area
2107UNHS-0291_Br2720_Mid_Cyto,OPC,0.022453335591083447,nuc_area
2107UNHS-0291_Br2720_Mid_Cyto,Excit,0.46193544327752983,nuc_area
2107UNHS-0291_Br2720_Mid_Cyto,Astro,0,nuc_area
2107UNHS-0291_Br2720_Mid_Cyto,EndoMural,0.024994516039034485,nuc_area
2107UNHS-0291_Br2720_Mid_Cyto,Micro,0.0047179169075034465,nuc_area
2107UNHS-0291_Br2720_Mid_Nuc,Inhib,0.367767495457976,nuc_area
2107UNHS-0291_Br2720_Mid_Nuc,Oligo,0.1428191511481359,nuc_area
2107UNHS-0291_Br2720_Mid_Nuc,OPC,0.03794583722639901,nuc_area
2107UNHS-0291_Br2720_Mid_Nuc,Excit,0.37825418267684807,nuc_area
2107UNHS-0291_Br2720_Mid_Nuc,Astro,2.2003814320744307e-4,nuc_area
2107UNHS-0291_Br2720_Mid_Nuc,EndoMural,0.06779362316121436,nuc_area
2107UNHS-0291_Br2720_Mid_Nuc,Micro,0.005199672186219209,nuc_area
2107UNHS-0291_Br6432_Ant_Bulk,Inhib,0.3282740359306453,nuc_area
2107UNHS-0291_Br6432_Ant_Bulk,Oligo,0.21432470766265244,nuc_area
2107UNHS-0291_Br6432_Ant_Bulk,OPC,0.020749881762267348,nuc_area
2107UNHS-0291_Br6432_Ant_Bulk,Excit,0.3442893582168449,nuc_area
2107UNHS-0291_Br6432_Ant_Bulk,Astro,0.018433001965138193,nuc_area
2107UNHS-0291_Br6432_Ant_Bulk,EndoMural,0.0676689714815648,nuc_area
2107UNHS-0291_Br6432_Ant_Bulk,Micro,0.006260042980886942,nuc_area
2107UNHS-0291_Br6432_Ant_Cyto,Inhib,0.36045128100614204,nuc_area
2107UNHS-0291_Br6432_Ant_Cyto,Oligo,0.1757738966951837,nuc_area
2107UNHS-0291_Br6432_Ant_Cyto,OPC,0.031038203536278244,nuc_area
2107UNHS-0291_Br6432_Ant_Cyto,Excit,0.3837816212081647,nuc_area
2107UNHS-0291_Br6432_Ant_Cyto,Astro,0.00642171250859228,nuc_area
2107UNHS-0291_Br6432_Ant_Cyto,EndoMural,0.027429206499201643,nuc_area
2107UNHS-0291_Br6432_Ant_Cyto,Micro,0.015104078546437394,nuc_area
2107UNHS-0291_Br6432_Ant_Nuc,Inhib,0.33739788079089067,nuc_area
2107UNHS-0291_Br6432_Ant_Nuc,Oligo,0.1192115241081051,nuc_area
2107UNHS-0291_Br6432_Ant_Nuc,OPC,0.042596219266022445,nuc_area
2107UNHS-0291_Br6432_Ant_Nuc,Excit,0.4260557282330929,nuc_area
2107UNHS-0291_Br6432_Ant_Nuc,Astro,0.009266481691999368,nuc_area
2107UNHS-0291_Br6432_Ant_Nuc,EndoMural,0.061731246893059095,nuc_area
2107UNHS-0291_Br6432_Ant_Nuc,Micro,0.003740919016830347,nuc_area
2107UNHS-0291_Br6432_Mid_Bulk,Inhib,0.35693342321055965,nuc_area
2107UNHS-0291_Br6432_Mid_Bulk,Oligo,0.10771667164872549,nuc_area
2107UNHS-0291_Br6432_Mid_Bulk,OPC,0.044527399334656756,nuc_area
2107UNHS-0291_Br6432_Mid_Bulk,Excit,0.32830854090205175,nuc_area
2107UNHS-0291_Br6432_Mid_Bulk,Astro,0.05562169220018123,nuc_area
2107UNHS-0291_Br6432_Mid_Bulk,EndoMural,0.08850634580467022,nuc_area
2107UNHS-0291_Br6432_Mid_Bulk,Micro,0.018385926899154956,nuc_area
2107UNHS-0291_Br6432_Mid_Cyto,Inhib,0.41193253263691004,nuc_area
2107UNHS-0291_Br6432_Mid_Cyto,Oligo,0.0578153963488137,nuc_area
2107UNHS-0291_Br6432_Mid_Cyto,OPC,0.044847144899471725,nuc_area
2107UNHS-0291_Br6432_Mid_Cyto,Excit,0.3774976880970929,nuc_area
2107UNHS-0291_Br6432_Mid_Cyto,Astro,0.02498534422230954,nuc_area
2107UNHS-0291_Br6432_Mid_Cyto,EndoMural,0.0580129571725009,nuc_area
2107UNHS-0291_Br6432_Mid_Cyto,Micro,0.024908936622901164,nuc_area
2107UNHS-0291_Br6432_Mid_Nuc,Inhib,0.3291148794899512,nuc_area
2107UNHS-0291_Br6432_Mid_Nuc,Oligo,0.06346179344517712,nuc_area
2107UNHS-0291_Br6432_Mid_Nuc,OPC,0.03621427872076942,nuc_area
2107UNHS-0291_Br6432_Mid_Nuc,Excit,0.44982664749526546,nuc_area
2107UNHS-0291_Br6432_Mid_Nuc,Astro,0.03332164988040502,nuc_area
2107UNHS-0291_Br6432_Mid_Nuc,EndoMural,0.08013231808707963,nuc_area
2107UNHS-0291_Br6432_Mid_Nuc,Micro,0.007928432881352192,nuc_area
2107UNHS-0291_Br6471_Ant_Bulk,Inhib,0.3752794752843859,nuc_area
2107UNHS-0291_Br6471_Ant_Bulk,Oligo,0.38903581448829666,nuc_area
2107UNHS-0291_Br6471_Ant_Bulk,OPC,0.003893045212537685,nuc_area
2107UNHS-0291_Br6471_Ant_Bulk,Excit,0.1890166602039459,nuc_area
2107UNHS-0291_Br6471_Ant_Bulk,Astro,0,nuc_area
2107UNHS-0291_Br6471_Ant_Bulk,EndoMural,0.04141163547282645,nuc_area
2107UNHS-0291_Br6471_Ant_Bulk,Micro,0.0013633693380075444,nuc_area
2107UNHS-0291_Br6471_Ant_Cyto,Inhib,0.21157321211056063,nuc_area
2107UNHS-0291_Br6471_Ant_Cyto,Oligo,0.39422693532598685,nuc_area
2107UNHS-0291_Br6471_Ant_Cyto,OPC,0.01940562303781018,nuc_area
2107UNHS-0291_Br6471_Ant_Cyto,Excit,0.34187369465140266,nuc_area
2107UNHS-0291_Br6471_Ant_Cyto,Astro,0,nuc_area
2107UNHS-0291_Br6471_Ant_Cyto,EndoMural,0.022015665331871947,nuc_area
2107UNHS-0291_Br6471_Ant_Cyto,Micro,0.010904869542367827,nuc_area
2107UNHS-0291_Br6471_Ant_Nuc,Inhib,0.3623953236525989,nuc_area
2107UNHS-0291_Br6471_Ant_Nuc,Oligo,0.2535966570797332,nuc_area
2107UNHS-0291_Br6471_Ant_Nuc,OPC,0.028662721919947145,nuc_area
2107UNHS-0291_Br6471_Ant_Nuc,Excit,0.2811855302735747,nuc_area
2107UNHS-0291_Br6471_Ant_Nuc,Astro,0,nuc_area
2107UNHS-0291_Br6471_Ant_Nuc,EndoMural,0.07157002427223338,nuc_area
2107UNHS-0291_Br6471_Ant_Nuc,Micro,0.0025897428019126282,nuc_area
2107UNHS-0293_Br2720_Mid_Bulk,Inhib,0.2778528272198689,nuc_area
2107UNHS-0293_Br2720_Mid_Bulk,Oligo,0.221336841060028,nuc_area
2107UNHS-0293_Br2720_Mid_Bulk,OPC,0.0052839228269552525,nuc_area
2107UNHS-0293_Br2720_Mid_Bulk,Excit,0.33922442157401717,nuc_area
2107UNHS-0293_Br2720_Mid_Bulk,Astro,0.08110500719722996,nuc_area
2107UNHS-0293_Br2720_Mid_Bulk,EndoMural,0.04998127536837059,nuc_area
2107UNHS-0293_Br2720_Mid_Bulk,Micro,0.025215704753530088,nuc_area
2107UNHS-0293_Br2720_Mid_Cyto,Inhib,0.36666380915573976,nuc_area
2107UNHS-0293_Br2720_Mid_Cyto,Oligo,0.1833542980713124,nuc_area
2107UNHS-0293_Br2720_Mid_Cyto,OPC,0.007293029219221943,nuc_area
2107UNHS-0293_Br2720_Mid_Cyto,Excit,0.3250584498160738,nuc_area
2107UNHS-0293_Br2720_Mid_Cyto,Astro,0.05151821692244854,nuc_area
2107UNHS-0293_Br2720_Mid_Cyto,EndoMural,0.04701232726562905,nuc_area
2107UNHS-0293_Br2720_Mid_Cyto,Micro,0.019099869549574464,nuc_area
2107UNHS-0293_Br6432_Ant_Bulk,Inhib,0.2572744420739273,nuc_area
2107UNHS-0293_Br6432_Ant_Bulk,Oligo,0.13754895064286873,nuc_area
2107UNHS-0293_Br6432_Ant_Bulk,OPC,0.06022605546266543,nuc_area
2107UNHS-0293_Br6432_Ant_Bulk,Excit,0.35908387922929563,nuc_area
2107UNHS-0293_Br6432_Ant_Bulk,Astro,0.10955330589540987,nuc_area
2107UNHS-0293_Br6432_Ant_Bulk,EndoMural,0.05705629688030601,nuc_area
2107UNHS-0293_Br6432_Ant_Bulk,Micro,0.019257069815526988,nuc_area
2107UNHS-0293_Br6432_Ant_Cyto,Inhib,0.2758175316157401,nuc_area
2107UNHS-0293_Br6432_Ant_Cyto,Oligo,0.07454392990134874,nuc_area
2107UNHS-0293_Br6432_Ant_Cyto,OPC,0.040471027008528004,nuc_area
2107UNHS-0293_Br6432_Ant_Cyto,Excit,0.44475664883343596,nuc_area
2107UNHS-0293_Br6432_Ant_Cyto,Astro,0.10192391189889438,nuc_area
2107UNHS-0293_Br6432_Ant_Cyto,EndoMural,0.047584656324088336,nuc_area
2107UNHS-0293_Br6432_Ant_Cyto,Micro,0.014902294417964425,nuc_area
2107UNHS-0293_Br6432_Ant_Nuc,Inhib,0.30313449720073293,nuc_area
2107UNHS-0293_Br6432_Ant_Nuc,Oligo,0.12092127530299139,nuc_area
2107UNHS-0293_Br6432_Ant_Nuc,OPC,0.05935998489930924,nuc_area
2107UNHS-0293_Br6432_Ant_Nuc,Excit,0.32495143685752137,nuc_area
2107UNHS-0293_Br6432_Ant_Nuc,Astro,0.11551040232622337,nuc_area
2107UNHS-0293_Br6432_Ant_Nuc,EndoMural,0.05993052662221213,nuc_area
2107UNHS-0293_Br6432_Ant_Nuc,Micro,0.016191876791009523,nuc_area
2107UNHS-0293_Br6432_Mid_Bulk,Inhib,0.2690643001275936,nuc_area
2107UNHS-0293_Br6432_Mid_Bulk,Oligo,0.08034222508156587,nuc_area
2107UNHS-0293_Br6432_Mid_Bulk,OPC,0.06720924034650091,nuc_area
2107UNHS-0293_Br6432_Mid_Bulk,Excit,0.3508839454347476,nuc_area
2107UNHS-0293_Br6432_Mid_Bulk,Astro,0.13736203553559287,nuc_area
2107UNHS-0293_Br6432_Mid_Bulk,EndoMural,0.06805960133374235,nuc_area
2107UNHS-0293_Br6432_Mid_Bulk,Micro,0.027078652140256787,nuc_area
2107UNHS-0293_Br6432_Mid_Cyto,Inhib,0.2919854832936629,nuc_area
2107UNHS-0293_Br6432_Mid_Cyto,Oligo,0.03292528474229306,nuc_area
2107UNHS-0293_Br6432_Mid_Cyto,OPC,0.042531345976625994,nuc_area
2107UNHS-0293_Br6432_Mid_Cyto,Excit,0.4086250363202007,nuc_area
2107UNHS-0293_Br6432_Mid_Cyto,Astro,0.12938780830706298,nuc_area
2107UNHS-0293_Br6432_Mid_Cyto,EndoMural,0.07432083018734902,nuc_area
2107UNHS-0293_Br6432_Mid_Cyto,Micro,0.02022421117280539,nuc_area
2107UNHS-0293_Br6432_Mid_Nuc,Inhib,0.28423596878047674,nuc_area
2107UNHS-0293_Br6432_Mid_Nuc,Oligo,0.06990198135931237,nuc_area
2107UNHS-0293_Br6432_Mid_Nuc,OPC,0.05597207056782148,nuc_area
2107UNHS-0293_Br6432_Mid_Nuc,Excit,0.3466746729493463,nuc_area
2107UNHS-0293_Br6432_Mid_Nuc,Astro,0.14631052355594898,nuc_area
2107UNHS-0293_Br6432_Mid_Nuc,EndoMural,0.07301271585167576,nuc_area
2107UNHS-0293_Br6432_Mid_Nuc,Micro,0.023892066935418302,nuc_area
2107UNHS-0293_Br6471_Ant_Bulk,Inhib,0.2724605927700851,nuc_area
2107UNHS-0293_Br6471_Ant_Bulk,Oligo,0.18209239364314528,nuc_area
2107UNHS-0293_Br6471_Ant_Bulk,OPC,0.015706073747262267,nuc_area
2107UNHS-0293_Br6471_Ant_Bulk,Excit,0.36324635872634153,nuc_area
2107UNHS-0293_Br6471_Ant_Bulk,Astro,0.08347204624023818,nuc_area
2107UNHS-0293_Br6471_Ant_Bulk,EndoMural,0.06968793118463688,nuc_area
2107UNHS-0293_Br6471_Ant_Bulk,Micro,0.013334603688290824,nuc_area
2107UNHS-0293_Br6471_Ant_Cyto,Inhib,0.29799367611241545,nuc_area
2107UNHS-0293_Br6471_Ant_Cyto,Oligo,0.18194585451454173,nuc_area
2107UNHS-0293_Br6471_Ant_Cyto,OPC,8.23137487730956e-4,nuc_area
2107UNHS-0293_Br6471_Ant_Cyto,Excit,0.35872174030526255,nuc_area
2107UNHS-0293_Br6471_Ant_Cyto,Astro,0.07722618416256036,nuc_area
2107UNHS-0293_Br6471_Ant_Cyto,EndoMural,0.0684843370731736,nuc_area
2107UNHS-0293_Br6471_Ant_Cyto,Micro,0.01480507034431548,nuc_area
2107UNHS-0293_Br6471_Ant_Nuc,Inhib,0.38947548227921175,nuc_area
2107UNHS-0293_Br6471_Ant_Nuc,Oligo,0.20266109581418548,nuc_area
2107UNHS-0293_Br6471_Ant_Nuc,OPC,0.005960424836816879,nuc_area
2107UNHS-0293_Br6471_Ant_Nuc,Excit,0.2439155868977555,nuc_area
2107UNHS-0293_Br6471_Ant_Nuc,Astro,0.0625142530647418,nuc_area
2107UNHS-0293_Br6471_Ant_Nuc,EndoMural,0.08401168215236442,nuc_area
2107UNHS-0293_Br6471_Ant_Nuc,Micro,0.011461474954924196,nuc_area
AN00000904_Br2720_Post_Bulk,Inhib,0.34655161698794634,nuc_area
AN00000904_Br2720_Post_Bulk,Oligo,0.21699451097762043,nuc_area
AN00000904_Br2720_Post_Bulk,OPC,0.023236394570100627,nuc_area
AN00000904_Br2720_Post_Bulk,Excit,0.33204270468623637,nuc_area
AN00000904_Br2720_Post_Bulk,Astro,0,nuc_area
AN00000904_Br2720_Post_Bulk,EndoMural,0.07452828972419656,nuc_area
AN00000904_Br2720_Post_Bulk,Micro,0.006646483053899718,nuc_area
AN00000904_Br2720_Post_Cyto,Inhib,0.3323066848860639,nuc_area
AN00000904_Br2720_Post_Cyto,Oligo,0.16059463918735273,nuc_area
AN00000904_Br2720_Post_Cyto,OPC,0.01673496973013681,nuc_area
AN00000904_Br2720_Post_Cyto,Excit,0.42622268009241204,nuc_area
AN00000904_Br2720_Post_Cyto,Astro,0,nuc_area
AN00000904_Br2720_Post_Cyto,EndoMural,0.04776394314930096,nuc_area
AN00000904_Br2720_Post_Cyto,Micro,0.016377082954733502,nuc_area
AN00000904_Br2720_Post_Nuc,Inhib,0.43193321930811046,nuc_area
AN00000904_Br2720_Post_Nuc,Oligo,0.06924737617394656,nuc_area
AN00000904_Br2720_Post_Nuc,OPC,0.01235994714865386,nuc_area
AN00000904_Br2720_Post_Nuc,Excit,0.41590379795387206,nuc_area
AN00000904_Br2720_Post_Nuc,Astro,0,nuc_area
AN00000904_Br2720_Post_Nuc,EndoMural,0.06433236898155133,nuc_area
AN00000904_Br2720_Post_Nuc,Micro,0.006223290433865707,nuc_area
AN00000904_Br2743_Ant_Bulk,Inhib,0.3019234450519325,nuc_area
AN00000904_Br2743_Ant_Bulk,Oligo,0.4034105105482129,nuc_area
AN00000904_Br2743_Ant_Bulk,OPC,0.014887700780537704,nuc_area
AN00000904_Br2743_Ant_Bulk,Excit,0.23456164388442816,nuc_area
AN00000904_Br2743_Ant_Bulk,Astro,0,nuc_area
AN00000904_Br2743_Ant_Bulk,EndoMural,0.044000615168745275,nuc_area
AN00000904_Br2743_Ant_Bulk,Micro,0.0012160845661434068,nuc_area
AN00000904_Br2743_Ant_Nuc,Inhib,0.40512102059565436,nuc_area
AN00000904_Br2743_Ant_Nuc,Oligo,0.1270830970282687,nuc_area
AN00000904_Br2743_Ant_Nuc,OPC,0.014724862288181309,nuc_area
AN00000904_Br2743_Ant_Nuc,Excit,0.29188585649887056,nuc_area
AN00000904_Br2743_Ant_Nuc,Astro,1.8823521019890646e-4,nuc_area
AN00000904_Br2743_Ant_Nuc,EndoMural,0.16064307869084316,nuc_area
AN00000904_Br2743_Ant_Nuc,Micro,3.538496879829586e-4,nuc_area
AN00000904_Br3942_Ant_Bulk,Inhib,0.3531287443426718,nuc_area
AN00000904_Br3942_Ant_Bulk,Oligo,0.12673348202054263,nuc_area
AN00000904_Br3942_Ant_Bulk,OPC,0.01482891778242051,nuc_area
AN00000904_Br3942_Ant_Bulk,Excit,0.3614230421455379,nuc_area
AN00000904_Br3942_Ant_Bulk,Astro,0.06406742528633216,nuc_area
AN00000904_Br3942_Ant_Bulk,EndoMural,0.07429854765021547,nuc_area
AN00000904_Br3942_Ant_Bulk,Micro,0.005519840772279552,nuc_area
AN00000904_Br3942_Ant_Cyto,Inhib,0.14260506526241834,nuc_area
AN00000904_Br3942_Ant_Cyto,Oligo,0.15068058908250653,nuc_area
AN00000904_Br3942_Ant_Cyto,OPC,0.014433380994101404,nuc_area
AN00000904_Br3942_Ant_Cyto,Excit,0.6214248030491146,nuc_area
AN00000904_Br3942_Ant_Cyto,Astro,0.012161963811096256,nuc_area
AN00000904_Br3942_Ant_Cyto,EndoMural,0.03732468600446163,nuc_area
AN00000904_Br3942_Ant_Cyto,Micro,0.02136951179630121,nuc_area
AN00000904_Br3942_Ant_Nuc,Inhib,0.47740555167186327,nuc_area
AN00000904_Br3942_Ant_Nuc,Oligo,0.07357301092620779,nuc_area
AN00000904_Br3942_Ant_Nuc,OPC,0.025339611899943496,nuc_area
AN00000904_Br3942_Ant_Nuc,Excit,0.3080757054868519,nuc_area
AN00000904_Br3942_Ant_Nuc,Astro,0.03922547440668518,nuc_area
AN00000904_Br3942_Ant_Nuc,EndoMural,0.07374442844062802,nuc_area
AN00000904_Br3942_Ant_Nuc,Micro,0.0026362171678203567,nuc_area
AN00000904_Br3942_Mid_Bulk,Inhib,0.32085593506142995,nuc_area
AN00000904_Br3942_Mid_Bulk,Oligo,0.3031106465648715,nuc_area
AN00000904_Br3942_Mid_Bulk,OPC,0.003419717384281655,nuc_area
AN00000904_Br3942_Mid_Bulk,Excit,0.2799467019034133,nuc_area
AN00000904_Br3942_Mid_Bulk,Astro,0.026406468140799326,nuc_area
AN00000904_Br3942_Mid_Bulk,EndoMural,0.061780406427766624,nuc_area
AN00000904_Br3942_Mid_Bulk,Micro,0.00448012451743756,nuc_area
AN00000904_Br3942_Mid_Cyto,Inhib,0.2150341199708931,nuc_area
AN00000904_Br3942_Mid_Cyto,Oligo,0.2663656796640705,nuc_area
AN00000904_Br3942_Mid_Cyto,OPC,0.010249293204279258,nuc_area
AN00000904_Br3942_Mid_Cyto,Excit,0.41443076736724893,nuc_area
AN00000904_Br3942_Mid_Cyto,Astro,0.010776069577908052,nuc_area
AN00000904_Br3942_Mid_Cyto,EndoMural,0.061155980770390514,nuc_area
AN00000904_Br3942_Mid_Cyto,Micro,0.0219880894452097,nuc_area
AN00000904_Br3942_Mid_Nuc,Inhib,0.34829098307702416,nuc_area
AN00000904_Br3942_Mid_Nuc,Oligo,0.17385682135089528,nuc_area
AN00000904_Br3942_Mid_Nuc,OPC,0.013538872980445548,nuc_area
AN00000904_Br3942_Mid_Nuc,Excit,0.37124410791322227,nuc_area
AN00000904_Br3942_Mid_Nuc,Astro,0.015531422471425438,nuc_area
AN00000904_Br3942_Mid_Nuc,EndoMural,0.07452439006981462,nuc_area
AN00000904_Br3942_Mid_Nuc,Micro,0.0030134021371726557,nuc_area
AN00000904_Br6423_Ant_Bulk,Inhib,0.35109413088550767,nuc_area
AN00000904_Br6423_Ant_Bulk,Oligo,0.33658231770140246,nuc_area
AN00000904_Br6423_Ant_Bulk,OPC,0.009190631373398686,nuc_area
AN00000904_Br6423_Ant_Bulk,Excit,0.18220666798326302,nuc_area
AN00000904_Br6423_Ant_Bulk,Astro,0.042325318174851106,nuc_area
AN00000904_Br6423_Ant_Bulk,EndoMural,0.07209896772150765,nuc_area
AN00000904_Br6423_Ant_Bulk,Micro,0.006501966160069438,nuc_area
AN00000904_Br6423_Ant_Cyto,Inhib,0.28331111504814505,nuc_area
AN00000904_Br6423_Ant_Cyto,Oligo,0.24976369775292998,nuc_area
AN00000904_Br6423_Ant_Cyto,OPC,0.015922237604333204,nuc_area
AN00000904_Br6423_Ant_Cyto,Excit,0.3426012768836768,nuc_area
AN00000904_Br6423_Ant_Cyto,Astro,0.02897697601558431,nuc_area
AN00000904_Br6423_Ant_Cyto,EndoMural,0.060090845295813905,nuc_area
AN00000904_Br6423_Ant_Cyto,Micro,0.019333851399516783,nuc_area
AN00000904_Br6423_Ant_Nuc,Inhib,0.29919985616805034,nuc_area
AN00000904_Br6423_Ant_Nuc,Oligo,0.2632598191005489,nuc_area
AN00000904_Br6423_Ant_Nuc,OPC,0.027595926306350452,nuc_area
AN00000904_Br6423_Ant_Nuc,Excit,0.284226760671953,nuc_area
AN00000904_Br6423_Ant_Nuc,Astro,0.04256709760273571,nuc_area
AN00000904_Br6423_Ant_Nuc,EndoMural,0.06319153756493266,nuc_area
AN00000904_Br6423_Ant_Nuc,Micro,0.019959002585428896,nuc_area
AN00000904_Br6423_Post_Bulk,Inhib,0.331992072338919,nuc_area
AN00000904_Br6423_Post_Bulk,Oligo,0.37519725506630613,nuc_area
AN00000904_Br6423_Post_Bulk,OPC,0.010434326839305664,nuc_area
AN00000904_Br6423_Post_Bulk,Excit,0.1531873628974917,nuc_area
AN00000904_Br6423_Post_Bulk,Astro,0.046762818483085875,nuc_area
AN00000904_Br6423_Post_Bulk,EndoMural,0.07026346876327855,nuc_area
AN00000904_Br6423_Post_Bulk,Micro,0.012162695611613032,nuc_area
AN00000904_Br6423_Post_Cyto,Inhib,0.35572324990568094,nuc_area
AN00000904_Br6423_Post_Cyto,Oligo,0.27914684358083763,nuc_area
AN00000904_Br6423_Post_Cyto,OPC,0.009711557381320693,nuc_area
AN00000904_Br6423_Post_Cyto,Excit,0.2348255041140584,nuc_area
AN00000904_Br6423_Post_Cyto,Astro,0.027519069904193724,nuc_area
AN00000904_Br6423_Post_Cyto,EndoMural,0.07351902953575942,nuc_area
AN00000904_Br6423_Post_Cyto,Micro,0.019554745578149214,nuc_area
AN00000904_Br6423_Post_Nuc,Inhib,0.20295281784096475,nuc_area
AN00000904_Br6423_Post_Nuc,Oligo,0.2844341838786125,nuc_area
AN00000904_Br6423_Post_Nuc,OPC,0.02235280661353497,nuc_area
AN00000904_Br6423_Post_Nuc,Excit,0.35876657806293294,nuc_area
AN00000904_Br6423_Post_Nuc,Astro,0.036960659331613945,nuc_area
AN00000904_Br6423_Post_Nuc,EndoMural,0.0769406835966612,nuc_area
AN00000904_Br6423_Post_Nuc,Micro,0.01759227067567968,nuc_area
AN00000904_Br6471_Mid_Bulk,Inhib,0.2290968660793888,nuc_area
AN00000904_Br6471_Mid_Bulk,Oligo,0.4920860568563491,nuc_area
AN00000904_Br6471_Mid_Bulk,OPC,0.01591981507152283,nuc_area
AN00000904_Br6471_Mid_Bulk,Excit,0.2241098948115135,nuc_area
AN00000904_Br6471_Mid_Bulk,Astro,0,nuc_area
AN00000904_Br6471_Mid_Bulk,EndoMural,0.03743113449233785,nuc_area
AN00000904_Br6471_Mid_Bulk,Micro,0.0013562326888878604,nuc_area
AN00000904_Br6471_Mid_Cyto,Inhib,0.1546809035415882,nuc_area
AN00000904_Br6471_Mid_Cyto,Oligo,0.5349588804444895,nuc_area
AN00000904_Br6471_Mid_Cyto,OPC,0.01450920155717603,nuc_area
AN00000904_Br6471_Mid_Cyto,Excit,0.2628517964097979,nuc_area
AN00000904_Br6471_Mid_Cyto,Astro,0,nuc_area
AN00000904_Br6471_Mid_Cyto,EndoMural,0.023161252722607995,nuc_area
AN00000904_Br6471_Mid_Cyto,Micro,0.009837965324340494,nuc_area
AN00000904_Br6471_Mid_Nuc,Inhib,0.22195496722999447,nuc_area
AN00000904_Br6471_Mid_Nuc,Oligo,0.44132441127665173,nuc_area
AN00000904_Br6471_Mid_Nuc,OPC,0.0165386801915531,nuc_area
AN00000904_Br6471_Mid_Nuc,Excit,0.26437643678127454,nuc_area
AN00000904_Br6471_Mid_Nuc,Astro,0,nuc_area
AN00000904_Br6471_Mid_Nuc,EndoMural,0.04950394064878265,nuc_area
AN00000904_Br6471_Mid_Nuc,Micro,0.0063015638717434375,nuc_area
AN00000904_Br6522_Mid_Bulk,Inhib,0.28317240349469414,nuc_area
AN00000904_Br6522_Mid_Bulk,Oligo,0.29320849132147214,nuc_area
AN00000904_Br6522_Mid_Bulk,OPC,0.00422196899341189,nuc_area
AN00000904_Br6522_Mid_Bulk,Excit,0.36677388326085814,nuc_area
AN00000904_Br6522_Mid_Bulk,Astro,0,nuc_area
AN00000904_Br6522_Mid_Bulk,EndoMural,0.05003827322709195,nuc_area
AN00000904_Br6522_Mid_Bulk,Micro,0.0025849797024717265,nuc_area
AN00000904_Br6522_Mid_Cyto,Inhib,0.06825316588951756,nuc_area
AN00000904_Br6522_Mid_Cyto,Oligo,0.3116494036618088,nuc_area
AN00000904_Br6522_Mid_Cyto,OPC,0,nuc_area
AN00000904_Br6522_Mid_Cyto,Excit,0.6046822743680258,nuc_area
AN00000904_Br6522_Mid_Cyto,Astro,0,nuc_area
AN00000904_Br6522_Mid_Cyto,EndoMural,0.009723998228472771,nuc_area
AN00000904_Br6522_Mid_Cyto,Micro,0.005691157852174961,nuc_area
AN00000904_Br6522_Mid_Nuc,Inhib,0.29789181851452745,nuc_area
AN00000904_Br6522_Mid_Nuc,Oligo,0.2067482296133702,nuc_area
AN00000904_Br6522_Mid_Nuc,OPC,0.016836102803455405,nuc_area
AN00000904_Br6522_Mid_Nuc,Excit,0.41594506589365066,nuc_area
AN00000904_Br6522_Mid_Nuc,Astro,0,nuc_area
AN00000904_Br6522_Mid_Nuc,EndoMural,0.05539702953756959,nuc_area
AN00000904_Br6522_Mid_Nuc,Micro,0.007181753637426719,nuc_area
AN00000904_Br6522_Post_Bulk,Inhib,0.3980834323786371,nuc_area
AN00000904_Br6522_Post_Bulk,Oligo,0.17590997074076575,nuc_area
AN00000904_Br6522_Post_Bulk,OPC,0.003762547485330057,nuc_area
AN00000904_Br6522_Post_Bulk,Excit,0.38160126970760494,nuc_area
AN00000904_Br6522_Post_Bulk,Astro,0,nuc_area
AN00000904_Br6522_Post_Bulk,EndoMural,0.037232369751818414,nuc_area
AN00000904_Br6522_Post_Bulk,Micro,0.003410409935843656,nuc_area
AN00000904_Br6522_Post_Cyto,Inhib,0.33707554682788204,nuc_area
AN00000904_Br6522_Post_Cyto,Oligo,0.19665397512592592,nuc_area
AN00000904_Br6522_Post_Cyto,OPC,0.017326208454655028,nuc_area
AN00000904_Br6522_Post_Cyto,Excit,0.4124454786356238,nuc_area
AN00000904_Br6522_Post_Cyto,Astro,0,nuc_area
AN00000904_Br6522_Post_Cyto,EndoMural,0.027630195189140765,nuc_area
AN00000904_Br6522_Post_Cyto,Micro,0.008868595766772505,nuc_area
AN00000904_Br6522_Post_Nuc,Inhib,0.31519299949051643,nuc_area
AN00000904_Br6522_Post_Nuc,Oligo,0.07558460992450303,nuc_area
AN00000904_Br6522_Post_Nuc,OPC,0.0170124509794614,nuc_area
AN00000904_Br6522_Post_Nuc,Excit,0.5225536091195596,nuc_area
AN00000904_Br6522_Post_Nuc,Astro,0,nuc_area
AN00000904_Br6522_Post_Nuc,EndoMural,0.0658302435173877,nuc_area
AN00000904_Br6522_Post_Nuc,Micro,0.003826086968571909,nuc_area
AN00000904_Br8325_Ant_Bulk,Inhib,0.4925403054739851,nuc_area
AN00000904_Br8325_Ant_Bulk,Oligo,0.089562176268468,nuc_area
AN00000904_Br8325_Ant_Bulk,OPC,0.011103278867436795,nuc_area
AN00000904_Br8325_Ant_Bulk,Excit,0.27236019757595936,nuc_area
AN00000904_Br8325_Ant_Bulk,Astro,0.03961128026430938,nuc_area
AN00000904_Br8325_Ant_Bulk,EndoMural,0.08832701088123616,nuc_area
AN00000904_Br8325_Ant_Bulk,Micro,0.006495750668605214,nuc_area
AN00000904_Br8325_Ant_Cyto,Inhib,0.4116770953287001,nuc_area
AN00000904_Br8325_Ant_Cyto,Oligo,0.0913831288077778,nuc_area
AN00000904_Br8325_Ant_Cyto,OPC,0.019462998790148033,nuc_area
AN00000904_Br8325_Ant_Cyto,Excit,0.4131560173523111,nuc_area
AN00000904_Br8325_Ant_Cyto,Astro,0,nuc_area
AN00000904_Br8325_Ant_Cyto,EndoMural,0.05109726386944468,nuc_area
AN00000904_Br8325_Ant_Cyto,Micro,0.013223495851618285,nuc_area
AN00000904_Br8325_Ant_Nuc,Inhib,0.39262654538244407,nuc_area
AN00000904_Br8325_Ant_Nuc,Oligo,0.1140938350726922,nuc_area
AN00000904_Br8325_Ant_Nuc,OPC,0.023148362109680163,nuc_area
AN00000904_Br8325_Ant_Nuc,Excit,0.3781995964348551,nuc_area
AN00000904_Br8325_Ant_Nuc,Astro,0.003083325197357637,nuc_area
AN00000904_Br8325_Ant_Nuc,EndoMural,0.07676562602562935,nuc_area
AN00000904_Br8325_Ant_Nuc,Micro,0.012082709777341497,nuc_area
AN00000904_Br8325_Mid_Bulk,Inhib,0.07853059460067244,nuc_area
AN00000904_Br8325_Mid_Bulk,Oligo,0.9045305411931135,nuc_area
AN00000904_Br8325_Mid_Bulk,OPC,0,nuc_area
AN00000904_Br8325_Mid_Bulk,Excit,0,nuc_area
AN00000904_Br8325_Mid_Bulk,Astro,0,nuc_area
AN00000904_Br8325_Mid_Bulk,EndoMural,0.016938864206214176,nuc_area
AN00000904_Br8325_Mid_Bulk,Micro,0,nuc_area
AN00000904_Br8325_Mid_Cyto,Inhib,0.0018739367012111869,nuc_area
AN00000904_Br8325_Mid_Cyto,Oligo,0.9942763973519829,nuc_area
AN00000904_Br8325_Mid_Cyto,OPC,8.707570739087809e-4,nuc_area
AN00000904_Br8325_Mid_Cyto,Excit,3.087316790158944e-4,nuc_area
AN00000904_Br8325_Mid_Cyto,Astro,0,nuc_area
AN00000904_Br8325_Mid_Cyto,EndoMural,0.0022442236445196747,nuc_area
AN00000904_Br8325_Mid_Cyto,Micro,4.2595354936166154e-4,nuc_area
AN00000904_Br8492_Mid_Bulk,Inhib,0.23893420438210564,nuc_area
AN00000904_Br8492_Mid_Bulk,Oligo,0.33157668194607154,nuc_area
AN00000904_Br8492_Mid_Bulk,OPC,0.005624926404678166,nuc_area
AN00000904_Br8492_Mid_Bulk,Excit,0.34348101998970426,nuc_area
AN00000904_Br8492_Mid_Bulk,Astro,0,nuc_area
AN00000904_Br8492_Mid_Bulk,EndoMural,0.07324593908816114,nuc_area
AN00000904_Br8492_Mid_Bulk,Micro,0.007137228189279213,nuc_area
AN00000904_Br8492_Mid_Cyto,Inhib,0.24941987442579341,nuc_area
AN00000904_Br8492_Mid_Cyto,Oligo,0.2784293969046818,nuc_area
AN00000904_Br8492_Mid_Cyto,OPC,0,nuc_area
AN00000904_Br8492_Mid_Cyto,Excit,0.4421966704108437,nuc_area
AN00000904_Br8492_Mid_Cyto,Astro,0,nuc_area
AN00000904_Br8492_Mid_Cyto,EndoMural,0.02627866566036343,nuc_area
AN00000904_Br8492_Mid_Cyto,Micro,0.0036753925983176697,nuc_area
AN00000904_Br8492_Mid_Nuc,Inhib,0.32043482803349044,nuc_area
AN00000904_Br8492_Mid_Nuc,Oligo,0.11692796571999944,nuc_area
AN00000904_Br8492_Mid_Nuc,OPC,0,nuc_area
AN00000904_Br8492_Mid_Nuc,Excit,0.45637122845530426,nuc_area
AN00000904_Br8492_Mid_Nuc,Astro,0,nuc_area
AN00000904_Br8492_Mid_Nuc,EndoMural,0.09135564507886378,nuc_area
AN00000904_Br8492_Mid_Nuc,Micro,0.014910332712342168,nuc_area
AN00000904_Br8492_Post_Bulk,Inhib,0.3211148443906513,nuc_area
AN00000904_Br8492_Post_Bulk,Oligo,0.3539073217883664,nuc_area
AN00000904_Br8492_Post_Bulk,OPC,0,nuc_area
AN00000904_Br8492_Post_Bulk,Excit,0.2578405277476553,nuc_area
AN00000904_Br8492_Post_Bulk,Astro,0,nuc_area
AN00000904_Br8492_Post_Bulk,EndoMural,0.06299773022903611,nuc_area
AN00000904_Br8492_Post_Bulk,Micro,0.004139575844290747,nuc_area
AN00000904_Br8492_Post_Cyto,Inhib,0.2523770820685168,nuc_area
AN00000904_Br8492_Post_Cyto,Oligo,0.4094580266677874,nuc_area
AN00000904_Br8492_Post_Cyto,OPC,1.3578040133917262e-4,nuc_area
AN00000904_Br8492_Post_Cyto,Excit,0.301362418006738,nuc_area
AN00000904_Br8492_Post_Cyto,Astro,0,nuc_area
AN00000904_Br8492_Post_Cyto,EndoMural,0.029988391477717428,nuc_area
AN00000904_Br8492_Post_Cyto,Micro,0.006678301377901191,nuc_area
AN00000904_Br8492_Post_Nuc,Inhib,0.3952096638284132,nuc_area
AN00000904_Br8492_Post_Nuc,Oligo,0.2198486068542881,nuc_area
AN00000904_Br8492_Post_Nuc,OPC,0,nuc_area
AN00000904_Br8492_Post_Nuc,Excit,0.3064473692620511,nuc_area
AN00000904_Br8492_Post_Nuc,Astro,0,nuc_area
AN00000904_Br8492_Post_Nuc,EndoMural,0.07222871717951557,nuc_area
AN00000904_Br8492_Post_Nuc,Micro,0.0062656428757320954,nuc_area
AN00000904_Br8667_Ant_Bulk,Inhib,0.30587036695590203,nuc_area
AN00000904_Br8667_Ant_Bulk,Oligo,0.3862589050359549,nuc_area
AN00000904_Br8667_Ant_Bulk,OPC,0.005117680225210127,nuc_area
AN00000904_Br8667_Ant_Bulk,Excit,0.14578692430322135,nuc_area
AN00000904_Br8667_Ant_Bulk,Astro,0.07692584822173319,nuc_area
AN00000904_Br8667_Ant_Bulk,EndoMural,0.0726548236916304,nuc_area
AN00000904_Br8667_Ant_Bulk,Micro,0.007385451566348049,nuc_area
AN00000904_Br8667_Ant_Cyto,Inhib,0.12454739163199695,nuc_area
AN00000904_Br8667_Ant_Cyto,Oligo,0.4232642071694174,nuc_area
AN00000904_Br8667_Ant_Cyto,OPC,0.00836468574733104,nuc_area
AN00000904_Br8667_Ant_Cyto,Excit,0.35244568815834904,nuc_area
AN00000904_Br8667_Ant_Cyto,Astro,0.02421259383771453,nuc_area
AN00000904_Br8667_Ant_Cyto,EndoMural,0.045573791524416624,nuc_area
AN00000904_Br8667_Ant_Cyto,Micro,0.021591641930774418,nuc_area
AN00000904_Br8667_Ant_Nuc,Inhib,0.2546917867842688,nuc_area
AN00000904_Br8667_Ant_Nuc,Oligo,0.24625124454458364,nuc_area
AN00000904_Br8667_Ant_Nuc,OPC,0.013042110792856453,nuc_area
AN00000904_Br8667_Ant_Nuc,Excit,0.3617630204502143,nuc_area
AN00000904_Br8667_Ant_Nuc,Astro,0.05350975487010505,nuc_area
AN00000904_Br8667_Ant_Nuc,EndoMural,0.06616729831245596,nuc_area
AN00000904_Br8667_Ant_Nuc,Micro,0.004574784245515747,nuc_area
AN00000904_Br8667_Mid_Bulk,Inhib,0.3883941156207382,nuc_area
AN00000904_Br8667_Mid_Bulk,Oligo,0.1811806980637388,nuc_area
AN00000904_Br8667_Mid_Bulk,OPC,0.006493368285753344,nuc_area
AN00000904_Br8667_Mid_Bulk,Excit,0.22894462831282825,nuc_area
AN00000904_Br8667_Mid_Bulk,Astro,0.08502120647156293,nuc_area
AN00000904_Br8667_Mid_Bulk,EndoMural,0.0980629834236176,nuc_area
AN00000904_Br8667_Mid_Bulk,Micro,0.011902999821760855,nuc_area
AN00000904_Br8667_Mid_Cyto,Inhib,0.2645773333572053,nuc_area
AN00000904_Br8667_Mid_Cyto,Oligo,0.11408027586397529,nuc_area
AN00000904_Br8667_Mid_Cyto,OPC,0.021634730180820894,nuc_area
AN00000904_Br8667_Mid_Cyto,Excit,0.4518391198558658,nuc_area
AN00000904_Br8667_Mid_Cyto,Astro,0.04921408740850488,nuc_area
AN00000904_Br8667_Mid_Cyto,EndoMural,0.08463730077082009,nuc_area
AN00000904_Br8667_Mid_Cyto,Micro,0.01401715256280778,nuc_area
AN00000904_Br8667_Mid_Nuc,Inhib,0.38843401220317164,nuc_area
AN00000904_Br8667_Mid_Nuc,Oligo,0.12910135153590346,nuc_area
AN00000904_Br8667_Mid_Nuc,OPC,0.013661061767612944,nuc_area
AN00000904_Br8667_Mid_Nuc,Excit,0.271239995467788,nuc_area
AN00000904_Br8667_Mid_Nuc,Astro,0.08758573736333104,nuc_area
AN00000904_Br8667_Mid_Nuc,EndoMural,0.10181504238773068,nuc_area
AN00000904_Br8667_Mid_Nuc,Micro,0.008162799274462337,nuc_area
AN00000906_Br2720_Post_Bulk,Inhib,0.34915797478957644,nuc_area
AN00000906_Br2720_Post_Bulk,Oligo,0.15547530794439493,nuc_area
AN00000906_Br2720_Post_Bulk,OPC,0.0035093427426026594,nuc_area
AN00000906_Br2720_Post_Bulk,Excit,0.3768291600845837,nuc_area
AN00000906_Br2720_Post_Bulk,Astro,0.03338783054346786,nuc_area
AN00000906_Br2720_Post_Bulk,EndoMural,0.06370068610275266,nuc_area
AN00000906_Br2720_Post_Bulk,Micro,0.017939697792621737,nuc_area
AN00000906_Br2720_Post_Cyto,Inhib,0.3800146964802579,nuc_area
AN00000906_Br2720_Post_Cyto,Oligo,0.11307211300403695,nuc_area
AN00000906_Br2720_Post_Cyto,OPC,0.005071988261252517,nuc_area
AN00000906_Br2720_Post_Cyto,Excit,0.35843874921781677,nuc_area
AN00000906_Br2720_Post_Cyto,Astro,0.03585712049463461,nuc_area
AN00000906_Br2720_Post_Cyto,EndoMural,0.08856512965362948,nuc_area
AN00000906_Br2720_Post_Cyto,Micro,0.018980202888371895,nuc_area
AN00000906_Br2720_Post_Nuc,Inhib,0.42151175366711846,nuc_area
AN00000906_Br2720_Post_Nuc,Oligo,0.07461116399725026,nuc_area
AN00000906_Br2720_Post_Nuc,OPC,0.02014860339991056,nuc_area
AN00000906_Br2720_Post_Nuc,Excit,0.3500560572056682,nuc_area
AN00000906_Br2720_Post_Nuc,Astro,0.030190294697394725,nuc_area
AN00000906_Br2720_Post_Nuc,EndoMural,0.09146411073955969,nuc_area
AN00000906_Br2720_Post_Nuc,Micro,0.012018016293098115,nuc_area
AN00000906_Br2743_Ant_Bulk,Inhib,0.23430598047348283,nuc_area
AN00000906_Br2743_Ant_Bulk,Oligo,0.33477979664599117,nuc_area
AN00000906_Br2743_Ant_Bulk,OPC,0.03478631027637465,nuc_area
AN00000906_Br2743_Ant_Bulk,Excit,0.3124765354440191,nuc_area
AN00000906_Br2743_Ant_Bulk,Astro,0.03317433472865985,nuc_area
AN00000906_Br2743_Ant_Bulk,EndoMural,0.041284534424684494,nuc_area
AN00000906_Br2743_Ant_Bulk,Micro,0.009192508006787864,nuc_area
AN00000906_Br2743_Ant_Cyto,Inhib,0.3485836859904452,nuc_area
AN00000906_Br2743_Ant_Cyto,Oligo,0.1576925423739022,nuc_area
AN00000906_Br2743_Ant_Cyto,OPC,0.021349630673675537,nuc_area
AN00000906_Br2743_Ant_Cyto,Excit,0.41534671804881435,nuc_area
AN00000906_Br2743_Ant_Cyto,Astro,0.018205270734111035,nuc_area
AN00000906_Br2743_Ant_Cyto,EndoMural,0.03487570652206672,nuc_area
AN00000906_Br2743_Ant_Cyto,Micro,0.00394644565698493,nuc_area
AN00000906_Br2743_Ant_Nuc,Inhib,0.19903429079367044,nuc_area
AN00000906_Br2743_Ant_Nuc,Oligo,0.21847336477996124,nuc_area
AN00000906_Br2743_Ant_Nuc,OPC,0.04026538788651243,nuc_area
AN00000906_Br2743_Ant_Nuc,Excit,0.39126579232336367,nuc_area
AN00000906_Br2743_Ant_Nuc,Astro,0.020072071843922283,nuc_area
AN00000906_Br2743_Ant_Nuc,EndoMural,0.12613344529180542,nuc_area
AN00000906_Br2743_Ant_Nuc,Micro,0.004755647080764431,nuc_area
AN00000906_Br3942_Ant_Bulk,Inhib,0.23534520953770657,nuc_area
AN00000906_Br3942_Ant_Bulk,Oligo,0.06732402450646975,nuc_area
AN00000906_Br3942_Ant_Bulk,OPC,0.009188711184958554,nuc_area
AN00000906_Br3942_Ant_Bulk,Excit,0.43231581236528394,nuc_area
AN00000906_Br3942_Ant_Bulk,Astro,0.15758780276557446,nuc_area
AN00000906_Br3942_Ant_Bulk,EndoMural,0.08057997558940054,nuc_area
AN00000906_Br3942_Ant_Bulk,Micro,0.01765846405060613,nuc_area
AN00000906_Br3942_Ant_Cyto,Inhib,0.20655595988513945,nuc_area
AN00000906_Br3942_Ant_Cyto,Oligo,0.1062005333569973,nuc_area
AN00000906_Br3942_Ant_Cyto,OPC,0.015055504103692973,nuc_area
AN00000906_Br3942_Ant_Cyto,Excit,0.4313741990076657,nuc_area
AN00000906_Br3942_Ant_Cyto,Astro,0.1359008599286618,nuc_area
AN00000906_Br3942_Ant_Cyto,EndoMural,0.08356083325422217,nuc_area
AN00000906_Br3942_Ant_Cyto,Micro,0.021352110463620583,nuc_area
AN00000906_Br3942_Ant_Nuc,Inhib,0.3405900233054808,nuc_area
AN00000906_Br3942_Ant_Nuc,Oligo,0.0632516280821542,nuc_area
AN00000906_Br3942_Ant_Nuc,OPC,0.01073717904495414,nuc_area
AN00000906_Br3942_Ant_Nuc,Excit,0.3273462686887368,nuc_area
AN00000906_Br3942_Ant_Nuc,Astro,0.1582829379250214,nuc_area
AN00000906_Br3942_Ant_Nuc,EndoMural,0.08888837925013253,nuc_area
AN00000906_Br3942_Ant_Nuc,Micro,0.010903583703520084,nuc_area
AN00000906_Br3942_Mid_Bulk,Inhib,0.2264288872695496,nuc_area
AN00000906_Br3942_Mid_Bulk,Oligo,0.11816119779996566,nuc_area
AN00000906_Br3942_Mid_Bulk,OPC,0.0071156249776912475,nuc_area
AN00000906_Br3942_Mid_Bulk,Excit,0.4128097043468296,nuc_area
AN00000906_Br3942_Mid_Bulk,Astro,0.1417089129430314,nuc_area
AN00000906_Br3942_Mid_Bulk,EndoMural,0.07888952941924855,nuc_area
AN00000906_Br3942_Mid_Bulk,Micro,0.014886143243683874,nuc_area
AN00000906_Br3942_Mid_Cyto,Inhib,0.19125415302772503,nuc_area
AN00000906_Br3942_Mid_Cyto,Oligo,0.10581781863010077,nuc_area
AN00000906_Br3942_Mid_Cyto,OPC,0.006606616326160305,nuc_area
AN00000906_Br3942_Mid_Cyto,Excit,0.48937659448520915,nuc_area
AN00000906_Br3942_Mid_Cyto,Astro,0.09983116765517176,nuc_area
AN00000906_Br3942_Mid_Cyto,EndoMural,0.0914557690744089,nuc_area
AN00000906_Br3942_Mid_Cyto,Micro,0.015657880801224152,nuc_area
AN00000906_Br3942_Mid_Nuc,Inhib,0.31155454754480505,nuc_area
AN00000906_Br3942_Mid_Nuc,Oligo,0.1042303103749513,nuc_area
AN00000906_Br3942_Mid_Nuc,OPC,0.017501668016213758,nuc_area
AN00000906_Br3942_Mid_Nuc,Excit,0.3610469235819674,nuc_area
AN00000906_Br3942_Mid_Nuc,Astro,0.10470348346230703,nuc_area
AN00000906_Br3942_Mid_Nuc,EndoMural,0.09176093387732726,nuc_area
AN00000906_Br3942_Mid_Nuc,Micro,0.00920213314242827,nuc_area
AN00000906_Br6423_Ant_Bulk,Inhib,0.24396172017084344,nuc_area
AN00000906_Br6423_Ant_Bulk,Oligo,0.20674674794795758,nuc_area
AN00000906_Br6423_Ant_Bulk,OPC,0.004751819647599447,nuc_area
AN00000906_Br6423_Ant_Bulk,Excit,0.33450891735389676,nuc_area
AN00000906_Br6423_Ant_Bulk,Astro,0.12278440039833194,nuc_area
AN00000906_Br6423_Ant_Bulk,EndoMural,0.07126136084543185,nuc_area
AN00000906_Br6423_Ant_Bulk,Micro,0.01598503363593889,nuc_area
AN00000906_Br6423_Ant_Cyto,Inhib,0.3238874224329874,nuc_area
AN00000906_Br6423_Ant_Cyto,Oligo,0.12844241894022024,nuc_area
AN00000906_Br6423_Ant_Cyto,OPC,0.010340084351652856,nuc_area
AN00000906_Br6423_Ant_Cyto,Excit,0.30553278122588273,nuc_area
AN00000906_Br6423_Ant_Cyto,Astro,0.1267350329543269,nuc_area
AN00000906_Br6423_Ant_Cyto,EndoMural,0.09483144359356149,nuc_area
AN00000906_Br6423_Ant_Cyto,Micro,0.010230816501368294,nuc_area
AN00000906_Br6423_Ant_Nuc,Inhib,0.2876653429616496,nuc_area
AN00000906_Br6423_Ant_Nuc,Oligo,0.18503803189669163,nuc_area
AN00000906_Br6423_Ant_Nuc,OPC,0.011701025010627746,nuc_area
AN00000906_Br6423_Ant_Nuc,Excit,0.33231469111988077,nuc_area
AN00000906_Br6423_Ant_Nuc,Astro,0.09384947895095609,nuc_area
AN00000906_Br6423_Ant_Nuc,EndoMural,0.07700925701746487,nuc_area
AN00000906_Br6423_Ant_Nuc,Micro,0.01242217304272928,nuc_area
AN00000906_Br6423_Post_Bulk,Inhib,0.2566403671861133,nuc_area
AN00000906_Br6423_Post_Bulk,Oligo,0.23440742764607975,nuc_area
AN00000906_Br6423_Post_Bulk,OPC,0.002645586789059391,nuc_area
AN00000906_Br6423_Post_Bulk,Excit,0.27587268017348726,nuc_area
AN00000906_Br6423_Post_Bulk,Astro,0.13364027581050375,nuc_area
AN00000906_Br6423_Post_Bulk,EndoMural,0.07899333780360583,nuc_area
AN00000906_Br6423_Post_Bulk,Micro,0.017800324591150624,nuc_area
AN00000906_Br6423_Post_Cyto,Inhib,0.3508441214624868,nuc_area
AN00000906_Br6423_Post_Cyto,Oligo,0.14941913824088746,nuc_area
AN00000906_Br6423_Post_Cyto,OPC,0.010317095822125108,nuc_area
AN00000906_Br6423_Post_Cyto,Excit,0.2600878537159791,nuc_area
AN00000906_Br6423_Post_Cyto,Astro,0.11345938753215844,nuc_area
AN00000906_Br6423_Post_Cyto,EndoMural,0.10378967913650475,nuc_area
AN00000906_Br6423_Post_Cyto,Micro,0.012082724089858422,nuc_area
AN00000906_Br6423_Post_Nuc,Inhib,0.29882799165502083,nuc_area
AN00000906_Br6423_Post_Nuc,Oligo,0.22825815338769176,nuc_area
AN00000906_Br6423_Post_Nuc,OPC,0.0035044056088016683,nuc_area
AN00000906_Br6423_Post_Nuc,Excit,0.2749360433354013,nuc_area
AN00000906_Br6423_Post_Nuc,Astro,0.08753767018192952,nuc_area
AN00000906_Br6423_Post_Nuc,EndoMural,0.09171016078721961,nuc_area
AN00000906_Br6423_Post_Nuc,Micro,0.01522557504393538,nuc_area
AN00000906_Br6471_Mid_Bulk,Inhib,0.23214742460238835,nuc_area
AN00000906_Br6471_Mid_Bulk,Oligo,0.2848893856065642,nuc_area
AN00000906_Br6471_Mid_Bulk,OPC,0.017073228017537766,nuc_area
AN00000906_Br6471_Mid_Bulk,Excit,0.33524054685525423,nuc_area
AN00000906_Br6471_Mid_Bulk,Astro,0.06103691425661738,nuc_area
AN00000906_Br6471_Mid_Bulk,EndoMural,0.05521023552136357,nuc_area
AN00000906_Br6471_Mid_Bulk,Micro,0.014402265140274498,nuc_area
AN00000906_Br6471_Mid_Cyto,Inhib,0.21591490146699116,nuc_area
AN00000906_Br6471_Mid_Cyto,Oligo,0.39211285341045843,nuc_area
AN00000906_Br6471_Mid_Cyto,OPC,0.009099490634651292,nuc_area
AN00000906_Br6471_Mid_Cyto,Excit,0.2534857987870254,nuc_area
AN00000906_Br6471_Mid_Cyto,Astro,0.053481047902896636,nuc_area
AN00000906_Br6471_Mid_Cyto,EndoMural,0.061093600675870115,nuc_area
AN00000906_Br6471_Mid_Cyto,Micro,0.01481230712210691,nuc_area
AN00000906_Br6471_Mid_Nuc,Inhib,0.20262614340102467,nuc_area
AN00000906_Br6471_Mid_Nuc,Oligo,0.43434461425802895,nuc_area
AN00000906_Br6471_Mid_Nuc,OPC,0.016785100903893728,nuc_area
AN00000906_Br6471_Mid_Nuc,Excit,0.23977180476539947,nuc_area
AN00000906_Br6471_Mid_Nuc,Astro,0.033644178578801844,nuc_area
AN00000906_Br6471_Mid_Nuc,EndoMural,0.06078379206598026,nuc_area
AN00000906_Br6471_Mid_Nuc,Micro,0.012044366026871074,nuc_area
AN00000906_Br6522_Mid_Bulk,Inhib,0.2535289284127536,nuc_area
AN00000906_Br6522_Mid_Bulk,Oligo,0.19410084594261176,nuc_area
AN00000906_Br6522_Mid_Bulk,OPC,0.016813727751240123,nuc_area
AN00000906_Br6522_Mid_Bulk,Excit,0.391953944909472,nuc_area
AN00000906_Br6522_Mid_Bulk,Astro,0.07241130421076047,nuc_area
AN00000906_Br6522_Mid_Bulk,EndoMural,0.05329452072251366,nuc_area
AN00000906_Br6522_Mid_Bulk,Micro,0.01789672805064837,nuc_area
AN00000906_Br6522_Mid_Cyto,Inhib,0.2377256413040793,nuc_area
AN00000906_Br6522_Mid_Cyto,Oligo,0.271376063943361,nuc_area
AN00000906_Br6522_Mid_Cyto,OPC,0.004797322903874926,nuc_area
AN00000906_Br6522_Mid_Cyto,Excit,0.37222503821616654,nuc_area
AN00000906_Br6522_Mid_Cyto,Astro,0.03723939985476648,nuc_area
AN00000906_Br6522_Mid_Cyto,EndoMural,0.06259246927139386,nuc_area
AN00000906_Br6522_Mid_Cyto,Micro,0.014044064506357827,nuc_area
AN00000906_Br6522_Mid_Nuc,Inhib,0.2036541768837118,nuc_area
AN00000906_Br6522_Mid_Nuc,Oligo,0.22584156641673214,nuc_area
AN00000906_Br6522_Mid_Nuc,OPC,0.02905877351907791,nuc_area
AN00000906_Br6522_Mid_Nuc,Excit,0.42749778591851784,nuc_area
AN00000906_Br6522_Mid_Nuc,Astro,0.0356392326928425,nuc_area
AN00000906_Br6522_Mid_Nuc,EndoMural,0.06538765161914534,nuc_area
AN00000906_Br6522_Mid_Nuc,Micro,0.012920812949972403,nuc_area
AN00000906_Br6522_Post_Bulk,Inhib,0.3604445767041679,nuc_area
AN00000906_Br6522_Post_Bulk,Oligo,0.11400156291154982,nuc_area
AN00000906_Br6522_Post_Bulk,OPC,0.014959607738873244,nuc_area
AN00000906_Br6522_Post_Bulk,Excit,0.35503684498855637,nuc_area
AN00000906_Br6522_Post_Bulk,Astro,0.0779208624570546,nuc_area
AN00000906_Br6522_Post_Bulk,EndoMural,0.05878256043542449,nuc_area
AN00000906_Br6522_Post_Bulk,Micro,0.018853984764373496,nuc_area
AN00000906_Br6522_Post_Cyto,Inhib,0.2845766230192365,nuc_area
AN00000906_Br6522_Post_Cyto,Oligo,0.0972173114861931,nuc_area
AN00000906_Br6522_Post_Cyto,OPC,0.008382313900905495,nuc_area
AN00000906_Br6522_Post_Cyto,Excit,0.48542924426017114,nuc_area
AN00000906_Br6522_Post_Cyto,Astro,0.057179710214300974,nuc_area
AN00000906_Br6522_Post_Cyto,EndoMural,0.05181129327854277,nuc_area
AN00000906_Br6522_Post_Cyto,Micro,0.015403503840649977,nuc_area
AN00000906_Br6522_Post_Nuc,Inhib,0.35592954616427386,nuc_area
AN00000906_Br6522_Post_Nuc,Oligo,0.056806573461925344,nuc_area
AN00000906_Br6522_Post_Nuc,OPC,0.007886428083389753,nuc_area
AN00000906_Br6522_Post_Nuc,Excit,0.4337485583720859,nuc_area
AN00000906_Br6522_Post_Nuc,Astro,0.0565438103227528,nuc_area
AN00000906_Br6522_Post_Nuc,EndoMural,0.07887671174193155,nuc_area
AN00000906_Br6522_Post_Nuc,Micro,0.010208371853640751,nuc_area
AN00000906_Br8325_Ant_Bulk,Inhib,0.2923745158752684,nuc_area
AN00000906_Br8325_Ant_Bulk,Oligo,0.06707974877740361,nuc_area
AN00000906_Br8325_Ant_Bulk,OPC,0.014654361226502492,nuc_area
AN00000906_Br8325_Ant_Bulk,Excit,0.41316979787759295,nuc_area
AN00000906_Br8325_Ant_Bulk,Astro,0.12259522937031818,nuc_area
AN00000906_Br8325_Ant_Bulk,EndoMural,0.07447757077603394,nuc_area
AN00000906_Br8325_Ant_Bulk,Micro,0.015648776096880482,nuc_area
AN00000906_Br8325_Ant_Cyto,Inhib,0.3966587421489708,nuc_area
AN00000906_Br8325_Ant_Cyto,Oligo,0.12350036888063051,nuc_area
AN00000906_Br8325_Ant_Cyto,OPC,0.0028489512647081093,nuc_area
AN00000906_Br8325_Ant_Cyto,Excit,0.3037423130556881,nuc_area
AN00000906_Br8325_Ant_Cyto,Astro,0.0753597559089273,nuc_area
AN00000906_Br8325_Ant_Cyto,EndoMural,0.0847125641691898,nuc_area
AN00000906_Br8325_Ant_Cyto,Micro,0.013177304571885418,nuc_area
AN00000906_Br8325_Ant_Nuc,Inhib,0.28161073843532697,nuc_area
AN00000906_Br8325_Ant_Nuc,Oligo,0.10094705714218796,nuc_area
AN00000906_Br8325_Ant_Nuc,OPC,0.021415451495800965,nuc_area
AN00000906_Br8325_Ant_Nuc,Excit,0.4208470580599001,nuc_area
AN00000906_Br8325_Ant_Nuc,Astro,0.0831840339501204,nuc_area
AN00000906_Br8325_Ant_Nuc,EndoMural,0.08188372772422596,nuc_area
AN00000906_Br8325_Ant_Nuc,Micro,0.010111933192437663,nuc_area
AN00000906_Br8325_Mid_Bulk,Inhib,0.07350036897186063,nuc_area
AN00000906_Br8325_Mid_Bulk,Oligo,0.7458692479767808,nuc_area
AN00000906_Br8325_Mid_Bulk,OPC,0.008738520192680945,nuc_area
AN00000906_Br8325_Mid_Bulk,Excit,0.08861857227708178,nuc_area
AN00000906_Br8325_Mid_Bulk,Astro,0.03198715151929537,nuc_area
AN00000906_Br8325_Mid_Bulk,EndoMural,0.03305508322411683,nuc_area
AN00000906_Br8325_Mid_Bulk,Micro,0.018231055838183595,nuc_area
AN00000906_Br8325_Mid_Cyto,Inhib,0.017116340962978864,nuc_area
AN00000906_Br8325_Mid_Cyto,Oligo,0.9336607692804236,nuc_area
AN00000906_Br8325_Mid_Cyto,OPC,0.011711660673924864,nuc_area
AN00000906_Br8325_Mid_Cyto,Excit,0,nuc_area
AN00000906_Br8325_Mid_Cyto,Astro,0,nuc_area
AN00000906_Br8325_Mid_Cyto,EndoMural,0.022191133213941498,nuc_area
AN00000906_Br8325_Mid_Cyto,Micro,0.01532009586873114,nuc_area
AN00000906_Br8325_Mid_Nuc,Inhib,0.012363916108128434,nuc_area
AN00000906_Br8325_Mid_Nuc,Oligo,0.9351026828494418,nuc_area
AN00000906_Br8325_Mid_Nuc,OPC,0.014711502366299376,nuc_area
AN00000906_Br8325_Mid_Nuc,Excit,0,nuc_area
AN00000906_Br8325_Mid_Nuc,Astro,0,nuc_area
AN00000906_Br8325_Mid_Nuc,EndoMural,0.02179739192594779,nuc_area
AN00000906_Br8325_Mid_Nuc,Micro,0.016024506750182736,nuc_area
AN00000906_Br8492_Mid_Bulk,Inhib,0.2388584136758795,nuc_area
AN00000906_Br8492_Mid_Bulk,Oligo,0.25404670745920577,nuc_area
AN00000906_Br8492_Mid_Bulk,OPC,6.237902797734273e-4,nuc_area
AN00000906_Br8492_Mid_Bulk,Excit,0.409826842395887,nuc_area
AN00000906_Br8492_Mid_Bulk,Astro,0.029497060231512804,nuc_area
AN00000906_Br8492_Mid_Bulk,EndoMural,0.05027070900927537,nuc_area
AN00000906_Br8492_Mid_Bulk,Micro,0.016876476948466064,nuc_area
AN00000906_Br8492_Mid_Cyto,Inhib,0.28928525065624333,nuc_area
AN00000906_Br8492_Mid_Cyto,Oligo,0.26536964727752,nuc_area
AN00000906_Br8492_Mid_Cyto,OPC,0,nuc_area
AN00000906_Br8492_Mid_Cyto,Excit,0.3762119940239624,nuc_area
AN00000906_Br8492_Mid_Cyto,Astro,0.01185688717487217,nuc_area
AN00000906_Br8492_Mid_Cyto,EndoMural,0.047115462875318447,nuc_area
AN00000906_Br8492_Mid_Cyto,Micro,0.010160757992083724,nuc_area
AN00000906_Br8492_Post_Bulk,Inhib,0.27954928268653295,nuc_area
AN00000906_Br8492_Post_Bulk,Oligo,0.22865818768860174,nuc_area
AN00000906_Br8492_Post_Bulk,OPC,0,nuc_area
AN00000906_Br8492_Post_Bulk,Excit,0.3992973006958536,nuc_area
AN00000906_Br8492_Post_Bulk,Astro,0.01915723270448186,nuc_area
AN00000906_Br8492_Post_Bulk,EndoMural,0.05897785702407333,nuc_area
AN00000906_Br8492_Post_Bulk,Micro,0.014360139200456559,nuc_area
AN00000906_Br8492_Post_Cyto,Inhib,0.23597569507096394,nuc_area
AN00000906_Br8492_Post_Cyto,Oligo,0.2624816160448041,nuc_area
AN00000906_Br8492_Post_Cyto,OPC,0.00800514506020987,nuc_area
AN00000906_Br8492_Post_Cyto,Excit,0.40197450798859824,nuc_area
AN00000906_Br8492_Post_Cyto,Astro,0.021145337743897603,nuc_area
AN00000906_Br8492_Post_Cyto,EndoMural,0.05835110767079367,nuc_area
AN00000906_Br8492_Post_Cyto,Micro,0.01206659042073259,nuc_area
AN00000906_Br8492_Post_Nuc,Inhib,0.30217901050641316,nuc_area
AN00000906_Br8492_Post_Nuc,Oligo,0.23259705080856627,nuc_area
AN00000906_Br8492_Post_Nuc,OPC,0,nuc_area
AN00000906_Br8492_Post_Nuc,Excit,0.3327072885674059,nuc_area
AN00000906_Br8492_Post_Nuc,Astro,0.014724443691083895,nuc_area
AN00000906_Br8492_Post_Nuc,EndoMural,0.10513294470669875,nuc_area
AN00000906_Br8492_Post_Nuc,Micro,0.012659261719831968,nuc_area
AN00000906_Br8667_Ant_Bulk,Inhib,0.23620571163370171,nuc_area
AN00000906_Br8667_Ant_Bulk,Oligo,0.1931351998678538,nuc_area
AN00000906_Br8667_Ant_Bulk,OPC,0.002920213531173915,nuc_area
AN00000906_Br8667_Ant_Bulk,Excit,0.37729279624860657,nuc_area
AN00000906_Br8667_Ant_Bulk,Astro,0.11245191817379144,nuc_area
AN00000906_Br8667_Ant_Bulk,EndoMural,0.05781341743906621,nuc_area
AN00000906_Br8667_Ant_Bulk,Micro,0.020180743105806347,nuc_area
AN00000906_Br8667_Ant_Cyto,Inhib,0.25119758309928075,nuc_area
AN00000906_Br8667_Ant_Cyto,Oligo,0.17415475633572672,nuc_area
AN00000906_Br8667_Ant_Cyto,OPC,0,nuc_area
AN00000906_Br8667_Ant_Cyto,Excit,0.41487368658582086,nuc_area
AN00000906_Br8667_Ant_Cyto,Astro,0.08214300514577799,nuc_area
AN00000906_Br8667_Ant_Cyto,EndoMural,0.06153179266444782,nuc_area
AN00000906_Br8667_Ant_Cyto,Micro,0.016099176168945854,nuc_area
AN00000906_Br8667_Ant_Nuc,Inhib,0.32177925795422513,nuc_area
AN00000906_Br8667_Ant_Nuc,Oligo,0.20346723229240163,nuc_area
AN00000906_Br8667_Ant_Nuc,OPC,4.705585659086809e-4,nuc_area
AN00000906_Br8667_Ant_Nuc,Excit,0.28754285212930064,nuc_area
AN00000906_Br8667_Ant_Nuc,Astro,0.10498938503149827,nuc_area
AN00000906_Br8667_Ant_Nuc,EndoMural,0.06884778358645242,nuc_area
AN00000906_Br8667_Ant_Nuc,Micro,0.012902930440213218,nuc_area
AN00000906_Br8667_Mid_Bulk,Inhib,0.2643014254498039,nuc_area
AN00000906_Br8667_Mid_Bulk,Oligo,0.08687749814132185,nuc_area
AN00000906_Br8667_Mid_Bulk,OPC,0.005360436473528897,nuc_area
AN00000906_Br8667_Mid_Bulk,Excit,0.38668508779585725,nuc_area
AN00000906_Br8667_Mid_Bulk,Astro,0.16482883577916724,nuc_area
AN00000906_Br8667_Mid_Bulk,EndoMural,0.07184223616890885,nuc_area
AN00000906_Br8667_Mid_Bulk,Micro,0.020104480191412002,nuc_area
AN00000906_Br8667_Mid_Cyto,Inhib,0.27249753984785163,nuc_area
AN00000906_Br8667_Mid_Cyto,Oligo,0.06318512941611103,nuc_area
AN00000906_Br8667_Mid_Cyto,OPC,0.0018060310311537166,nuc_area
AN00000906_Br8667_Mid_Cyto,Excit,0.3738466773369849,nuc_area
AN00000906_Br8667_Mid_Cyto,Astro,0.1496835682228717,nuc_area
AN00000906_Br8667_Mid_Cyto,EndoMural,0.1167952492156494,nuc_area
AN00000906_Br8667_Mid_Cyto,Micro,0.022185804929377537,nuc_area
AN00000906_Br8667_Mid_Nuc,Inhib,0.42450415893788174,nuc_area
AN00000906_Br8667_Mid_Nuc,Oligo,0.037579249163477255,nuc_area
AN00000906_Br8667_Mid_Nuc,OPC,0,nuc_area
AN00000906_Br8667_Mid_Nuc,Excit,0.2989907769265004,nuc_area
AN00000906_Br8667_Mid_Nuc,Astro,0.13727873766519674,nuc_area
AN00000906_Br8667_Mid_Nuc,EndoMural,0.08696620977000845,nuc_area
AN00000906_Br8667_Mid_Nuc,Micro,0.014680867536935488,nuc_area
